/*
 Navicat Premium Data Transfer

 Source Server         : docker
 Source Server Type    : MySQL
 Source Server Version : 80041
 Source Host           : localhost:3307
 Source Schema         : Attendance_System

 Target Server Type    : MySQL
 Target Server Version : 80041
 File Encoding         : 65001

 Date: 14/04/2025 02:15:50
*/

SET NAMES utf8mb4;
SET FOREIGN_KEY_CHECKS = 0;

-- ----------------------------
-- Table structure for t_department
-- ----------------------------
DROP TABLE IF EXISTS `t_department`;
CREATE TABLE `t_department`  (
  `department_id` int NOT NULL AUTO_INCREMENT,
  `department_name` varchar(255) CHARACTER SET utf8mb4 COLLATE utf8mb4_zh_0900_as_cs NOT NULL,
  `department_code` varchar(255) CHARACTER SET utf8mb4 COLLATE utf8mb4_zh_0900_as_cs NOT NULL,
  PRIMARY KEY (`department_id`) USING BTREE
) ENGINE = InnoDB CHARACTER SET = utf8mb4 COLLATE = utf8mb4_zh_0900_as_cs ROW_FORMAT = Dynamic;

-- ----------------------------
-- Records of t_department
-- ----------------------------
INSERT INTO `t_department` VALUES (1, '營運組織', 'OP000');
INSERT INTO `t_department` VALUES (2, '晶圓廠營運處', 'OP100');
INSERT INTO `t_department` VALUES (3, '晶圓一廠', 'OP110');
INSERT INTO `t_department` VALUES (4, '晶圓二廠', 'OP120');
INSERT INTO `t_department` VALUES (5, '晶圓三廠', 'OP130');
INSERT INTO `t_department` VALUES (6, '製程整合處', 'OP200');
INSERT INTO `t_department` VALUES (7, '製程整合一科', 'OP210');
INSERT INTO `t_department` VALUES (8, '製程整合二科', 'OP220');
INSERT INTO `t_department` VALUES (9, '研發組織', 'RD000');
INSERT INTO `t_department` VALUES (10, '先進製程研發處', 'RD100');
INSERT INTO `t_department` VALUES (11, '先進製程研發一科', 'RD110');
INSERT INTO `t_department` VALUES (12, '先進製程研發二科', 'RD120');
INSERT INTO `t_department` VALUES (13, '元件研發處', 'RD200');
INSERT INTO `t_department` VALUES (14, '元件研發一科', 'RD210');
INSERT INTO `t_department` VALUES (15, '元件研發二科', 'RD220');
INSERT INTO `t_department` VALUES (16, '業務組織', 'SA000');
INSERT INTO `t_department` VALUES (17, '客戶服務處', 'SA100');
INSERT INTO `t_department` VALUES (18, '客戶服務一科', 'SA110');
INSERT INTO `t_department` VALUES (19, '客戶服務二科', 'SA120');
INSERT INTO `t_department` VALUES (20, '業務發展處', 'SA200');
INSERT INTO `t_department` VALUES (21, '業務發展一科', 'SA210');
INSERT INTO `t_department` VALUES (22, '業務發展二科', 'SA220');
INSERT INTO `t_department` VALUES (23, '行政組織', 'AD000');
INSERT INTO `t_department` VALUES (24, '人力資源處', 'AD100');
INSERT INTO `t_department` VALUES (25, '人資規劃科', 'AD110');
INSERT INTO `t_department` VALUES (26, '人才發展科', 'AD120');
INSERT INTO `t_department` VALUES (27, '財務處', 'AD200');
INSERT INTO `t_department` VALUES (28, '會計科', 'AD210');
INSERT INTO `t_department` VALUES (29, '財務規劃科', 'AD220');
INSERT INTO `t_department` VALUES (30, '法務處', 'AD300');
INSERT INTO `t_department` VALUES (31, '法務一科', 'AD310');
INSERT INTO `t_department` VALUES (32, '法務二科', 'AD320');
INSERT INTO `t_department` VALUES (33, '資訊技術組織', 'IT000');
INSERT INTO `t_department` VALUES (34, '資訊系統處', 'IT100');
INSERT INTO `t_department` VALUES (35, '企業系統科', 'IT110');
INSERT INTO `t_department` VALUES (36, '製造系統科', 'IT120');
INSERT INTO `t_department` VALUES (37, '資訊安全科', 'IT130');
INSERT INTO `t_department` VALUES (38, '基礎設施處', 'IT200');
INSERT INTO `t_department` VALUES (39, '網路管理科', 'IT210');
INSERT INTO `t_department` VALUES (40, '伺服器管理科', 'IT220');

-- ----------------------------
-- Table structure for t_employee
-- ----------------------------
DROP TABLE IF EXISTS `t_employee`;
CREATE TABLE `t_employee`  (
  `employee_id` int NOT NULL AUTO_INCREMENT COMMENT '員工ID (自動增加)',
  `employee_code` varchar(255) CHARACTER SET utf8mb4 COLLATE utf8mb4_zh_0900_as_cs NOT NULL,
  `employee_name` varchar(255) CHARACTER SET utf8mb4 COLLATE utf8mb4_zh_0900_as_cs NOT NULL,
  `password` varchar(255) CHARACTER SET utf8mb4 COLLATE utf8mb4_zh_0900_as_cs NOT NULL,
  `department_id` int NOT NULL COMMENT '部門ID',
  `position_id` int NOT NULL COMMENT '職位ID',
  `supervisor_id` int NULL DEFAULT NULL COMMENT '上級主管ID，最高層主管為NULL',
  `hire_date` date NOT NULL,
  `months_of_service` int NOT NULL COMMENT '服務月資(月)',
  PRIMARY KEY (`employee_id`) USING BTREE,
  INDEX `fk_supervisor_id`(`supervisor_id` ASC) USING BTREE,
  INDEX `fk_department_id`(`department_id` ASC) USING BTREE,
  INDEX `fk_position_id`(`position_id` ASC) USING BTREE,
  CONSTRAINT `fk_department_id` FOREIGN KEY (`department_id`) REFERENCES `t_department` (`department_id`) ON DELETE RESTRICT ON UPDATE RESTRICT,
  CONSTRAINT `fk_position_id` FOREIGN KEY (`position_id`) REFERENCES `t_position` (`position_id`) ON DELETE RESTRICT ON UPDATE RESTRICT,
  CONSTRAINT `fk_supervisor_id` FOREIGN KEY (`supervisor_id`) REFERENCES `t_employee` (`employee_id`) ON DELETE RESTRICT ON UPDATE RESTRICT
) ENGINE = InnoDB AUTO_INCREMENT = 1 CHARACTER SET = utf8mb4 COLLATE = utf8mb4_zh_0900_as_cs ROW_FORMAT = Dynamic;

-- ----------------------------
-- Records of t_employee
-- ----------------------------
INSERT INTO `t_employee` VALUES (1, 'TSMOP0000001', '洪怡萱', '$2a$10$vIc0z2ZBJYNDMNr2SZUTiOfT2H/d5pnbckj.NVFNJG38f7nt0UTbu', 1, 4, NULL, '2014-01-10', 137);
INSERT INTO `t_employee` VALUES (2, 'TSMOP1000002', '潘佳慧', '$2a$10$vIc0z2ZBJYNDMNr2SZUTiOfT2H/d5pnbckj.NVFNJG38f7nt0UTbu', 2, 6, 1, '2015-07-03', 119);
INSERT INTO `t_employee` VALUES (3, 'TSMOP1100003', '曹雅慧', '$2a$10$vIc0z2ZBJYNDMNr2SZUTiOfT2H/d5pnbckj.NVFNJG38f7nt0UTbu', 3, 9, 2, '2020-10-25', 54);
INSERT INTO `t_employee` VALUES (4, 'TSMOP1200004', '張羽', '$2a$10$vIc0z2ZBJYNDMNr2SZUTiOfT2H/d5pnbckj.NVFNJG38f7nt0UTbu', 4, 9, 2, '2011-04-22', 170);
INSERT INTO `t_employee` VALUES (5, 'TSMOP1300005', '李美琪', '$2a$10$vIc0z2ZBJYNDMNr2SZUTiOfT2H/d5pnbckj.NVFNJG38f7nt0UTbu', 5, 9, 2, '2019-11-28', 65);
INSERT INTO `t_employee` VALUES (6, 'TSMOP2000006', '陳宜庭', '$2a$10$vIc0z2ZBJYNDMNr2SZUTiOfT2H/d5pnbckj.NVFNJG38f7nt0UTbu', 6, 6, 1, '2016-06-10', 107);
INSERT INTO `t_employee` VALUES (7, 'TSMOP2100007', '劉承翰', '$2a$10$vIc0z2ZBJYNDMNr2SZUTiOfT2H/d5pnbckj.NVFNJG38f7nt0UTbu', 7, 9, 6, '2013-11-18', 138);
INSERT INTO `t_employee` VALUES (8, 'TSMOP2200008', '陳淑華', '$2a$10$vIc0z2ZBJYNDMNr2SZUTiOfT2H/d5pnbckj.NVFNJG38f7nt0UTbu', 8, 9, 6, '2012-01-25', 160);
INSERT INTO `t_employee` VALUES (9, 'TSMRD0000009', '李冠宇', '$2a$10$vIc0z2ZBJYNDMNr2SZUTiOfT2H/d5pnbckj.NVFNJG38f7nt0UTbu', 9, 4, NULL, '2010-04-12', 182);
INSERT INTO `t_employee` VALUES (10, 'TSMRD1000010', '王瑋婷', '$2a$10$vIc0z2ZBJYNDMNr2SZUTiOfT2H/d5pnbckj.NVFNJG38f7nt0UTbu', 10, 6, 9, '2011-10-22', 164);
INSERT INTO `t_employee` VALUES (11, 'TSMRD1100011', '張靜宜', '$2a$10$vIc0z2ZBJYNDMNr2SZUTiOfT2H/d5pnbckj.NVFNJG38f7nt0UTbu', 11, 9, 10, '2017-10-19', 91);
INSERT INTO `t_employee` VALUES (12, 'TSMRD1200012', '錢淑華', '$2a$10$vIc0z2ZBJYNDMNr2SZUTiOfT2H/d5pnbckj.NVFNJG38f7nt0UTbu', 12, 9, 10, '2011-05-09', 169);
INSERT INTO `t_employee` VALUES (13, 'TSMRD2000013', '徐怡安', '$2a$10$vIc0z2ZBJYNDMNr2SZUTiOfT2H/d5pnbckj.NVFNJG38f7nt0UTbu', 13, 6, 9, '2010-11-07', 175);
INSERT INTO `t_employee` VALUES (14, 'TSMRD2100014', '何宗翰', '$2a$10$vIc0z2ZBJYNDMNr2SZUTiOfT2H/d5pnbckj.NVFNJG38f7nt0UTbu', 14, 9, 13, '2016-02-21', 111);
INSERT INTO `t_employee` VALUES (15, 'TSMRD2200015', '劉怡萱', '$2a$10$vIc0z2ZBJYNDMNr2SZUTiOfT2H/d5pnbckj.NVFNJG38f7nt0UTbu', 15, 9, 13, '2015-11-08', 114);
INSERT INTO `t_employee` VALUES (16, 'TSMSA0000016', '馬美玲', '$2a$10$vIc0z2ZBJYNDMNr2SZUTiOfT2H/d5pnbckj.NVFNJG38f7nt0UTbu', 16, 4, NULL, '2018-08-05', 81);
INSERT INTO `t_employee` VALUES (17, 'TSMSA1000017', '楊琬婷', '$2a$10$vIc0z2ZBJYNDMNr2SZUTiOfT2H/d5pnbckj.NVFNJG38f7nt0UTbu', 17, 6, 16, '2017-07-19', 94);
INSERT INTO `t_employee` VALUES (18, 'TSMSA1100018', '李瑋婷', '$2a$10$vIc0z2ZBJYNDMNr2SZUTiOfT2H/d5pnbckj.NVFNJG38f7nt0UTbu', 18, 9, 17, '2017-01-04', 100);
INSERT INTO `t_employee` VALUES (19, 'TSMSA1200019', '喬慧君', '$2a$10$vIc0z2ZBJYNDMNr2SZUTiOfT2H/d5pnbckj.NVFNJG38f7nt0UTbu', 19, 9, 17, '2013-10-18', 139);
INSERT INTO `t_employee` VALUES (20, 'TSMSA2000020', '盧怡伶', '$2a$10$vIc0z2ZBJYNDMNr2SZUTiOfT2H/d5pnbckj.NVFNJG38f7nt0UTbu', 20, 6, 16, '2017-12-24', 88);
INSERT INTO `t_employee` VALUES (21, 'TSMSA2100021', '江雅惠', '$2a$10$vIc0z2ZBJYNDMNr2SZUTiOfT2H/d5pnbckj.NVFNJG38f7nt0UTbu', 21, 9, 20, '2010-07-01', 180);
INSERT INTO `t_employee` VALUES (22, 'TSMSA2200022', '蒲威廷', '$2a$10$vIc0z2ZBJYNDMNr2SZUTiOfT2H/d5pnbckj.NVFNJG38f7nt0UTbu', 22, 9, 20, '2011-12-03', 162);
INSERT INTO `t_employee` VALUES (23, 'TSMAD0000023', '宋惠如', '$2a$10$vIc0z2ZBJYNDMNr2SZUTiOfT2H/d5pnbckj.NVFNJG38f7nt0UTbu', 23, 4, NULL, '2015-06-14', 119);
INSERT INTO `t_employee` VALUES (24, 'TSMAD1000024', '張欣怡', '$2a$10$vIc0z2ZBJYNDMNr2SZUTiOfT2H/d5pnbckj.NVFNJG38f7nt0UTbu', 24, 6, 23, '2017-02-09', 99);
INSERT INTO `t_employee` VALUES (25, 'TSMAD1100025', '張佳慧', '$2a$10$vIc0z2ZBJYNDMNr2SZUTiOfT2H/d5pnbckj.NVFNJG38f7nt0UTbu', 25, 9, 24, '2010-09-01', 177);
INSERT INTO `t_employee` VALUES (26, 'TSMAD1200026', '何家銘', '$2a$10$vIc0z2ZBJYNDMNr2SZUTiOfT2H/d5pnbckj.NVFNJG38f7nt0UTbu', 26, 9, 24, '2011-05-14', 169);
INSERT INTO `t_employee` VALUES (27, 'TSMAD2000027', '謝詩婷', '$2a$10$vIc0z2ZBJYNDMNr2SZUTiOfT2H/d5pnbckj.NVFNJG38f7nt0UTbu', 27, 6, 23, '2017-11-24', 89);
INSERT INTO `t_employee` VALUES (28, 'TSMAD2100028', '侯瑋婷', '$2a$10$vIc0z2ZBJYNDMNr2SZUTiOfT2H/d5pnbckj.NVFNJG38f7nt0UTbu', 28, 9, 27, '2019-08-28', 68);
INSERT INTO `t_employee` VALUES (29, 'TSMAD2200029', '余淑惠', '$2a$10$vIc0z2ZBJYNDMNr2SZUTiOfT2H/d5pnbckj.NVFNJG38f7nt0UTbu', 29, 9, 27, '2014-10-26', 127);
INSERT INTO `t_employee` VALUES (30, 'TSMAD3000030', '李庭瑋', '$2a$10$vIc0z2ZBJYNDMNr2SZUTiOfT2H/d5pnbckj.NVFNJG38f7nt0UTbu', 30, 6, 23, '2010-10-27', 176);
INSERT INTO `t_employee` VALUES (31, 'TSMAD3100031', '王怡婷', '$2a$10$vIc0z2ZBJYNDMNr2SZUTiOfT2H/d5pnbckj.NVFNJG38f7nt0UTbu', 31, 9, 30, '2010-08-09', 178);
INSERT INTO `t_employee` VALUES (32, 'TSMAD3200032', '李冠廷', '$2a$10$vIc0z2ZBJYNDMNr2SZUTiOfT2H/d5pnbckj.NVFNJG38f7nt0UTbu', 32, 9, 30, '2018-11-07', 78);
INSERT INTO `t_employee` VALUES (33, 'TSMIT0000033', '何郁雯', '$2a$10$vIc0z2ZBJYNDMNr2SZUTiOfT2H/d5pnbckj.NVFNJG38f7nt0UTbu', 33, 4, NULL, '2012-04-03', 158);
INSERT INTO `t_employee` VALUES (34, 'TSMIT1000034', '王中山', '$2a$10$vIc0z2ZBJYNDMNr2SZUTiOfT2H/d5pnbckj.NVFNJG38f7nt0UTbu', 34, 6, 33, '2016-01-02', 112);
INSERT INTO `t_employee` VALUES (35, 'TSMIT1100035', '吳心怡', '$2a$10$vIc0z2ZBJYNDMNr2SZUTiOfT2H/d5pnbckj.NVFNJG38f7nt0UTbu', 35, 9, 34, '2020-09-24', 55);
INSERT INTO `t_employee` VALUES (36, 'TSMIT1200036', '曹冠廷', '$2a$10$vIc0z2ZBJYNDMNr2SZUTiOfT2H/d5pnbckj.NVFNJG38f7nt0UTbu', 36, 9, 34, '2017-08-13', 93);
INSERT INTO `t_employee` VALUES (37, 'TSMIT1300037', '李中山', '$2a$10$vIc0z2ZBJYNDMNr2SZUTiOfT2H/d5pnbckj.NVFNJG38f7nt0UTbu', 37, 9, 34, '2015-12-23', 113);
INSERT INTO `t_employee` VALUES (38, 'TSMIT2000038', '張雅文', '$2a$10$vIc0z2ZBJYNDMNr2SZUTiOfT2H/d5pnbckj.NVFNJG38f7nt0UTbu', 38, 6, 33, '2013-07-23', 142);
INSERT INTO `t_employee` VALUES (39, 'TSMIT2100039', '李怡萱', '$2a$10$vIc0z2ZBJYNDMNr2SZUTiOfT2H/d5pnbckj.NVFNJG38f7nt0UTbu', 39, 9, 38, '2019-03-20', 73);
INSERT INTO `t_employee` VALUES (40, 'TSMIT2200040', '王佩君', '$2a$10$vIc0z2ZBJYNDMNr2SZUTiOfT2H/d5pnbckj.NVFNJG38f7nt0UTbu', 40, 9, 38, '2012-04-17', 158);
INSERT INTO `t_employee` VALUES (41, 'TSMOP0000041', '陶靜怡', '$2a$10$vIc0z2ZBJYNDMNr2SZUTiOfT2H/d5pnbckj.NVFNJG38f7nt0UTbu', 1, 12, 1, '2021-06-25', 46);
INSERT INTO `t_employee` VALUES (42, 'TSMOP0000042', '趙婉婷', '$2a$10$vIc0z2ZBJYNDMNr2SZUTiOfT2H/d5pnbckj.NVFNJG38f7nt0UTbu', 1, 17, 1, '2021-12-25', 40);
INSERT INTO `t_employee` VALUES (43, 'TSMOP1000043', '尹志偉', '$2a$10$vIc0z2ZBJYNDMNr2SZUTiOfT2H/d5pnbckj.NVFNJG38f7nt0UTbu', 2, 18, 2, '2016-02-14', 111);
INSERT INTO `t_employee` VALUES (44, 'TSMOP1000044', '張雅惠', '$2a$10$vIc0z2ZBJYNDMNr2SZUTiOfT2H/d5pnbckj.NVFNJG38f7nt0UTbu', 2, 19, 2, '2020-10-25', 54);
INSERT INTO `t_employee` VALUES (45, 'TSMOP1000045', '李淑芬', '$2a$10$vIc0z2ZBJYNDMNr2SZUTiOfT2H/d5pnbckj.NVFNJG38f7nt0UTbu', 2, 14, 2, '2020-09-10', 55);
INSERT INTO `t_employee` VALUES (46, 'TSMOP1000046', '王雅涵', '$2a$10$vIc0z2ZBJYNDMNr2SZUTiOfT2H/d5pnbckj.NVFNJG38f7nt0UTbu', 2, 19, 2, '2016-10-03', 103);
INSERT INTO `t_employee` VALUES (47, 'TSMOP1100047', '鄭依婷', '$2a$10$vIc0z2ZBJYNDMNr2SZUTiOfT2H/d5pnbckj.NVFNJG38f7nt0UTbu', 3, 16, 3, '2015-08-15', 117);
INSERT INTO `t_employee` VALUES (48, 'TSMOP1100048', '齊家瑋', '$2a$10$vIc0z2ZBJYNDMNr2SZUTiOfT2H/d5pnbckj.NVFNJG38f7nt0UTbu', 3, 15, 3, '2022-01-04', 39);
INSERT INTO `t_employee` VALUES (49, 'TSMOP1100049', '陳淑玲', '$2a$10$vIc0z2ZBJYNDMNr2SZUTiOfT2H/d5pnbckj.NVFNJG38f7nt0UTbu', 3, 13, 3, '2019-11-08', 66);
INSERT INTO `t_employee` VALUES (50, 'TSMOP1100050', '陳佳樺', '$2a$10$vIc0z2ZBJYNDMNr2SZUTiOfT2H/d5pnbckj.NVFNJG38f7nt0UTbu', 3, 14, 3, '2018-07-23', 81);
INSERT INTO `t_employee` VALUES (51, 'TSMOP1100051', '韓志宏', '$2a$10$vIc0z2ZBJYNDMNr2SZUTiOfT2H/d5pnbckj.NVFNJG38f7nt0UTbu', 3, 18, 3, '2021-06-04', 46);
INSERT INTO `t_employee` VALUES (52, 'TSMOP1100052', '李哲瑋', '$2a$10$vIc0z2ZBJYNDMNr2SZUTiOfT2H/d5pnbckj.NVFNJG38f7nt0UTbu', 3, 19, 3, '2022-07-12', 33);
INSERT INTO `t_employee` VALUES (53, 'TSMOP1100053', '陳怡安', '$2a$10$vIc0z2ZBJYNDMNr2SZUTiOfT2H/d5pnbckj.NVFNJG38f7nt0UTbu', 3, 12, 3, '2015-02-07', 123);
INSERT INTO `t_employee` VALUES (54, 'TSMOP1100054', '遊承翰', '$2a$10$vIc0z2ZBJYNDMNr2SZUTiOfT2H/d5pnbckj.NVFNJG38f7nt0UTbu', 3, 17, 3, '2018-11-09', 78);
INSERT INTO `t_employee` VALUES (55, 'TSMOP1100055', '楊建宏', '$2a$10$vIc0z2ZBJYNDMNr2SZUTiOfT2H/d5pnbckj.NVFNJG38f7nt0UTbu', 3, 14, 3, '2022-06-07', 34);
INSERT INTO `t_employee` VALUES (56, 'TSMOP1100056', '闞淑玲', '$2a$10$vIc0z2ZBJYNDMNr2SZUTiOfT2H/d5pnbckj.NVFNJG38f7nt0UTbu', 3, 12, 3, '2019-03-07', 74);
INSERT INTO `t_employee` VALUES (57, 'TSMOP1100057', '何雅玲', '$2a$10$vIc0z2ZBJYNDMNr2SZUTiOfT2H/d5pnbckj.NVFNJG38f7nt0UTbu', 3, 14, 3, '2020-07-16', 57);
INSERT INTO `t_employee` VALUES (58, 'TSMOP1100058', '胡雅萍', '$2a$10$vIc0z2ZBJYNDMNr2SZUTiOfT2H/d5pnbckj.NVFNJG38f7nt0UTbu', 3, 16, 3, '2017-08-20', 93);
INSERT INTO `t_employee` VALUES (59, 'TSMOP1100059', '劉家銘', '$2a$10$vIc0z2ZBJYNDMNr2SZUTiOfT2H/d5pnbckj.NVFNJG38f7nt0UTbu', 3, 19, 3, '2016-05-05', 108);
INSERT INTO `t_employee` VALUES (60, 'TSMOP1200060', '劉美玲', '$2a$10$vIc0z2ZBJYNDMNr2SZUTiOfT2H/d5pnbckj.NVFNJG38f7nt0UTbu', 4, 12, 4, '2022-07-11', 33);
INSERT INTO `t_employee` VALUES (61, 'TSMOP1200061', '黃志偉', '$2a$10$vIc0z2ZBJYNDMNr2SZUTiOfT2H/d5pnbckj.NVFNJG38f7nt0UTbu', 4, 17, 4, '2015-09-02', 117);
INSERT INTO `t_employee` VALUES (62, 'TSMOP1200062', '鄒婷婷', '$2a$10$vIc0z2ZBJYNDMNr2SZUTiOfT2H/d5pnbckj.NVFNJG38f7nt0UTbu', 4, 17, 4, '2018-06-12', 83);
INSERT INTO `t_employee` VALUES (63, 'TSMOP1200063', '白怡伶', '$2a$10$vIc0z2ZBJYNDMNr2SZUTiOfT2H/d5pnbckj.NVFNJG38f7nt0UTbu', 4, 19, 4, '2018-11-22', 77);
INSERT INTO `t_employee` VALUES (64, 'TSMOP1200064', '黃惠如', '$2a$10$vIc0z2ZBJYNDMNr2SZUTiOfT2H/d5pnbckj.NVFNJG38f7nt0UTbu', 4, 15, 4, '2016-05-02', 108);
INSERT INTO `t_employee` VALUES (65, 'TSMOP1200065', '鄧雅萍', '$2a$10$vIc0z2ZBJYNDMNr2SZUTiOfT2H/d5pnbckj.NVFNJG38f7nt0UTbu', 4, 18, 4, '2017-06-17', 95);
INSERT INTO `t_employee` VALUES (66, 'TSMOP1200066', '胡雅涵', '$2a$10$vIc0z2ZBJYNDMNr2SZUTiOfT2H/d5pnbckj.NVFNJG38f7nt0UTbu', 4, 18, 4, '2020-11-07', 53);
INSERT INTO `t_employee` VALUES (67, 'TSMOP1200067', '田淑娟', '$2a$10$vIc0z2ZBJYNDMNr2SZUTiOfT2H/d5pnbckj.NVFNJG38f7nt0UTbu', 4, 17, 4, '2016-10-09', 103);
INSERT INTO `t_employee` VALUES (68, 'TSMOP1200068', '張筱涵', '$2a$10$vIc0z2ZBJYNDMNr2SZUTiOfT2H/d5pnbckj.NVFNJG38f7nt0UTbu', 4, 19, 4, '2020-03-21', 61);
INSERT INTO `t_employee` VALUES (69, 'TSMOP1200069', '吳龍', '$2a$10$vIc0z2ZBJYNDMNr2SZUTiOfT2H/d5pnbckj.NVFNJG38f7nt0UTbu', 4, 16, 4, '2021-04-02', 49);
INSERT INTO `t_employee` VALUES (70, 'TSMOP1200070', '鄧龍', '$2a$10$vIc0z2ZBJYNDMNr2SZUTiOfT2H/d5pnbckj.NVFNJG38f7nt0UTbu', 4, 19, 4, '2019-06-11', 71);
INSERT INTO `t_employee` VALUES (71, 'TSMOP1200071', '李詩涵', '$2a$10$vIc0z2ZBJYNDMNr2SZUTiOfT2H/d5pnbckj.NVFNJG38f7nt0UTbu', 4, 12, 4, '2021-01-21', 51);
INSERT INTO `t_employee` VALUES (72, 'TSMOP1200072', '張佳玲', '$2a$10$vIc0z2ZBJYNDMNr2SZUTiOfT2H/d5pnbckj.NVFNJG38f7nt0UTbu', 4, 19, 4, '2017-04-01', 97);
INSERT INTO `t_employee` VALUES (73, 'TSMOP1200073', '唐雅筑', '$2a$10$vIc0z2ZBJYNDMNr2SZUTiOfT2H/d5pnbckj.NVFNJG38f7nt0UTbu', 4, 18, 4, '2018-04-18', 85);
INSERT INTO `t_employee` VALUES (74, 'TSMOP1300074', '蘭佳蓉', '$2a$10$vIc0z2ZBJYNDMNr2SZUTiOfT2H/d5pnbckj.NVFNJG38f7nt0UTbu', 5, 17, 5, '2016-03-15', 110);
INSERT INTO `t_employee` VALUES (75, 'TSMOP1300075', '王承翰', '$2a$10$vIc0z2ZBJYNDMNr2SZUTiOfT2H/d5pnbckj.NVFNJG38f7nt0UTbu', 5, 19, 5, '2021-08-16', 44);
INSERT INTO `t_employee` VALUES (76, 'TSMOP1300076', '朱慧君', '$2a$10$vIc0z2ZBJYNDMNr2SZUTiOfT2H/d5pnbckj.NVFNJG38f7nt0UTbu', 5, 19, 5, '2017-10-01', 91);
INSERT INTO `t_employee` VALUES (77, 'TSMOP1300077', '王怡萱', '$2a$10$vIc0z2ZBJYNDMNr2SZUTiOfT2H/d5pnbckj.NVFNJG38f7nt0UTbu', 5, 18, 5, '2016-12-16', 101);
INSERT INTO `t_employee` VALUES (78, 'TSMOP1300078', '邵俊傑', '$2a$10$vIc0z2ZBJYNDMNr2SZUTiOfT2H/d5pnbckj.NVFNJG38f7nt0UTbu', 5, 18, 5, '2022-01-27', 39);
INSERT INTO `t_employee` VALUES (79, 'TSMOP1300079', '李雅芳', '$2a$10$vIc0z2ZBJYNDMNr2SZUTiOfT2H/d5pnbckj.NVFNJG38f7nt0UTbu', 5, 14, 5, '2016-06-04', 107);
INSERT INTO `t_employee` VALUES (80, 'TSMOP1300080', '何佳樺', '$2a$10$vIc0z2ZBJYNDMNr2SZUTiOfT2H/d5pnbckj.NVFNJG38f7nt0UTbu', 5, 18, 5, '2017-06-24', 95);
INSERT INTO `t_employee` VALUES (81, 'TSMOP1300081', '張沖', '$2a$10$vIc0z2ZBJYNDMNr2SZUTiOfT2H/d5pnbckj.NVFNJG38f7nt0UTbu', 5, 19, 5, '2018-12-26', 76);
INSERT INTO `t_employee` VALUES (82, 'TSMOP1300082', '王筱涵', '$2a$10$vIc0z2ZBJYNDMNr2SZUTiOfT2H/d5pnbckj.NVFNJG38f7nt0UTbu', 5, 12, 5, '2022-09-20', 31);
INSERT INTO `t_employee` VALUES (83, 'TSMOP1300083', '張柏翰', '$2a$10$vIc0z2ZBJYNDMNr2SZUTiOfT2H/d5pnbckj.NVFNJG38f7nt0UTbu', 5, 16, 5, '2018-03-04', 86);
INSERT INTO `t_employee` VALUES (84, 'TSMOP1300084', '湯美玲', '$2a$10$vIc0z2ZBJYNDMNr2SZUTiOfT2H/d5pnbckj.NVFNJG38f7nt0UTbu', 5, 12, 5, '2020-04-27', 60);
INSERT INTO `t_employee` VALUES (85, 'TSMOP1300085', '黃佩珊', '$2a$10$vIc0z2ZBJYNDMNr2SZUTiOfT2H/d5pnbckj.NVFNJG38f7nt0UTbu', 5, 17, 5, '2021-06-23', 46);
INSERT INTO `t_employee` VALUES (86, 'TSMOP1300086', '李鈺婷', '$2a$10$vIc0z2ZBJYNDMNr2SZUTiOfT2H/d5pnbckj.NVFNJG38f7nt0UTbu', 5, 16, 5, '2015-03-11', 122);
INSERT INTO `t_employee` VALUES (87, 'TSMOP1300087', '李淑娟', '$2a$10$vIc0z2ZBJYNDMNr2SZUTiOfT2H/d5pnbckj.NVFNJG38f7nt0UTbu', 5, 13, 5, '2021-12-25', 40);
INSERT INTO `t_employee` VALUES (88, 'TSMOP2000088', '朱佳玲', '$2a$10$vIc0z2ZBJYNDMNr2SZUTiOfT2H/d5pnbckj.NVFNJG38f7nt0UTbu', 6, 12, 6, '2015-08-19', 117);
INSERT INTO `t_employee` VALUES (89, 'TSMOP2000089', '劉雅文', '$2a$10$vIc0z2ZBJYNDMNr2SZUTiOfT2H/d5pnbckj.NVFNJG38f7nt0UTbu', 6, 19, 6, '2018-02-04', 87);
INSERT INTO `t_employee` VALUES (90, 'TSMOP2100090', '王美琪', '$2a$10$vIc0z2ZBJYNDMNr2SZUTiOfT2H/d5pnbckj.NVFNJG38f7nt0UTbu', 7, 17, 7, '2017-12-04', 89);
INSERT INTO `t_employee` VALUES (91, 'TSMOP2100091', '楊嘉玲', '$2a$10$vIc0z2ZBJYNDMNr2SZUTiOfT2H/d5pnbckj.NVFNJG38f7nt0UTbu', 7, 13, 7, '2020-12-21', 52);
INSERT INTO `t_employee` VALUES (92, 'TSMOP2100092', '胡佩珊', '$2a$10$vIc0z2ZBJYNDMNr2SZUTiOfT2H/d5pnbckj.NVFNJG38f7nt0UTbu', 7, 19, 7, '2018-01-28', 87);
INSERT INTO `t_employee` VALUES (93, 'TSMOP2100093', '張傑克', '$2a$10$vIc0z2ZBJYNDMNr2SZUTiOfT2H/d5pnbckj.NVFNJG38f7nt0UTbu', 7, 16, 7, '2021-08-17', 44);
INSERT INTO `t_employee` VALUES (94, 'TSMOP2100094', '李彥廷', '$2a$10$vIc0z2ZBJYNDMNr2SZUTiOfT2H/d5pnbckj.NVFNJG38f7nt0UTbu', 7, 12, 7, '2015-08-23', 117);
INSERT INTO `t_employee` VALUES (95, 'TSMOP2100095', '李詩婷', '$2a$10$vIc0z2ZBJYNDMNr2SZUTiOfT2H/d5pnbckj.NVFNJG38f7nt0UTbu', 7, 19, 7, '2017-06-09', 95);
INSERT INTO `t_employee` VALUES (96, 'TSMOP2100096', '萬宇軒', '$2a$10$vIc0z2ZBJYNDMNr2SZUTiOfT2H/d5pnbckj.NVFNJG38f7nt0UTbu', 7, 17, 7, '2019-04-19', 72);
INSERT INTO `t_employee` VALUES (97, 'TSMOP2100097', '趙佳玲', '$2a$10$vIc0z2ZBJYNDMNr2SZUTiOfT2H/d5pnbckj.NVFNJG38f7nt0UTbu', 7, 17, 7, '2019-05-22', 71);
INSERT INTO `t_employee` VALUES (98, 'TSMOP2100098', '屈淑貞', '$2a$10$vIc0z2ZBJYNDMNr2SZUTiOfT2H/d5pnbckj.NVFNJG38f7nt0UTbu', 7, 18, 7, '2019-12-16', 64);
INSERT INTO `t_employee` VALUES (99, 'TSMOP2200099', '李柏翰', '$2a$10$vIc0z2ZBJYNDMNr2SZUTiOfT2H/d5pnbckj.NVFNJG38f7nt0UTbu', 8, 17, 8, '2017-08-23', 93);
INSERT INTO `t_employee` VALUES (100, 'TSMOP2200100', '譚志豪', '$2a$10$vIc0z2ZBJYNDMNr2SZUTiOfT2H/d5pnbckj.NVFNJG38f7nt0UTbu', 8, 15, 8, '2022-03-09', 37);
INSERT INTO `t_employee` VALUES (101, 'TSMOP2200101', '駱彥廷', '$2a$10$vIc0z2ZBJYNDMNr2SZUTiOfT2H/d5pnbckj.NVFNJG38f7nt0UTbu', 8, 14, 8, '2020-05-20', 59);
INSERT INTO `t_employee` VALUES (102, 'TSMOP2200102', '江惠雯', '$2a$10$vIc0z2ZBJYNDMNr2SZUTiOfT2H/d5pnbckj.NVFNJG38f7nt0UTbu', 8, 17, 8, '2018-10-11', 79);
INSERT INTO `t_employee` VALUES (103, 'TSMOP2200103', '雷俊宏', '$2a$10$vIc0z2ZBJYNDMNr2SZUTiOfT2H/d5pnbckj.NVFNJG38f7nt0UTbu', 8, 19, 8, '2017-08-18', 93);
INSERT INTO `t_employee` VALUES (104, 'TSMOP2200104', '郭宜君', '$2a$10$vIc0z2ZBJYNDMNr2SZUTiOfT2H/d5pnbckj.NVFNJG38f7nt0UTbu', 8, 18, 8, '2020-12-20', 52);
INSERT INTO `t_employee` VALUES (105, 'TSMOP2200105', '郭佳穎', '$2a$10$vIc0z2ZBJYNDMNr2SZUTiOfT2H/d5pnbckj.NVFNJG38f7nt0UTbu', 8, 19, 8, '2022-04-06', 36);
INSERT INTO `t_employee` VALUES (106, 'TSMRD0000106', '蔡佳穎', '$2a$10$vIc0z2ZBJYNDMNr2SZUTiOfT2H/d5pnbckj.NVFNJG38f7nt0UTbu', 9, 24, 9, '2017-12-10', 89);
INSERT INTO `t_employee` VALUES (107, 'TSMRD0000107', '何家瑋', '$2a$10$vIc0z2ZBJYNDMNr2SZUTiOfT2H/d5pnbckj.NVFNJG38f7nt0UTbu', 9, 24, 9, '2021-09-03', 43);
INSERT INTO `t_employee` VALUES (108, 'TSMRD0000108', '劉冠廷', '$2a$10$vIc0z2ZBJYNDMNr2SZUTiOfT2H/d5pnbckj.NVFNJG38f7nt0UTbu', 9, 24, 9, '2019-06-01', 71);
INSERT INTO `t_employee` VALUES (109, 'TSMRD1000109', '公俊賢', '$2a$10$vIc0z2ZBJYNDMNr2SZUTiOfT2H/d5pnbckj.NVFNJG38f7nt0UTbu', 10, 15, 10, '2018-10-13', 79);
INSERT INTO `t_employee` VALUES (110, 'TSMRD1000110', '閻慧君', '$2a$10$vIc0z2ZBJYNDMNr2SZUTiOfT2H/d5pnbckj.NVFNJG38f7nt0UTbu', 10, 25, 10, '2020-06-24', 58);
INSERT INTO `t_employee` VALUES (111, 'TSMRD1000111', '王心怡', '$2a$10$vIc0z2ZBJYNDMNr2SZUTiOfT2H/d5pnbckj.NVFNJG38f7nt0UTbu', 10, 13, 10, '2015-01-24', 124);
INSERT INTO `t_employee` VALUES (112, 'TSMRD1000112', '王慧君', '$2a$10$vIc0z2ZBJYNDMNr2SZUTiOfT2H/d5pnbckj.NVFNJG38f7nt0UTbu', 10, 15, 10, '2021-01-11', 51);
INSERT INTO `t_employee` VALUES (113, 'TSMRD1000113', '龍家銘', '$2a$10$vIc0z2ZBJYNDMNr2SZUTiOfT2H/d5pnbckj.NVFNJG38f7nt0UTbu', 10, 15, 10, '2018-09-26', 79);
INSERT INTO `t_employee` VALUES (114, 'TSMRD1100114', '周沖', '$2a$10$vIc0z2ZBJYNDMNr2SZUTiOfT2H/d5pnbckj.NVFNJG38f7nt0UTbu', 11, 12, 11, '2021-05-17', 47);
INSERT INTO `t_employee` VALUES (115, 'TSMRD1100115', '劉怡伶', '$2a$10$vIc0z2ZBJYNDMNr2SZUTiOfT2H/d5pnbckj.NVFNJG38f7nt0UTbu', 11, 12, 11, '2016-01-12', 112);
INSERT INTO `t_employee` VALUES (116, 'TSMRD1100116', '盧彥廷', '$2a$10$vIc0z2ZBJYNDMNr2SZUTiOfT2H/d5pnbckj.NVFNJG38f7nt0UTbu', 11, 14, 11, '2020-10-27', 54);
INSERT INTO `t_employee` VALUES (117, 'TSMRD1100117', '趙美玲', '$2a$10$vIc0z2ZBJYNDMNr2SZUTiOfT2H/d5pnbckj.NVFNJG38f7nt0UTbu', 11, 27, 11, '2022-07-28', 33);
INSERT INTO `t_employee` VALUES (118, 'TSMRD1100118', '李婉婷', '$2a$10$vIc0z2ZBJYNDMNr2SZUTiOfT2H/d5pnbckj.NVFNJG38f7nt0UTbu', 11, 25, 11, '2019-02-09', 75);
INSERT INTO `t_employee` VALUES (119, 'TSMRD1100119', '李志偉', '$2a$10$vIc0z2ZBJYNDMNr2SZUTiOfT2H/d5pnbckj.NVFNJG38f7nt0UTbu', 11, 16, 11, '2019-01-16', 75);
INSERT INTO `t_employee` VALUES (120, 'TSMRD1100120', '全詩涵', '$2a$10$vIc0z2ZBJYNDMNr2SZUTiOfT2H/d5pnbckj.NVFNJG38f7nt0UTbu', 11, 27, 11, '2022-02-21', 38);
INSERT INTO `t_employee` VALUES (121, 'TSMRD1100121', '丁雅萍', '$2a$10$vIc0z2ZBJYNDMNr2SZUTiOfT2H/d5pnbckj.NVFNJG38f7nt0UTbu', 11, 13, 11, '2021-03-25', 49);
INSERT INTO `t_employee` VALUES (122, 'TSMRD1100122', '陳冠宇', '$2a$10$vIc0z2ZBJYNDMNr2SZUTiOfT2H/d5pnbckj.NVFNJG38f7nt0UTbu', 11, 12, 11, '2022-08-17', 32);
INSERT INTO `t_employee` VALUES (123, 'TSMRD1200123', '陳承翰', '$2a$10$vIc0z2ZBJYNDMNr2SZUTiOfT2H/d5pnbckj.NVFNJG38f7nt0UTbu', 12, 25, 12, '2015-08-05', 117);
INSERT INTO `t_employee` VALUES (124, 'TSMRD1200124', '郝思穎', '$2a$10$vIc0z2ZBJYNDMNr2SZUTiOfT2H/d5pnbckj.NVFNJG38f7nt0UTbu', 12, 16, 12, '2019-06-02', 71);
INSERT INTO `t_employee` VALUES (125, 'TSMRD1200125', '周依婷', '$2a$10$vIc0z2ZBJYNDMNr2SZUTiOfT2H/d5pnbckj.NVFNJG38f7nt0UTbu', 12, 25, 12, '2019-07-07', 70);
INSERT INTO `t_employee` VALUES (126, 'TSMRD1200126', '郭美琪', '$2a$10$vIc0z2ZBJYNDMNr2SZUTiOfT2H/d5pnbckj.NVFNJG38f7nt0UTbu', 12, 24, 12, '2016-02-25', 111);
INSERT INTO `t_employee` VALUES (127, 'TSMRD1200127', '毛淑慧', '$2a$10$vIc0z2ZBJYNDMNr2SZUTiOfT2H/d5pnbckj.NVFNJG38f7nt0UTbu', 12, 12, 12, '2019-04-26', 72);
INSERT INTO `t_employee` VALUES (128, 'TSMRD2000128', '歐陽淑貞', '$2a$10$vIc0z2ZBJYNDMNr2SZUTiOfT2H/d5pnbckj.NVFNJG38f7nt0UTbu', 13, 12, 13, '2017-12-04', 89);
INSERT INTO `t_employee` VALUES (129, 'TSMRD2000129', '胡惠雯', '$2a$10$vIc0z2ZBJYNDMNr2SZUTiOfT2H/d5pnbckj.NVFNJG38f7nt0UTbu', 13, 25, 13, '2020-06-24', 58);
INSERT INTO `t_employee` VALUES (130, 'TSMRD2000130', '龍怡安', '$2a$10$vIc0z2ZBJYNDMNr2SZUTiOfT2H/d5pnbckj.NVFNJG38f7nt0UTbu', 13, 14, 13, '2022-06-02', 34);
INSERT INTO `t_employee` VALUES (131, 'TSMRD2000131', '何依婷', '$2a$10$vIc0z2ZBJYNDMNr2SZUTiOfT2H/d5pnbckj.NVFNJG38f7nt0UTbu', 13, 15, 13, '2015-05-26', 120);
INSERT INTO `t_employee` VALUES (132, 'TSMRD2000132', '戚宗翰', '$2a$10$vIc0z2ZBJYNDMNr2SZUTiOfT2H/d5pnbckj.NVFNJG38f7nt0UTbu', 13, 27, 13, '2021-09-22', 43);
INSERT INTO `t_employee` VALUES (133, 'TSMRD2100133', '李馨儀', '$2a$10$vIc0z2ZBJYNDMNr2SZUTiOfT2H/d5pnbckj.NVFNJG38f7nt0UTbu', 14, 12, 14, '2019-11-03', 66);
INSERT INTO `t_employee` VALUES (134, 'TSMRD2100134', '唐冠宇', '$2a$10$vIc0z2ZBJYNDMNr2SZUTiOfT2H/d5pnbckj.NVFNJG38f7nt0UTbu', 14, 26, 14, '2016-02-20', 111);
INSERT INTO `t_employee` VALUES (135, 'TSMRD2100135', '梁淑娟', '$2a$10$vIc0z2ZBJYNDMNr2SZUTiOfT2H/d5pnbckj.NVFNJG38f7nt0UTbu', 14, 13, 14, '2015-02-26', 123);
INSERT INTO `t_employee` VALUES (136, 'TSMRD2100136', '沈佳玲', '$2a$10$vIc0z2ZBJYNDMNr2SZUTiOfT2H/d5pnbckj.NVFNJG38f7nt0UTbu', 14, 25, 14, '2015-09-25', 116);
INSERT INTO `t_employee` VALUES (137, 'TSMRD2100137', '林家銘', '$2a$10$vIc0z2ZBJYNDMNr2SZUTiOfT2H/d5pnbckj.NVFNJG38f7nt0UTbu', 14, 26, 14, '2020-05-04', 60);
INSERT INTO `t_employee` VALUES (138, 'TSMRD2100138', '楊柏翰', '$2a$10$vIc0z2ZBJYNDMNr2SZUTiOfT2H/d5pnbckj.NVFNJG38f7nt0UTbu', 14, 15, 14, '2021-05-25', 47);
INSERT INTO `t_employee` VALUES (139, 'TSMRD2100139', '王羽', '$2a$10$vIc0z2ZBJYNDMNr2SZUTiOfT2H/d5pnbckj.NVFNJG38f7nt0UTbu', 14, 27, 14, '2016-01-19', 112);
INSERT INTO `t_employee` VALUES (140, 'TSMRD2100140', '許依婷', '$2a$10$vIc0z2ZBJYNDMNr2SZUTiOfT2H/d5pnbckj.NVFNJG38f7nt0UTbu', 14, 26, 14, '2015-03-24', 122);
INSERT INTO `t_employee` VALUES (141, 'TSMRD2100141', '蕭欣怡', '$2a$10$vIc0z2ZBJYNDMNr2SZUTiOfT2H/d5pnbckj.NVFNJG38f7nt0UTbu', 14, 24, 14, '2017-06-12', 95);
INSERT INTO `t_employee` VALUES (142, 'TSMRD2100142', '張心怡', '$2a$10$vIc0z2ZBJYNDMNr2SZUTiOfT2H/d5pnbckj.NVFNJG38f7nt0UTbu', 14, 25, 14, '2018-07-24', 81);
INSERT INTO `t_employee` VALUES (143, 'TSMRD2100143', '謝淑慧', '$2a$10$vIc0z2ZBJYNDMNr2SZUTiOfT2H/d5pnbckj.NVFNJG38f7nt0UTbu', 14, 25, 14, '2021-12-19', 40);
INSERT INTO `t_employee` VALUES (144, 'TSMRD2100144', '楊婉婷', '$2a$10$vIc0z2ZBJYNDMNr2SZUTiOfT2H/d5pnbckj.NVFNJG38f7nt0UTbu', 14, 14, 14, '2017-03-28', 97);
INSERT INTO `t_employee` VALUES (145, 'TSMRD2100145', '侯詩婷', '$2a$10$vIc0z2ZBJYNDMNr2SZUTiOfT2H/d5pnbckj.NVFNJG38f7nt0UTbu', 14, 14, 14, '2022-11-13', 29);
INSERT INTO `t_employee` VALUES (146, 'TSMRD2100146', '胡郁雯', '$2a$10$vIc0z2ZBJYNDMNr2SZUTiOfT2H/d5pnbckj.NVFNJG38f7nt0UTbu', 14, 25, 14, '2018-12-28', 76);
INSERT INTO `t_employee` VALUES (147, 'TSMRD2200147', '陳惠如', '$2a$10$vIc0z2ZBJYNDMNr2SZUTiOfT2H/d5pnbckj.NVFNJG38f7nt0UTbu', 15, 26, 15, '2021-04-05', 48);
INSERT INTO `t_employee` VALUES (148, 'TSMRD2200148', '符飛', '$2a$10$vIc0z2ZBJYNDMNr2SZUTiOfT2H/d5pnbckj.NVFNJG38f7nt0UTbu', 15, 27, 15, '2015-01-15', 124);
INSERT INTO `t_employee` VALUES (149, 'TSMRD2200149', '劉俊賢', '$2a$10$vIc0z2ZBJYNDMNr2SZUTiOfT2H/d5pnbckj.NVFNJG38f7nt0UTbu', 15, 12, 15, '2020-12-22', 52);
INSERT INTO `t_employee` VALUES (150, 'TSMRD2200150', '謝俊傑', '$2a$10$vIc0z2ZBJYNDMNr2SZUTiOfT2H/d5pnbckj.NVFNJG38f7nt0UTbu', 15, 24, 15, '2021-10-01', 43);
INSERT INTO `t_employee` VALUES (151, 'TSMRD2200151', '呂建宏', '$2a$10$vIc0z2ZBJYNDMNr2SZUTiOfT2H/d5pnbckj.NVFNJG38f7nt0UTbu', 15, 24, 15, '2017-06-17', 95);
INSERT INTO `t_employee` VALUES (152, 'TSMRD2200152', '竇志偉', '$2a$10$vIc0z2ZBJYNDMNr2SZUTiOfT2H/d5pnbckj.NVFNJG38f7nt0UTbu', 15, 26, 15, '2016-08-13', 105);
INSERT INTO `t_employee` VALUES (153, 'TSMRD2200153', '吳承翰', '$2a$10$vIc0z2ZBJYNDMNr2SZUTiOfT2H/d5pnbckj.NVFNJG38f7nt0UTbu', 15, 25, 15, '2021-08-24', 44);
INSERT INTO `t_employee` VALUES (154, 'TSMRD2200154', '文家瑋', '$2a$10$vIc0z2ZBJYNDMNr2SZUTiOfT2H/d5pnbckj.NVFNJG38f7nt0UTbu', 15, 27, 15, '2016-05-21', 108);
INSERT INTO `t_employee` VALUES (155, 'TSMRD2200155', '王雅筑', '$2a$10$vIc0z2ZBJYNDMNr2SZUTiOfT2H/d5pnbckj.NVFNJG38f7nt0UTbu', 15, 12, 15, '2015-05-11', 120);
INSERT INTO `t_employee` VALUES (156, 'TSMRD2200156', '石家豪', '$2a$10$vIc0z2ZBJYNDMNr2SZUTiOfT2H/d5pnbckj.NVFNJG38f7nt0UTbu', 15, 24, 15, '2020-03-02', 62);
INSERT INTO `t_employee` VALUES (157, 'TSMSA0000157', '李彥廷', '$2a$10$vIc0z2ZBJYNDMNr2SZUTiOfT2H/d5pnbckj.NVFNJG38f7nt0UTbu', 16, 20, 16, '2019-01-28', 75);
INSERT INTO `t_employee` VALUES (158, 'TSMSA0000158', '杜筱涵', '$2a$10$vIc0z2ZBJYNDMNr2SZUTiOfT2H/d5pnbckj.NVFNJG38f7nt0UTbu', 16, 21, 16, '2020-08-21', 56);
INSERT INTO `t_employee` VALUES (159, 'TSMSA0000159', '張雅琪', '$2a$10$vIc0z2ZBJYNDMNr2SZUTiOfT2H/d5pnbckj.NVFNJG38f7nt0UTbu', 16, 23, 16, '2017-09-17', 92);
INSERT INTO `t_employee` VALUES (160, 'TSMSA1000160', '曾俊宏', '$2a$10$vIc0z2ZBJYNDMNr2SZUTiOfT2H/d5pnbckj.NVFNJG38f7nt0UTbu', 17, 23, 17, '2020-08-12', 56);
INSERT INTO `t_employee` VALUES (161, 'TSMSA1000161', '李雅雯', '$2a$10$vIc0z2ZBJYNDMNr2SZUTiOfT2H/d5pnbckj.NVFNJG38f7nt0UTbu', 17, 29, 17, '2021-04-20', 48);
INSERT INTO `t_employee` VALUES (162, 'TSMSA1000162', '劉佩君', '$2a$10$vIc0z2ZBJYNDMNr2SZUTiOfT2H/d5pnbckj.NVFNJG38f7nt0UTbu', 17, 20, 17, '2016-02-20', 111);
INSERT INTO `t_employee` VALUES (163, 'TSMSA1000163', '蕭佳蓉', '$2a$10$vIc0z2ZBJYNDMNr2SZUTiOfT2H/d5pnbckj.NVFNJG38f7nt0UTbu', 17, 29, 17, '2018-06-13', 83);
INSERT INTO `t_employee` VALUES (164, 'TSMSA1100164', '李宜庭', '$2a$10$vIc0z2ZBJYNDMNr2SZUTiOfT2H/d5pnbckj.NVFNJG38f7nt0UTbu', 18, 21, 18, '2016-05-16', 108);
INSERT INTO `t_employee` VALUES (165, 'TSMSA1100165', '李雅筑', '$2a$10$vIc0z2ZBJYNDMNr2SZUTiOfT2H/d5pnbckj.NVFNJG38f7nt0UTbu', 18, 23, 18, '2022-01-16', 39);
INSERT INTO `t_employee` VALUES (166, 'TSMSA1100166', '李淑華', '$2a$10$vIc0z2ZBJYNDMNr2SZUTiOfT2H/d5pnbckj.NVFNJG38f7nt0UTbu', 18, 22, 18, '2015-02-03', 124);
INSERT INTO `t_employee` VALUES (167, 'TSMSA1100167', '楊羽', '$2a$10$vIc0z2ZBJYNDMNr2SZUTiOfT2H/d5pnbckj.NVFNJG38f7nt0UTbu', 18, 29, 18, '2017-09-16', 92);
INSERT INTO `t_employee` VALUES (168, 'TSMSA1100168', '李佳玲', '$2a$10$vIc0z2ZBJYNDMNr2SZUTiOfT2H/d5pnbckj.NVFNJG38f7nt0UTbu', 18, 22, 18, '2018-08-02', 81);
INSERT INTO `t_employee` VALUES (169, 'TSMSA1100169', '管怡安', '$2a$10$vIc0z2ZBJYNDMNr2SZUTiOfT2H/d5pnbckj.NVFNJG38f7nt0UTbu', 18, 30, 18, '2018-10-11', 79);
INSERT INTO `t_employee` VALUES (170, 'TSMSA1100170', '覃淑玲', '$2a$10$vIc0z2ZBJYNDMNr2SZUTiOfT2H/d5pnbckj.NVFNJG38f7nt0UTbu', 18, 28, 18, '2018-07-12', 82);
INSERT INTO `t_employee` VALUES (171, 'TSMSA1100171', '莫羽', '$2a$10$vIc0z2ZBJYNDMNr2SZUTiOfT2H/d5pnbckj.NVFNJG38f7nt0UTbu', 18, 22, 18, '2015-08-25', 117);
INSERT INTO `t_employee` VALUES (172, 'TSMSA1100172', '韋宗翰', '$2a$10$vIc0z2ZBJYNDMNr2SZUTiOfT2H/d5pnbckj.NVFNJG38f7nt0UTbu', 18, 29, 18, '2020-12-05', 53);
INSERT INTO `t_employee` VALUES (173, 'TSMSA1100173', '曾佳樺', '$2a$10$vIc0z2ZBJYNDMNr2SZUTiOfT2H/d5pnbckj.NVFNJG38f7nt0UTbu', 18, 23, 18, '2019-08-09', 69);
INSERT INTO `t_employee` VALUES (174, 'TSMSA1100174', '卞志宏', '$2a$10$vIc0z2ZBJYNDMNr2SZUTiOfT2H/d5pnbckj.NVFNJG38f7nt0UTbu', 18, 29, 18, '2015-06-03', 120);
INSERT INTO `t_employee` VALUES (175, 'TSMSA1100175', '張美琪', '$2a$10$vIc0z2ZBJYNDMNr2SZUTiOfT2H/d5pnbckj.NVFNJG38f7nt0UTbu', 18, 22, 18, '2017-08-23', 93);
INSERT INTO `t_employee` VALUES (176, 'TSMSA1100176', '時淑貞', '$2a$10$vIc0z2ZBJYNDMNr2SZUTiOfT2H/d5pnbckj.NVFNJG38f7nt0UTbu', 18, 21, 18, '2022-03-15', 37);
INSERT INTO `t_employee` VALUES (177, 'TSMSA1100177', '周雅玲', '$2a$10$vIc0z2ZBJYNDMNr2SZUTiOfT2H/d5pnbckj.NVFNJG38f7nt0UTbu', 18, 30, 18, '2015-10-06', 115);
INSERT INTO `t_employee` VALUES (178, 'TSMSA1100178', '張婷婷', '$2a$10$vIc0z2ZBJYNDMNr2SZUTiOfT2H/d5pnbckj.NVFNJG38f7nt0UTbu', 18, 23, 18, '2015-07-27', 118);
INSERT INTO `t_employee` VALUES (179, 'TSMSA1200179', '戈志宏', '$2a$10$vIc0z2ZBJYNDMNr2SZUTiOfT2H/d5pnbckj.NVFNJG38f7nt0UTbu', 19, 21, 19, '2019-04-19', 72);
INSERT INTO `t_employee` VALUES (180, 'TSMSA1200180', '馮婷婷', '$2a$10$vIc0z2ZBJYNDMNr2SZUTiOfT2H/d5pnbckj.NVFNJG38f7nt0UTbu', 19, 29, 19, '2018-04-03', 85);
INSERT INTO `t_employee` VALUES (181, 'TSMSA1200181', '吳雅雯', '$2a$10$vIc0z2ZBJYNDMNr2SZUTiOfT2H/d5pnbckj.NVFNJG38f7nt0UTbu', 19, 29, 19, '2017-01-12', 100);
INSERT INTO `t_employee` VALUES (182, 'TSMSA1200182', '徐雅筑', '$2a$10$vIc0z2ZBJYNDMNr2SZUTiOfT2H/d5pnbckj.NVFNJG38f7nt0UTbu', 19, 29, 19, '2015-03-06', 123);
INSERT INTO `t_employee` VALUES (183, 'TSMSA1200183', '王雅慧', '$2a$10$vIc0z2ZBJYNDMNr2SZUTiOfT2H/d5pnbckj.NVFNJG38f7nt0UTbu', 19, 30, 19, '2019-08-26', 68);
INSERT INTO `t_employee` VALUES (184, 'TSMSA2000184', '王琬婷', '$2a$10$vIc0z2ZBJYNDMNr2SZUTiOfT2H/d5pnbckj.NVFNJG38f7nt0UTbu', 20, 20, 20, '2021-09-16', 43);
INSERT INTO `t_employee` VALUES (185, 'TSMSA2000185', '鐘怡君', '$2a$10$vIc0z2ZBJYNDMNr2SZUTiOfT2H/d5pnbckj.NVFNJG38f7nt0UTbu', 20, 30, 20, '2017-02-15', 99);
INSERT INTO `t_employee` VALUES (186, 'TSMSA2000186', '馬淑慧', '$2a$10$vIc0z2ZBJYNDMNr2SZUTiOfT2H/d5pnbckj.NVFNJG38f7nt0UTbu', 20, 22, 20, '2022-12-03', 28);
INSERT INTO `t_employee` VALUES (187, 'TSMSA2000187', '史宗翰', '$2a$10$vIc0z2ZBJYNDMNr2SZUTiOfT2H/d5pnbckj.NVFNJG38f7nt0UTbu', 20, 22, 20, '2020-03-03', 62);
INSERT INTO `t_employee` VALUES (188, 'TSMSA2000188', '方雅文', '$2a$10$vIc0z2ZBJYNDMNr2SZUTiOfT2H/d5pnbckj.NVFNJG38f7nt0UTbu', 20, 23, 20, '2020-01-20', 63);
INSERT INTO `t_employee` VALUES (189, 'TSMSA2100189', '王冠廷', '$2a$10$vIc0z2ZBJYNDMNr2SZUTiOfT2H/d5pnbckj.NVFNJG38f7nt0UTbu', 21, 21, 21, '2022-05-27', 35);
INSERT INTO `t_employee` VALUES (190, 'TSMSA2100190', '趙佳蓉', '$2a$10$vIc0z2ZBJYNDMNr2SZUTiOfT2H/d5pnbckj.NVFNJG38f7nt0UTbu', 21, 30, 21, '2021-01-09', 51);
INSERT INTO `t_employee` VALUES (191, 'TSMSA2100191', '劉威廷', '$2a$10$vIc0z2ZBJYNDMNr2SZUTiOfT2H/d5pnbckj.NVFNJG38f7nt0UTbu', 21, 21, 21, '2015-04-25', 121);
INSERT INTO `t_employee` VALUES (192, 'TSMSA2100192', '蒲佳玲', '$2a$10$vIc0z2ZBJYNDMNr2SZUTiOfT2H/d5pnbckj.NVFNJG38f7nt0UTbu', 21, 20, 21, '2016-11-06', 102);
INSERT INTO `t_employee` VALUES (193, 'TSMSA2100193', '鄭宇軒', '$2a$10$vIc0z2ZBJYNDMNr2SZUTiOfT2H/d5pnbckj.NVFNJG38f7nt0UTbu', 21, 29, 21, '2022-07-13', 33);
INSERT INTO `t_employee` VALUES (194, 'TSMSA2100194', '王志偉', '$2a$10$vIc0z2ZBJYNDMNr2SZUTiOfT2H/d5pnbckj.NVFNJG38f7nt0UTbu', 21, 22, 21, '2015-05-27', 120);
INSERT INTO `t_employee` VALUES (195, 'TSMSA2100195', '胡淑玲', '$2a$10$vIc0z2ZBJYNDMNr2SZUTiOfT2H/d5pnbckj.NVFNJG38f7nt0UTbu', 21, 23, 21, '2017-04-18', 97);
INSERT INTO `t_employee` VALUES (196, 'TSMSA2100196', '馬靜怡', '$2a$10$vIc0z2ZBJYNDMNr2SZUTiOfT2H/d5pnbckj.NVFNJG38f7nt0UTbu', 21, 30, 21, '2017-11-27', 89);
INSERT INTO `t_employee` VALUES (197, 'TSMSA2100197', '管瑋婷', '$2a$10$vIc0z2ZBJYNDMNr2SZUTiOfT2H/d5pnbckj.NVFNJG38f7nt0UTbu', 21, 30, 21, '2021-09-17', 43);
INSERT INTO `t_employee` VALUES (198, 'TSMSA2100198', '崔柏翰', '$2a$10$vIc0z2ZBJYNDMNr2SZUTiOfT2H/d5pnbckj.NVFNJG38f7nt0UTbu', 21, 20, 21, '2016-06-21', 107);
INSERT INTO `t_employee` VALUES (199, 'TSMSA2100199', '宋佩珊', '$2a$10$vIc0z2ZBJYNDMNr2SZUTiOfT2H/d5pnbckj.NVFNJG38f7nt0UTbu', 21, 28, 21, '2022-03-10', 37);
INSERT INTO `t_employee` VALUES (200, 'TSMSA2200200', '蕭惠婷', '$2a$10$vIc0z2ZBJYNDMNr2SZUTiOfT2H/d5pnbckj.NVFNJG38f7nt0UTbu', 22, 20, 22, '2018-12-23', 76);
INSERT INTO `t_employee` VALUES (201, 'TSMSA2200201', '王思穎', '$2a$10$vIc0z2ZBJYNDMNr2SZUTiOfT2H/d5pnbckj.NVFNJG38f7nt0UTbu', 22, 21, 22, '2016-09-10', 104);
INSERT INTO `t_employee` VALUES (202, 'TSMSA2200202', '萬志宏', '$2a$10$vIc0z2ZBJYNDMNr2SZUTiOfT2H/d5pnbckj.NVFNJG38f7nt0UTbu', 22, 22, 22, '2022-06-21', 34);
INSERT INTO `t_employee` VALUES (203, 'TSMSA2200203', '雷志偉', '$2a$10$vIc0z2ZBJYNDMNr2SZUTiOfT2H/d5pnbckj.NVFNJG38f7nt0UTbu', 22, 21, 22, '2016-08-13', 105);
INSERT INTO `t_employee` VALUES (204, 'TSMSA2200204', '朱怡如', '$2a$10$vIc0z2ZBJYNDMNr2SZUTiOfT2H/d5pnbckj.NVFNJG38f7nt0UTbu', 22, 22, 22, '2021-12-06', 40);
INSERT INTO `t_employee` VALUES (205, 'TSMSA2200205', '趙家銘', '$2a$10$vIc0z2ZBJYNDMNr2SZUTiOfT2H/d5pnbckj.NVFNJG38f7nt0UTbu', 22, 30, 22, '2021-10-24', 42);
INSERT INTO `t_employee` VALUES (206, 'TSMSA2200206', '王靜宜', '$2a$10$vIc0z2ZBJYNDMNr2SZUTiOfT2H/d5pnbckj.NVFNJG38f7nt0UTbu', 22, 20, 22, '2019-01-08', 76);
INSERT INTO `t_employee` VALUES (207, 'TSMSA2200207', '胡惠雯', '$2a$10$vIc0z2ZBJYNDMNr2SZUTiOfT2H/d5pnbckj.NVFNJG38f7nt0UTbu', 22, 29, 22, '2017-09-15', 92);
INSERT INTO `t_employee` VALUES (208, 'TSMSA2200208', '方建宏', '$2a$10$vIc0z2ZBJYNDMNr2SZUTiOfT2H/d5pnbckj.NVFNJG38f7nt0UTbu', 22, 23, 22, '2021-03-04', 50);
INSERT INTO `t_employee` VALUES (209, 'TSMSA2200209', '藍琬婷', '$2a$10$vIc0z2ZBJYNDMNr2SZUTiOfT2H/d5pnbckj.NVFNJG38f7nt0UTbu', 22, 28, 22, '2020-10-16', 54);
INSERT INTO `t_employee` VALUES (210, 'TSMAD0000210', '閻冠宇', '$2a$10$vIc0z2ZBJYNDMNr2SZUTiOfT2H/d5pnbckj.NVFNJG38f7nt0UTbu', 23, 20, 23, '2021-11-12', 41);
INSERT INTO `t_employee` VALUES (211, 'TSMAD0000211', '馬家瑋', '$2a$10$vIc0z2ZBJYNDMNr2SZUTiOfT2H/d5pnbckj.NVFNJG38f7nt0UTbu', 23, 22, 23, '2022-07-10', 33);
INSERT INTO `t_employee` VALUES (212, 'TSMAD0000212', '謝瑋婷', '$2a$10$vIc0z2ZBJYNDMNr2SZUTiOfT2H/d5pnbckj.NVFNJG38f7nt0UTbu', 23, 22, 23, '2022-10-06', 30);
INSERT INTO `t_employee` VALUES (213, 'TSMAD1000213', '張怡如', '$2a$10$vIc0z2ZBJYNDMNr2SZUTiOfT2H/d5pnbckj.NVFNJG38f7nt0UTbu', 24, 23, 24, '2019-12-20', 64);
INSERT INTO `t_employee` VALUES (214, 'TSMAD1000214', '陳佳玲', '$2a$10$vIc0z2ZBJYNDMNr2SZUTiOfT2H/d5pnbckj.NVFNJG38f7nt0UTbu', 24, 20, 24, '2016-09-28', 103);
INSERT INTO `t_employee` VALUES (215, 'TSMAD1000215', '田宜君', '$2a$10$vIc0z2ZBJYNDMNr2SZUTiOfT2H/d5pnbckj.NVFNJG38f7nt0UTbu', 24, 23, 24, '2022-08-06', 32);
INSERT INTO `t_employee` VALUES (216, 'TSMAD1000216', '呂佳蓉', '$2a$10$vIc0z2ZBJYNDMNr2SZUTiOfT2H/d5pnbckj.NVFNJG38f7nt0UTbu', 24, 20, 24, '2021-07-25', 45);
INSERT INTO `t_employee` VALUES (217, 'TSMAD1100217', '麥佩君', '$2a$10$vIc0z2ZBJYNDMNr2SZUTiOfT2H/d5pnbckj.NVFNJG38f7nt0UTbu', 25, 22, 25, '2019-07-15', 69);
INSERT INTO `t_employee` VALUES (218, 'TSMAD1100218', '秦冠廷', '$2a$10$vIc0z2ZBJYNDMNr2SZUTiOfT2H/d5pnbckj.NVFNJG38f7nt0UTbu', 25, 22, 25, '2020-05-28', 59);
INSERT INTO `t_employee` VALUES (219, 'TSMAD1100219', '馬羽', '$2a$10$vIc0z2ZBJYNDMNr2SZUTiOfT2H/d5pnbckj.NVFNJG38f7nt0UTbu', 25, 22, 25, '2018-12-14', 77);
INSERT INTO `t_employee` VALUES (220, 'TSMAD1100220', '黎龍', '$2a$10$vIc0z2ZBJYNDMNr2SZUTiOfT2H/d5pnbckj.NVFNJG38f7nt0UTbu', 25, 21, 25, '2016-07-22', 106);
INSERT INTO `t_employee` VALUES (221, 'TSMAD1100221', '張淑華', '$2a$10$vIc0z2ZBJYNDMNr2SZUTiOfT2H/d5pnbckj.NVFNJG38f7nt0UTbu', 25, 21, 25, '2018-03-23', 85);
INSERT INTO `t_employee` VALUES (222, 'TSMAD1200222', '姚雅琪', '$2a$10$vIc0z2ZBJYNDMNr2SZUTiOfT2H/d5pnbckj.NVFNJG38f7nt0UTbu', 26, 21, 26, '2018-12-28', 76);
INSERT INTO `t_employee` VALUES (223, 'TSMAD1200223', '鄭庭瑋', '$2a$10$vIc0z2ZBJYNDMNr2SZUTiOfT2H/d5pnbckj.NVFNJG38f7nt0UTbu', 26, 20, 26, '2021-12-27', 40);
INSERT INTO `t_employee` VALUES (224, 'TSMAD1200224', '梁雅芳', '$2a$10$vIc0z2ZBJYNDMNr2SZUTiOfT2H/d5pnbckj.NVFNJG38f7nt0UTbu', 26, 23, 26, '2017-12-27', 88);
INSERT INTO `t_employee` VALUES (225, 'TSMAD1200225', '王哲瑋', '$2a$10$vIc0z2ZBJYNDMNr2SZUTiOfT2H/d5pnbckj.NVFNJG38f7nt0UTbu', 26, 23, 26, '2022-04-16', 36);
INSERT INTO `t_employee` VALUES (226, 'TSMAD1200226', '安馨儀', '$2a$10$vIc0z2ZBJYNDMNr2SZUTiOfT2H/d5pnbckj.NVFNJG38f7nt0UTbu', 26, 20, 26, '2019-03-12', 74);
INSERT INTO `t_employee` VALUES (227, 'TSMAD2000227', '屈佳穎', '$2a$10$vIc0z2ZBJYNDMNr2SZUTiOfT2H/d5pnbckj.NVFNJG38f7nt0UTbu', 27, 22, 27, '2015-06-02', 120);
INSERT INTO `t_employee` VALUES (228, 'TSMAD2000228', '程志宏', '$2a$10$vIc0z2ZBJYNDMNr2SZUTiOfT2H/d5pnbckj.NVFNJG38f7nt0UTbu', 27, 23, 27, '2022-04-23', 36);
INSERT INTO `t_employee` VALUES (229, 'TSMAD2000229', '胡佩珊', '$2a$10$vIc0z2ZBJYNDMNr2SZUTiOfT2H/d5pnbckj.NVFNJG38f7nt0UTbu', 27, 21, 27, '2022-07-20', 33);
INSERT INTO `t_employee` VALUES (230, 'TSMAD2100230', '王美琪', '$2a$10$vIc0z2ZBJYNDMNr2SZUTiOfT2H/d5pnbckj.NVFNJG38f7nt0UTbu', 28, 22, 28, '2021-06-19', 46);
INSERT INTO `t_employee` VALUES (231, 'TSMAD2100231', '余淑華', '$2a$10$vIc0z2ZBJYNDMNr2SZUTiOfT2H/d5pnbckj.NVFNJG38f7nt0UTbu', 28, 22, 28, '2017-03-17', 98);
INSERT INTO `t_employee` VALUES (232, 'TSMAD2100232', '梁雅惠', '$2a$10$vIc0z2ZBJYNDMNr2SZUTiOfT2H/d5pnbckj.NVFNJG38f7nt0UTbu', 28, 23, 28, '2017-05-16', 96);
INSERT INTO `t_employee` VALUES (233, 'TSMAD2100233', '張淑芬', '$2a$10$vIc0z2ZBJYNDMNr2SZUTiOfT2H/d5pnbckj.NVFNJG38f7nt0UTbu', 28, 23, 28, '2022-07-06', 33);
INSERT INTO `t_employee` VALUES (234, 'TSMAD2100234', '張信宏', '$2a$10$vIc0z2ZBJYNDMNr2SZUTiOfT2H/d5pnbckj.NVFNJG38f7nt0UTbu', 28, 20, 28, '2018-05-24', 83);
INSERT INTO `t_employee` VALUES (235, 'TSMAD2100235', '樊雅惠', '$2a$10$vIc0z2ZBJYNDMNr2SZUTiOfT2H/d5pnbckj.NVFNJG38f7nt0UTbu', 28, 23, 28, '2021-10-02', 42);
INSERT INTO `t_employee` VALUES (236, 'TSMAD2100236', '任羽', '$2a$10$vIc0z2ZBJYNDMNr2SZUTiOfT2H/d5pnbckj.NVFNJG38f7nt0UTbu', 28, 23, 28, '2018-05-01', 84);
INSERT INTO `t_employee` VALUES (237, 'TSMAD2100237', '王佳蓉', '$2a$10$vIc0z2ZBJYNDMNr2SZUTiOfT2H/d5pnbckj.NVFNJG38f7nt0UTbu', 28, 22, 28, '2020-03-07', 62);
INSERT INTO `t_employee` VALUES (238, 'TSMAD2100238', '金冠宇', '$2a$10$vIc0z2ZBJYNDMNr2SZUTiOfT2H/d5pnbckj.NVFNJG38f7nt0UTbu', 28, 21, 28, '2016-06-11', 107);
INSERT INTO `t_employee` VALUES (239, 'TSMAD2100239', '曹淑華', '$2a$10$vIc0z2ZBJYNDMNr2SZUTiOfT2H/d5pnbckj.NVFNJG38f7nt0UTbu', 28, 23, 28, '2021-09-08', 43);
INSERT INTO `t_employee` VALUES (240, 'TSMAD2100240', '李宇軒', '$2a$10$vIc0z2ZBJYNDMNr2SZUTiOfT2H/d5pnbckj.NVFNJG38f7nt0UTbu', 28, 20, 28, '2020-01-19', 63);
INSERT INTO `t_employee` VALUES (241, 'TSMAD2200241', '張宜君', '$2a$10$vIc0z2ZBJYNDMNr2SZUTiOfT2H/d5pnbckj.NVFNJG38f7nt0UTbu', 29, 22, 29, '2018-09-03', 80);
INSERT INTO `t_employee` VALUES (242, 'TSMAD2200242', '張馨儀', '$2a$10$vIc0z2ZBJYNDMNr2SZUTiOfT2H/d5pnbckj.NVFNJG38f7nt0UTbu', 29, 20, 29, '2015-09-22', 116);
INSERT INTO `t_employee` VALUES (243, 'TSMAD2200243', '謝心怡', '$2a$10$vIc0z2ZBJYNDMNr2SZUTiOfT2H/d5pnbckj.NVFNJG38f7nt0UTbu', 29, 21, 29, '2015-06-08', 119);
INSERT INTO `t_employee` VALUES (244, 'TSMAD2200244', '趙依婷', '$2a$10$vIc0z2ZBJYNDMNr2SZUTiOfT2H/d5pnbckj.NVFNJG38f7nt0UTbu', 29, 22, 29, '2017-12-28', 88);
INSERT INTO `t_employee` VALUES (245, 'TSMAD2200245', '黃佳慧', '$2a$10$vIc0z2ZBJYNDMNr2SZUTiOfT2H/d5pnbckj.NVFNJG38f7nt0UTbu', 29, 21, 29, '2020-06-19', 58);
INSERT INTO `t_employee` VALUES (246, 'TSMAD2200246', '陳淑慧', '$2a$10$vIc0z2ZBJYNDMNr2SZUTiOfT2H/d5pnbckj.NVFNJG38f7nt0UTbu', 29, 22, 29, '2020-10-27', 54);
INSERT INTO `t_employee` VALUES (247, 'TSMAD2200247', '何家瑜', '$2a$10$vIc0z2ZBJYNDMNr2SZUTiOfT2H/d5pnbckj.NVFNJG38f7nt0UTbu', 29, 20, 29, '2015-02-04', 124);
INSERT INTO `t_employee` VALUES (248, 'TSMAD2200248', '陳雅玲', '$2a$10$vIc0z2ZBJYNDMNr2SZUTiOfT2H/d5pnbckj.NVFNJG38f7nt0UTbu', 29, 22, 29, '2020-04-10', 60);
INSERT INTO `t_employee` VALUES (249, 'TSMAD2200249', '王婉婷', '$2a$10$vIc0z2ZBJYNDMNr2SZUTiOfT2H/d5pnbckj.NVFNJG38f7nt0UTbu', 29, 23, 29, '2020-01-20', 63);
INSERT INTO `t_employee` VALUES (250, 'TSMAD2200250', '陳美玲', '$2a$10$vIc0z2ZBJYNDMNr2SZUTiOfT2H/d5pnbckj.NVFNJG38f7nt0UTbu', 29, 20, 29, '2020-08-11', 56);
INSERT INTO `t_employee` VALUES (251, 'TSMAD3000251', '張家瑜', '$2a$10$vIc0z2ZBJYNDMNr2SZUTiOfT2H/d5pnbckj.NVFNJG38f7nt0UTbu', 30, 23, 30, '2021-01-06', 51);
INSERT INTO `t_employee` VALUES (252, 'TSMAD3000252', '李淑貞', '$2a$10$vIc0z2ZBJYNDMNr2SZUTiOfT2H/d5pnbckj.NVFNJG38f7nt0UTbu', 30, 23, 30, '2018-05-12', 84);
INSERT INTO `t_employee` VALUES (253, 'TSMAD3000253', '柯淑貞', '$2a$10$vIc0z2ZBJYNDMNr2SZUTiOfT2H/d5pnbckj.NVFNJG38f7nt0UTbu', 30, 23, 30, '2018-10-21', 78);
INSERT INTO `t_employee` VALUES (254, 'TSMAD3000254', '吳美玲', '$2a$10$vIc0z2ZBJYNDMNr2SZUTiOfT2H/d5pnbckj.NVFNJG38f7nt0UTbu', 30, 23, 30, '2017-09-12', 92);
INSERT INTO `t_employee` VALUES (255, 'TSMAD3000255', '劉宜庭', '$2a$10$vIc0z2ZBJYNDMNr2SZUTiOfT2H/d5pnbckj.NVFNJG38f7nt0UTbu', 30, 20, 30, '2015-08-27', 117);
INSERT INTO `t_employee` VALUES (256, 'TSMAD3100256', '欒彥廷', '$2a$10$vIc0z2ZBJYNDMNr2SZUTiOfT2H/d5pnbckj.NVFNJG38f7nt0UTbu', 31, 22, 31, '2017-08-25', 92);
INSERT INTO `t_employee` VALUES (257, 'TSMAD3100257', '黃郁婷', '$2a$10$vIc0z2ZBJYNDMNr2SZUTiOfT2H/d5pnbckj.NVFNJG38f7nt0UTbu', 31, 21, 31, '2021-08-24', 44);
INSERT INTO `t_employee` VALUES (258, 'TSMAD3100258', '淩佳蓉', '$2a$10$vIc0z2ZBJYNDMNr2SZUTiOfT2H/d5pnbckj.NVFNJG38f7nt0UTbu', 31, 21, 31, '2017-04-18', 97);
INSERT INTO `t_employee` VALUES (259, 'TSMAD3100259', '陳筱涵', '$2a$10$vIc0z2ZBJYNDMNr2SZUTiOfT2H/d5pnbckj.NVFNJG38f7nt0UTbu', 31, 22, 31, '2018-04-09', 85);
INSERT INTO `t_employee` VALUES (260, 'TSMAD3100260', '余筱涵', '$2a$10$vIc0z2ZBJYNDMNr2SZUTiOfT2H/d5pnbckj.NVFNJG38f7nt0UTbu', 31, 23, 31, '2016-02-21', 111);
INSERT INTO `t_employee` VALUES (261, 'TSMAD3100261', '徐庭瑋', '$2a$10$vIc0z2ZBJYNDMNr2SZUTiOfT2H/d5pnbckj.NVFNJG38f7nt0UTbu', 31, 20, 31, '2016-06-28', 107);
INSERT INTO `t_employee` VALUES (262, 'TSMAD3100262', '劉美琪', '$2a$10$vIc0z2ZBJYNDMNr2SZUTiOfT2H/d5pnbckj.NVFNJG38f7nt0UTbu', 31, 22, 31, '2015-04-20', 121);
INSERT INTO `t_employee` VALUES (263, 'TSMAD3100263', '閻鈺婷', '$2a$10$vIc0z2ZBJYNDMNr2SZUTiOfT2H/d5pnbckj.NVFNJG38f7nt0UTbu', 31, 22, 31, '2019-12-20', 64);
INSERT INTO `t_employee` VALUES (264, 'TSMAD3100264', '葛瑋婷', '$2a$10$vIc0z2ZBJYNDMNr2SZUTiOfT2H/d5pnbckj.NVFNJG38f7nt0UTbu', 31, 20, 31, '2017-02-02', 99);
INSERT INTO `t_employee` VALUES (265, 'TSMAD3100265', '吳雅惠', '$2a$10$vIc0z2ZBJYNDMNr2SZUTiOfT2H/d5pnbckj.NVFNJG38f7nt0UTbu', 31, 21, 31, '2017-08-02', 93);
INSERT INTO `t_employee` VALUES (266, 'TSMAD3100266', '蘭淑娟', '$2a$10$vIc0z2ZBJYNDMNr2SZUTiOfT2H/d5pnbckj.NVFNJG38f7nt0UTbu', 31, 21, 31, '2016-10-07', 103);
INSERT INTO `t_employee` VALUES (267, 'TSMAD3200267', '楊雅萍', '$2a$10$vIc0z2ZBJYNDMNr2SZUTiOfT2H/d5pnbckj.NVFNJG38f7nt0UTbu', 32, 20, 32, '2021-08-15', 44);
INSERT INTO `t_employee` VALUES (268, 'TSMAD3200268', '陶怡婷', '$2a$10$vIc0z2ZBJYNDMNr2SZUTiOfT2H/d5pnbckj.NVFNJG38f7nt0UTbu', 32, 23, 32, '2022-06-10', 34);
INSERT INTO `t_employee` VALUES (269, 'TSMAD3200269', '林婷婷', '$2a$10$vIc0z2ZBJYNDMNr2SZUTiOfT2H/d5pnbckj.NVFNJG38f7nt0UTbu', 32, 23, 32, '2018-09-12', 80);
INSERT INTO `t_employee` VALUES (270, 'TSMAD3200270', '蕭佳慧', '$2a$10$vIc0z2ZBJYNDMNr2SZUTiOfT2H/d5pnbckj.NVFNJG38f7nt0UTbu', 32, 20, 32, '2022-07-08', 33);
INSERT INTO `t_employee` VALUES (271, 'TSMAD3200271', '楊家銘', '$2a$10$vIc0z2ZBJYNDMNr2SZUTiOfT2H/d5pnbckj.NVFNJG38f7nt0UTbu', 32, 22, 32, '2015-07-15', 118);
INSERT INTO `t_employee` VALUES (272, 'TSMAD3200272', '周俊傑', '$2a$10$vIc0z2ZBJYNDMNr2SZUTiOfT2H/d5pnbckj.NVFNJG38f7nt0UTbu', 32, 20, 32, '2019-06-16', 70);
INSERT INTO `t_employee` VALUES (273, 'TSMAD3200273', '朱怡婷', '$2a$10$vIc0z2ZBJYNDMNr2SZUTiOfT2H/d5pnbckj.NVFNJG38f7nt0UTbu', 32, 22, 32, '2018-11-06', 78);
INSERT INTO `t_employee` VALUES (274, 'TSMAD3200274', '陸思穎', '$2a$10$vIc0z2ZBJYNDMNr2SZUTiOfT2H/d5pnbckj.NVFNJG38f7nt0UTbu', 32, 22, 32, '2016-06-06', 107);
INSERT INTO `t_employee` VALUES (275, 'TSMIT0000275', '田美琪', '$2a$10$vIc0z2ZBJYNDMNr2SZUTiOfT2H/d5pnbckj.NVFNJG38f7nt0UTbu', 33, 12, 33, '2019-08-03', 69);
INSERT INTO `t_employee` VALUES (276, 'TSMIT0000276', '江美玲', '$2a$10$vIc0z2ZBJYNDMNr2SZUTiOfT2H/d5pnbckj.NVFNJG38f7nt0UTbu', 33, 30, 33, '2021-11-02', 41);
INSERT INTO `t_employee` VALUES (277, 'TSMIT0000277', '宋宜君', '$2a$10$vIc0z2ZBJYNDMNr2SZUTiOfT2H/d5pnbckj.NVFNJG38f7nt0UTbu', 33, 12, 33, '2015-06-06', 119);
INSERT INTO `t_employee` VALUES (278, 'TSMIT1000278', '王佳樺', '$2a$10$vIc0z2ZBJYNDMNr2SZUTiOfT2H/d5pnbckj.NVFNJG38f7nt0UTbu', 34, 14, 34, '2022-09-14', 31);
INSERT INTO `t_employee` VALUES (279, 'TSMIT1000279', '李佩君', '$2a$10$vIc0z2ZBJYNDMNr2SZUTiOfT2H/d5pnbckj.NVFNJG38f7nt0UTbu', 34, 14, 34, '2022-03-13', 37);
INSERT INTO `t_employee` VALUES (280, 'TSMIT1000280', '黃沖', '$2a$10$vIc0z2ZBJYNDMNr2SZUTiOfT2H/d5pnbckj.NVFNJG38f7nt0UTbu', 34, 14, 34, '2016-01-24', 112);
INSERT INTO `t_employee` VALUES (281, 'TSMIT1100281', '周沖', '$2a$10$vIc0z2ZBJYNDMNr2SZUTiOfT2H/d5pnbckj.NVFNJG38f7nt0UTbu', 35, 12, 35, '2022-09-15', 31);
INSERT INTO `t_employee` VALUES (282, 'TSMIT1100282', '許雅琪', '$2a$10$vIc0z2ZBJYNDMNr2SZUTiOfT2H/d5pnbckj.NVFNJG38f7nt0UTbu', 35, 14, 35, '2022-09-26', 31);
INSERT INTO `t_employee` VALUES (283, 'TSMIT1100283', '姚俊賢', '$2a$10$vIc0z2ZBJYNDMNr2SZUTiOfT2H/d5pnbckj.NVFNJG38f7nt0UTbu', 35, 12, 35, '2022-11-21', 29);
INSERT INTO `t_employee` VALUES (284, 'TSMIT1100284', '戴怡如', '$2a$10$vIc0z2ZBJYNDMNr2SZUTiOfT2H/d5pnbckj.NVFNJG38f7nt0UTbu', 35, 13, 35, '2017-10-26', 90);
INSERT INTO `t_employee` VALUES (285, 'TSMIT1100285', '王美玲', '$2a$10$vIc0z2ZBJYNDMNr2SZUTiOfT2H/d5pnbckj.NVFNJG38f7nt0UTbu', 35, 14, 35, '2021-03-07', 49);
INSERT INTO `t_employee` VALUES (286, 'TSMIT1100286', '王淑玲', '$2a$10$vIc0z2ZBJYNDMNr2SZUTiOfT2H/d5pnbckj.NVFNJG38f7nt0UTbu', 35, 29, 35, '2016-11-28', 101);
INSERT INTO `t_employee` VALUES (287, 'TSMIT1100287', '鐘家瑋', '$2a$10$vIc0z2ZBJYNDMNr2SZUTiOfT2H/d5pnbckj.NVFNJG38f7nt0UTbu', 35, 28, 35, '2022-12-25', 28);
INSERT INTO `t_employee` VALUES (288, 'TSMIT1100288', '鞠怡如', '$2a$10$vIc0z2ZBJYNDMNr2SZUTiOfT2H/d5pnbckj.NVFNJG38f7nt0UTbu', 35, 28, 35, '2018-11-14', 78);
INSERT INTO `t_employee` VALUES (289, 'TSMIT1100289', '戴郁婷', '$2a$10$vIc0z2ZBJYNDMNr2SZUTiOfT2H/d5pnbckj.NVFNJG38f7nt0UTbu', 35, 15, 35, '2018-01-23', 87);
INSERT INTO `t_employee` VALUES (290, 'TSMIT1200290', '任淑華', '$2a$10$vIc0z2ZBJYNDMNr2SZUTiOfT2H/d5pnbckj.NVFNJG38f7nt0UTbu', 36, 14, 36, '2016-03-26', 110);
INSERT INTO `t_employee` VALUES (291, 'TSMIT1200291', '吳宇軒', '$2a$10$vIc0z2ZBJYNDMNr2SZUTiOfT2H/d5pnbckj.NVFNJG38f7nt0UTbu', 36, 12, 36, '2018-10-08', 79);
INSERT INTO `t_employee` VALUES (292, 'TSMIT1200292', '趙冠霖', '$2a$10$vIc0z2ZBJYNDMNr2SZUTiOfT2H/d5pnbckj.NVFNJG38f7nt0UTbu', 36, 28, 36, '2018-01-06', 88);
INSERT INTO `t_employee` VALUES (293, 'TSMIT1200293', '曾依婷', '$2a$10$vIc0z2ZBJYNDMNr2SZUTiOfT2H/d5pnbckj.NVFNJG38f7nt0UTbu', 36, 29, 36, '2021-06-01', 47);
INSERT INTO `t_employee` VALUES (294, 'TSMIT1200294', '李建宏', '$2a$10$vIc0z2ZBJYNDMNr2SZUTiOfT2H/d5pnbckj.NVFNJG38f7nt0UTbu', 36, 30, 36, '2016-11-07', 102);
INSERT INTO `t_employee` VALUES (295, 'TSMIT1300295', '汪宜君', '$2a$10$vIc0z2ZBJYNDMNr2SZUTiOfT2H/d5pnbckj.NVFNJG38f7nt0UTbu', 37, 29, 37, '2019-03-22', 73);
INSERT INTO `t_employee` VALUES (296, 'TSMIT1300296', '關佳玲', '$2a$10$vIc0z2ZBJYNDMNr2SZUTiOfT2H/d5pnbckj.NVFNJG38f7nt0UTbu', 37, 29, 37, '2020-08-20', 56);
INSERT INTO `t_employee` VALUES (297, 'TSMIT1300297', '胡郁雯', '$2a$10$vIc0z2ZBJYNDMNr2SZUTiOfT2H/d5pnbckj.NVFNJG38f7nt0UTbu', 37, 12, 37, '2022-08-11', 32);
INSERT INTO `t_employee` VALUES (298, 'TSMIT1300298', '楊怡安', '$2a$10$vIc0z2ZBJYNDMNr2SZUTiOfT2H/d5pnbckj.NVFNJG38f7nt0UTbu', 37, 15, 37, '2022-08-06', 32);
INSERT INTO `t_employee` VALUES (299, 'TSMIT1300299', '石淑芬', '$2a$10$vIc0z2ZBJYNDMNr2SZUTiOfT2H/d5pnbckj.NVFNJG38f7nt0UTbu', 37, 15, 37, '2022-07-24', 33);
INSERT INTO `t_employee` VALUES (300, 'TSMIT1300300', '李婉婷', '$2a$10$vIc0z2ZBJYNDMNr2SZUTiOfT2H/d5pnbckj.NVFNJG38f7nt0UTbu', 37, 29, 37, '2015-10-22', 115);
INSERT INTO `t_employee` VALUES (301, 'TSMIT1300301', '嶽欣怡', '$2a$10$vIc0z2ZBJYNDMNr2SZUTiOfT2H/d5pnbckj.NVFNJG38f7nt0UTbu', 37, 16, 37, '2020-04-05', 61);
INSERT INTO `t_employee` VALUES (302, 'TSMIT1300302', '徐建宏', '$2a$10$vIc0z2ZBJYNDMNr2SZUTiOfT2H/d5pnbckj.NVFNJG38f7nt0UTbu', 37, 13, 37, '2019-06-11', 71);
INSERT INTO `t_employee` VALUES (303, 'TSMIT2000303', '熊雅萍', '$2a$10$vIc0z2ZBJYNDMNr2SZUTiOfT2H/d5pnbckj.NVFNJG38f7nt0UTbu', 38, 28, 38, '2022-09-05', 31);
INSERT INTO `t_employee` VALUES (304, 'TSMIT2000304', '盧依婷', '$2a$10$vIc0z2ZBJYNDMNr2SZUTiOfT2H/d5pnbckj.NVFNJG38f7nt0UTbu', 38, 28, 38, '2022-10-25', 30);
INSERT INTO `t_employee` VALUES (305, 'TSMIT2000305', '王淑娟', '$2a$10$vIc0z2ZBJYNDMNr2SZUTiOfT2H/d5pnbckj.NVFNJG38f7nt0UTbu', 38, 29, 38, '2018-01-02', 88);
INSERT INTO `t_employee` VALUES (306, 'TSMIT2100306', '郝雅琪', '$2a$10$vIc0z2ZBJYNDMNr2SZUTiOfT2H/d5pnbckj.NVFNJG38f7nt0UTbu', 39, 28, 39, '2016-07-06', 106);
INSERT INTO `t_employee` VALUES (307, 'TSMIT2100307', '張馨儀', '$2a$10$vIc0z2ZBJYNDMNr2SZUTiOfT2H/d5pnbckj.NVFNJG38f7nt0UTbu', 39, 28, 39, '2018-02-21', 86);
INSERT INTO `t_employee` VALUES (308, 'TSMIT2100308', '趙依婷', '$2a$10$vIc0z2ZBJYNDMNr2SZUTiOfT2H/d5pnbckj.NVFNJG38f7nt0UTbu', 39, 30, 39, '2018-12-08', 77);
INSERT INTO `t_employee` VALUES (309, 'TSMIT2100309', '周彥廷', '$2a$10$vIc0z2ZBJYNDMNr2SZUTiOfT2H/d5pnbckj.NVFNJG38f7nt0UTbu', 39, 14, 39, '2019-09-19', 67);
INSERT INTO `t_employee` VALUES (310, 'TSMIT2100310', '謝郁雯', '$2a$10$vIc0z2ZBJYNDMNr2SZUTiOfT2H/d5pnbckj.NVFNJG38f7nt0UTbu', 39, 28, 39, '2018-06-25', 82);
INSERT INTO `t_employee` VALUES (311, 'TSMIT2100311', '張沖', '$2a$10$vIc0z2ZBJYNDMNr2SZUTiOfT2H/d5pnbckj.NVFNJG38f7nt0UTbu', 39, 28, 39, '2018-12-08', 77);
INSERT INTO `t_employee` VALUES (312, 'TSMIT2100312', '龐雅芳', '$2a$10$vIc0z2ZBJYNDMNr2SZUTiOfT2H/d5pnbckj.NVFNJG38f7nt0UTbu', 39, 15, 39, '2017-06-05', 95);
INSERT INTO `t_employee` VALUES (313, 'TSMIT2200313', '丁婉婷', '$2a$10$vIc0z2ZBJYNDMNr2SZUTiOfT2H/d5pnbckj.NVFNJG38f7nt0UTbu', 40, 29, 40, '2015-03-27', 122);
INSERT INTO `t_employee` VALUES (314, 'TSMIT2200314', '劉惠婷', '$2a$10$vIc0z2ZBJYNDMNr2SZUTiOfT2H/d5pnbckj.NVFNJG38f7nt0UTbu', 40, 13, 40, '2021-12-04', 40);
INSERT INTO `t_employee` VALUES (315, 'TSMIT2200315', '蘇志偉', '$2a$10$vIc0z2ZBJYNDMNr2SZUTiOfT2H/d5pnbckj.NVFNJG38f7nt0UTbu', 40, 14, 40, '2019-04-06', 73);
INSERT INTO `t_employee` VALUES (316, 'TSMIT2200316', '張淑芬', '$2a$10$vIc0z2ZBJYNDMNr2SZUTiOfT2H/d5pnbckj.NVFNJG38f7nt0UTbu', 40, 16, 40, '2016-06-21', 107);
INSERT INTO `t_employee` VALUES (317, 'TSMIT2200317', '姜淑娟', '$2a$10$vIc0z2ZBJYNDMNr2SZUTiOfT2H/d5pnbckj.NVFNJG38f7nt0UTbu', 40, 29, 40, '2016-01-19', 112);
INSERT INTO `t_employee` VALUES (318, 'TSMIT2200318', '孫佳樺', '$2a$10$vIc0z2ZBJYNDMNr2SZUTiOfT2H/d5pnbckj.NVFNJG38f7nt0UTbu', 40, 16, 40, '2019-01-22', 75);
INSERT INTO `t_employee` VALUES (319, 'TSMIT2200319', '唐淑玲', '$2a$10$vIc0z2ZBJYNDMNr2SZUTiOfT2H/d5pnbckj.NVFNJG38f7nt0UTbu', 40, 29, 40, '2021-02-28', 50);
INSERT INTO `t_employee` VALUES (320, 'TSMIT2200320', '劉雅婷', '$2a$10$vIc0z2ZBJYNDMNr2SZUTiOfT2H/d5pnbckj.NVFNJG38f7nt0UTbu', 40, 12, 40, '2020-08-13', 56);

-- ----------------------------
-- Table structure for t_employee_leave_balance
-- ----------------------------
DROP TABLE IF EXISTS `t_employee_leave_balance`;
CREATE TABLE `t_employee_leave_balance`  (
  `balance_id` int NOT NULL AUTO_INCREMENT COMMENT '餘額記錄唯一識別碼',
  `employee_id` int NOT NULL COMMENT '員工ID',
  `leave_type_id` int NOT NULL COMMENT '假別ID',
  `leave_year` int NOT NULL COMMENT '年度',
  `total_hours` int NOT NULL COMMENT '總額度(小時)',
  `used_hours` int NOT NULL COMMENT '已使用額度(小時)',
  `remaining_hours` int NOT NULL COMMENT '剩餘額度(小時)',
  PRIMARY KEY (`balance_id`) USING BTREE,
  INDEX `fk_t_employee_leave_balance_employee_id`(`employee_id` ASC) USING BTREE,
  INDEX `fk_t_employee_leave_balance_leave_type_id`(`leave_type_id` ASC) USING BTREE,
  CONSTRAINT `fk_t_employee_leave_balance_employee_id` FOREIGN KEY (`employee_id`) REFERENCES `t_employee` (`employee_id`) ON DELETE RESTRICT ON UPDATE RESTRICT,
  CONSTRAINT `fk_t_employee_leave_balance_leave_type_id` FOREIGN KEY (`leave_type_id`) REFERENCES `t_leave_type` (`leave_type_id`) ON DELETE RESTRICT ON UPDATE RESTRICT
) ENGINE = InnoDB AUTO_INCREMENT = 1 CHARACTER SET = utf8mb4 COLLATE = utf8mb4_zh_0900_as_cs ROW_FORMAT = Dynamic;

-- ----------------------------
-- Records of t_employee_leave_balance
-- ----------------------------
INSERT INTO `t_employee_leave_balance` VALUES (1, 1, 1, 2025, 160, 4, 156);
INSERT INTO `t_employee_leave_balance` VALUES (2, 1, 2, 2025, 240, 32, 208);
INSERT INTO `t_employee_leave_balance` VALUES (3, 1, 3, 2025, 112, 0, 112);
INSERT INTO `t_employee_leave_balance` VALUES (4, 2, 1, 2025, 120, 0, 120);
INSERT INTO `t_employee_leave_balance` VALUES (5, 2, 2, 2025, 240, 0, 240);
INSERT INTO `t_employee_leave_balance` VALUES (6, 2, 3, 2025, 112, 0, 112);
INSERT INTO `t_employee_leave_balance` VALUES (7, 3, 1, 2025, 112, 0, 112);
INSERT INTO `t_employee_leave_balance` VALUES (8, 3, 2, 2025, 240, 32, 208);
INSERT INTO `t_employee_leave_balance` VALUES (9, 3, 3, 2025, 112, 56, 56);
INSERT INTO `t_employee_leave_balance` VALUES (10, 4, 1, 2025, 160, 0, 160);
INSERT INTO `t_employee_leave_balance` VALUES (11, 4, 2, 2025, 240, 0, 240);
INSERT INTO `t_employee_leave_balance` VALUES (12, 4, 3, 2025, 112, 0, 112);
INSERT INTO `t_employee_leave_balance` VALUES (13, 5, 1, 2025, 120, 0, 120);
INSERT INTO `t_employee_leave_balance` VALUES (14, 5, 2, 2025, 240, 32, 208);
INSERT INTO `t_employee_leave_balance` VALUES (15, 5, 3, 2025, 112, 0, 112);
INSERT INTO `t_employee_leave_balance` VALUES (16, 6, 1, 2025, 120, 0, 120);
INSERT INTO `t_employee_leave_balance` VALUES (17, 6, 2, 2025, 240, 0, 240);
INSERT INTO `t_employee_leave_balance` VALUES (18, 6, 3, 2025, 112, 24, 88);
INSERT INTO `t_employee_leave_balance` VALUES (19, 7, 1, 2025, 160, 0, 160);
INSERT INTO `t_employee_leave_balance` VALUES (20, 7, 2, 2025, 240, 0, 240);
INSERT INTO `t_employee_leave_balance` VALUES (21, 7, 3, 2025, 112, 0, 112);
INSERT INTO `t_employee_leave_balance` VALUES (22, 8, 1, 2025, 160, 0, 160);
INSERT INTO `t_employee_leave_balance` VALUES (23, 8, 2, 2025, 240, 0, 240);
INSERT INTO `t_employee_leave_balance` VALUES (24, 8, 3, 2025, 112, 0, 112);
INSERT INTO `t_employee_leave_balance` VALUES (25, 9, 1, 2025, 160, 32, 128);
INSERT INTO `t_employee_leave_balance` VALUES (26, 9, 2, 2025, 240, 64, 176);
INSERT INTO `t_employee_leave_balance` VALUES (27, 9, 3, 2025, 112, 0, 112);
INSERT INTO `t_employee_leave_balance` VALUES (28, 10, 1, 2025, 160, 0, 160);
INSERT INTO `t_employee_leave_balance` VALUES (29, 10, 2, 2025, 240, 0, 240);
INSERT INTO `t_employee_leave_balance` VALUES (30, 10, 3, 2025, 112, 0, 112);
INSERT INTO `t_employee_leave_balance` VALUES (31, 11, 1, 2025, 120, 0, 120);
INSERT INTO `t_employee_leave_balance` VALUES (32, 11, 2, 2025, 240, 0, 240);
INSERT INTO `t_employee_leave_balance` VALUES (33, 11, 3, 2025, 112, 0, 112);
INSERT INTO `t_employee_leave_balance` VALUES (34, 12, 1, 2025, 160, 0, 160);
INSERT INTO `t_employee_leave_balance` VALUES (35, 12, 2, 2025, 240, 4, 236);
INSERT INTO `t_employee_leave_balance` VALUES (36, 12, 3, 2025, 112, 16, 96);
INSERT INTO `t_employee_leave_balance` VALUES (37, 13, 1, 2025, 160, 0, 160);
INSERT INTO `t_employee_leave_balance` VALUES (38, 13, 2, 2025, 240, 40, 200);
INSERT INTO `t_employee_leave_balance` VALUES (39, 13, 3, 2025, 112, 32, 80);
INSERT INTO `t_employee_leave_balance` VALUES (40, 14, 1, 2025, 120, 0, 120);
INSERT INTO `t_employee_leave_balance` VALUES (41, 14, 2, 2025, 240, 0, 240);
INSERT INTO `t_employee_leave_balance` VALUES (42, 14, 3, 2025, 112, 0, 112);
INSERT INTO `t_employee_leave_balance` VALUES (43, 15, 1, 2025, 120, 0, 120);
INSERT INTO `t_employee_leave_balance` VALUES (44, 15, 2, 2025, 240, 0, 240);
INSERT INTO `t_employee_leave_balance` VALUES (45, 15, 3, 2025, 112, 8, 104);
INSERT INTO `t_employee_leave_balance` VALUES (46, 16, 1, 2025, 120, 0, 120);
INSERT INTO `t_employee_leave_balance` VALUES (47, 16, 2, 2025, 240, 0, 240);
INSERT INTO `t_employee_leave_balance` VALUES (48, 16, 3, 2025, 112, 32, 80);
INSERT INTO `t_employee_leave_balance` VALUES (49, 17, 1, 2025, 120, 0, 120);
INSERT INTO `t_employee_leave_balance` VALUES (50, 17, 2, 2025, 240, 0, 240);
INSERT INTO `t_employee_leave_balance` VALUES (51, 17, 3, 2025, 112, 0, 112);
INSERT INTO `t_employee_leave_balance` VALUES (52, 18, 1, 2025, 120, 0, 120);
INSERT INTO `t_employee_leave_balance` VALUES (53, 18, 2, 2025, 240, 0, 240);
INSERT INTO `t_employee_leave_balance` VALUES (54, 18, 3, 2025, 112, 0, 112);
INSERT INTO `t_employee_leave_balance` VALUES (55, 19, 1, 2025, 160, 0, 160);
INSERT INTO `t_employee_leave_balance` VALUES (56, 19, 2, 2025, 240, 0, 240);
INSERT INTO `t_employee_leave_balance` VALUES (57, 19, 3, 2025, 112, 0, 112);
INSERT INTO `t_employee_leave_balance` VALUES (58, 20, 1, 2025, 120, 0, 120);
INSERT INTO `t_employee_leave_balance` VALUES (59, 20, 2, 2025, 240, 16, 224);
INSERT INTO `t_employee_leave_balance` VALUES (60, 20, 3, 2025, 112, 0, 112);
INSERT INTO `t_employee_leave_balance` VALUES (61, 21, 1, 2025, 160, 0, 160);
INSERT INTO `t_employee_leave_balance` VALUES (62, 21, 2, 2025, 240, 0, 240);
INSERT INTO `t_employee_leave_balance` VALUES (63, 21, 3, 2025, 112, 0, 112);
INSERT INTO `t_employee_leave_balance` VALUES (64, 22, 1, 2025, 160, 0, 160);
INSERT INTO `t_employee_leave_balance` VALUES (65, 22, 2, 2025, 240, 0, 240);
INSERT INTO `t_employee_leave_balance` VALUES (66, 22, 3, 2025, 112, 0, 112);
INSERT INTO `t_employee_leave_balance` VALUES (67, 23, 1, 2025, 120, 0, 120);
INSERT INTO `t_employee_leave_balance` VALUES (68, 23, 2, 2025, 240, 0, 240);
INSERT INTO `t_employee_leave_balance` VALUES (69, 23, 3, 2025, 112, 0, 112);
INSERT INTO `t_employee_leave_balance` VALUES (70, 24, 1, 2025, 120, 0, 120);
INSERT INTO `t_employee_leave_balance` VALUES (71, 24, 2, 2025, 240, 0, 240);
INSERT INTO `t_employee_leave_balance` VALUES (72, 24, 3, 2025, 112, 0, 112);
INSERT INTO `t_employee_leave_balance` VALUES (73, 25, 1, 2025, 160, 0, 160);
INSERT INTO `t_employee_leave_balance` VALUES (74, 25, 2, 2025, 240, 0, 240);
INSERT INTO `t_employee_leave_balance` VALUES (75, 25, 3, 2025, 112, 0, 112);
INSERT INTO `t_employee_leave_balance` VALUES (76, 26, 1, 2025, 160, 0, 160);
INSERT INTO `t_employee_leave_balance` VALUES (77, 26, 2, 2025, 240, 0, 240);
INSERT INTO `t_employee_leave_balance` VALUES (78, 26, 3, 2025, 112, 0, 112);
INSERT INTO `t_employee_leave_balance` VALUES (79, 27, 1, 2025, 120, 0, 120);
INSERT INTO `t_employee_leave_balance` VALUES (80, 27, 2, 2025, 240, 0, 240);
INSERT INTO `t_employee_leave_balance` VALUES (81, 27, 3, 2025, 112, 0, 112);
INSERT INTO `t_employee_leave_balance` VALUES (82, 28, 1, 2025, 120, 0, 120);
INSERT INTO `t_employee_leave_balance` VALUES (83, 28, 2, 2025, 240, 40, 200);
INSERT INTO `t_employee_leave_balance` VALUES (84, 28, 3, 2025, 112, 4, 108);
INSERT INTO `t_employee_leave_balance` VALUES (85, 29, 1, 2025, 160, 0, 160);
INSERT INTO `t_employee_leave_balance` VALUES (86, 29, 2, 2025, 240, 0, 240);
INSERT INTO `t_employee_leave_balance` VALUES (87, 29, 3, 2025, 112, 0, 112);
INSERT INTO `t_employee_leave_balance` VALUES (88, 30, 1, 2025, 160, 0, 160);
INSERT INTO `t_employee_leave_balance` VALUES (89, 30, 2, 2025, 240, 0, 240);
INSERT INTO `t_employee_leave_balance` VALUES (90, 30, 3, 2025, 112, 64, 48);
INSERT INTO `t_employee_leave_balance` VALUES (91, 31, 1, 2025, 160, 4, 156);
INSERT INTO `t_employee_leave_balance` VALUES (92, 31, 2, 2025, 240, 8, 232);
INSERT INTO `t_employee_leave_balance` VALUES (93, 31, 3, 2025, 112, 32, 80);
INSERT INTO `t_employee_leave_balance` VALUES (94, 32, 1, 2025, 120, 0, 120);
INSERT INTO `t_employee_leave_balance` VALUES (95, 32, 2, 2025, 240, 0, 240);
INSERT INTO `t_employee_leave_balance` VALUES (96, 32, 3, 2025, 112, 0, 112);
INSERT INTO `t_employee_leave_balance` VALUES (97, 33, 1, 2025, 160, 0, 160);
INSERT INTO `t_employee_leave_balance` VALUES (98, 33, 2, 2025, 240, 0, 240);
INSERT INTO `t_employee_leave_balance` VALUES (99, 33, 3, 2025, 112, 0, 112);
INSERT INTO `t_employee_leave_balance` VALUES (100, 34, 1, 2025, 120, 0, 120);
INSERT INTO `t_employee_leave_balance` VALUES (101, 34, 2, 2025, 240, 0, 240);
INSERT INTO `t_employee_leave_balance` VALUES (102, 34, 3, 2025, 112, 0, 112);
INSERT INTO `t_employee_leave_balance` VALUES (103, 35, 1, 2025, 112, 0, 112);
INSERT INTO `t_employee_leave_balance` VALUES (104, 35, 2, 2025, 240, 0, 240);
INSERT INTO `t_employee_leave_balance` VALUES (105, 35, 3, 2025, 112, 0, 112);
INSERT INTO `t_employee_leave_balance` VALUES (106, 36, 1, 2025, 120, 0, 120);
INSERT INTO `t_employee_leave_balance` VALUES (107, 36, 2, 2025, 240, 0, 240);
INSERT INTO `t_employee_leave_balance` VALUES (108, 36, 3, 2025, 112, 0, 112);
INSERT INTO `t_employee_leave_balance` VALUES (109, 37, 1, 2025, 120, 32, 88);
INSERT INTO `t_employee_leave_balance` VALUES (110, 37, 2, 2025, 240, 32, 208);
INSERT INTO `t_employee_leave_balance` VALUES (111, 37, 3, 2025, 112, 40, 72);
INSERT INTO `t_employee_leave_balance` VALUES (112, 38, 1, 2025, 160, 0, 160);
INSERT INTO `t_employee_leave_balance` VALUES (113, 38, 2, 2025, 240, 0, 240);
INSERT INTO `t_employee_leave_balance` VALUES (114, 38, 3, 2025, 112, 28, 84);
INSERT INTO `t_employee_leave_balance` VALUES (115, 39, 1, 2025, 120, 0, 120);
INSERT INTO `t_employee_leave_balance` VALUES (116, 39, 2, 2025, 240, 0, 240);
INSERT INTO `t_employee_leave_balance` VALUES (117, 39, 3, 2025, 112, 0, 112);
INSERT INTO `t_employee_leave_balance` VALUES (118, 40, 1, 2025, 160, 0, 160);
INSERT INTO `t_employee_leave_balance` VALUES (119, 40, 2, 2025, 240, 0, 240);
INSERT INTO `t_employee_leave_balance` VALUES (120, 40, 3, 2025, 112, 0, 112);
INSERT INTO `t_employee_leave_balance` VALUES (121, 41, 1, 2025, 112, 40, 72);
INSERT INTO `t_employee_leave_balance` VALUES (122, 41, 2, 2025, 240, 0, 240);
INSERT INTO `t_employee_leave_balance` VALUES (123, 41, 3, 2025, 112, 0, 112);
INSERT INTO `t_employee_leave_balance` VALUES (124, 42, 1, 2025, 112, 0, 112);
INSERT INTO `t_employee_leave_balance` VALUES (125, 42, 2, 2025, 240, 0, 240);
INSERT INTO `t_employee_leave_balance` VALUES (126, 42, 3, 2025, 112, 0, 112);
INSERT INTO `t_employee_leave_balance` VALUES (127, 43, 1, 2025, 120, 0, 120);
INSERT INTO `t_employee_leave_balance` VALUES (128, 43, 2, 2025, 240, 0, 240);
INSERT INTO `t_employee_leave_balance` VALUES (129, 43, 3, 2025, 112, 0, 112);
INSERT INTO `t_employee_leave_balance` VALUES (130, 44, 1, 2025, 112, 0, 112);
INSERT INTO `t_employee_leave_balance` VALUES (131, 44, 2, 2025, 240, 0, 240);
INSERT INTO `t_employee_leave_balance` VALUES (132, 44, 3, 2025, 112, 0, 112);
INSERT INTO `t_employee_leave_balance` VALUES (133, 45, 1, 2025, 112, 0, 112);
INSERT INTO `t_employee_leave_balance` VALUES (134, 45, 2, 2025, 240, 0, 240);
INSERT INTO `t_employee_leave_balance` VALUES (135, 45, 3, 2025, 112, 0, 112);
INSERT INTO `t_employee_leave_balance` VALUES (136, 46, 1, 2025, 120, 0, 120);
INSERT INTO `t_employee_leave_balance` VALUES (137, 46, 2, 2025, 240, 0, 240);
INSERT INTO `t_employee_leave_balance` VALUES (138, 46, 3, 2025, 112, 0, 112);
INSERT INTO `t_employee_leave_balance` VALUES (139, 47, 1, 2025, 120, 0, 120);
INSERT INTO `t_employee_leave_balance` VALUES (140, 47, 2, 2025, 240, 44, 196);
INSERT INTO `t_employee_leave_balance` VALUES (141, 47, 3, 2025, 112, 0, 112);
INSERT INTO `t_employee_leave_balance` VALUES (142, 48, 1, 2025, 112, 0, 112);
INSERT INTO `t_employee_leave_balance` VALUES (143, 48, 2, 2025, 240, 16, 224);
INSERT INTO `t_employee_leave_balance` VALUES (144, 48, 3, 2025, 112, 40, 72);
INSERT INTO `t_employee_leave_balance` VALUES (145, 49, 1, 2025, 120, 0, 120);
INSERT INTO `t_employee_leave_balance` VALUES (146, 49, 2, 2025, 240, 0, 240);
INSERT INTO `t_employee_leave_balance` VALUES (147, 49, 3, 2025, 112, 0, 112);
INSERT INTO `t_employee_leave_balance` VALUES (148, 50, 1, 2025, 120, 16, 104);
INSERT INTO `t_employee_leave_balance` VALUES (149, 50, 2, 2025, 240, 0, 240);
INSERT INTO `t_employee_leave_balance` VALUES (150, 50, 3, 2025, 112, 4, 108);
INSERT INTO `t_employee_leave_balance` VALUES (151, 51, 1, 2025, 112, 0, 112);
INSERT INTO `t_employee_leave_balance` VALUES (152, 51, 2, 2025, 240, 0, 240);
INSERT INTO `t_employee_leave_balance` VALUES (153, 51, 3, 2025, 112, 0, 112);
INSERT INTO `t_employee_leave_balance` VALUES (154, 52, 1, 2025, 80, 0, 80);
INSERT INTO `t_employee_leave_balance` VALUES (155, 52, 2, 2025, 240, 0, 240);
INSERT INTO `t_employee_leave_balance` VALUES (156, 52, 3, 2025, 112, 24, 88);
INSERT INTO `t_employee_leave_balance` VALUES (157, 53, 1, 2025, 160, 0, 160);
INSERT INTO `t_employee_leave_balance` VALUES (158, 53, 2, 2025, 240, 0, 240);
INSERT INTO `t_employee_leave_balance` VALUES (159, 53, 3, 2025, 112, 0, 112);
INSERT INTO `t_employee_leave_balance` VALUES (160, 54, 1, 2025, 120, 0, 120);
INSERT INTO `t_employee_leave_balance` VALUES (161, 54, 2, 2025, 240, 0, 240);
INSERT INTO `t_employee_leave_balance` VALUES (162, 54, 3, 2025, 112, 0, 112);
INSERT INTO `t_employee_leave_balance` VALUES (163, 55, 1, 2025, 80, 0, 80);
INSERT INTO `t_employee_leave_balance` VALUES (164, 55, 2, 2025, 240, 0, 240);
INSERT INTO `t_employee_leave_balance` VALUES (165, 55, 3, 2025, 112, 0, 112);
INSERT INTO `t_employee_leave_balance` VALUES (166, 56, 1, 2025, 120, 0, 120);
INSERT INTO `t_employee_leave_balance` VALUES (167, 56, 2, 2025, 240, 0, 240);
INSERT INTO `t_employee_leave_balance` VALUES (168, 56, 3, 2025, 112, 0, 112);
INSERT INTO `t_employee_leave_balance` VALUES (169, 57, 1, 2025, 112, 0, 112);
INSERT INTO `t_employee_leave_balance` VALUES (170, 57, 2, 2025, 240, 0, 240);
INSERT INTO `t_employee_leave_balance` VALUES (171, 57, 3, 2025, 112, 0, 112);
INSERT INTO `t_employee_leave_balance` VALUES (172, 58, 1, 2025, 120, 0, 120);
INSERT INTO `t_employee_leave_balance` VALUES (173, 58, 2, 2025, 240, 0, 240);
INSERT INTO `t_employee_leave_balance` VALUES (174, 58, 3, 2025, 112, 0, 112);
INSERT INTO `t_employee_leave_balance` VALUES (175, 59, 1, 2025, 120, 0, 120);
INSERT INTO `t_employee_leave_balance` VALUES (176, 59, 2, 2025, 240, 0, 240);
INSERT INTO `t_employee_leave_balance` VALUES (177, 59, 3, 2025, 112, 0, 112);
INSERT INTO `t_employee_leave_balance` VALUES (178, 60, 1, 2025, 80, 0, 80);
INSERT INTO `t_employee_leave_balance` VALUES (179, 60, 2, 2025, 240, 0, 240);
INSERT INTO `t_employee_leave_balance` VALUES (180, 60, 3, 2025, 112, 0, 112);
INSERT INTO `t_employee_leave_balance` VALUES (181, 61, 1, 2025, 120, 0, 120);
INSERT INTO `t_employee_leave_balance` VALUES (182, 61, 2, 2025, 240, 0, 240);
INSERT INTO `t_employee_leave_balance` VALUES (183, 61, 3, 2025, 112, 24, 88);
INSERT INTO `t_employee_leave_balance` VALUES (184, 62, 1, 2025, 120, 0, 120);
INSERT INTO `t_employee_leave_balance` VALUES (185, 62, 2, 2025, 240, 0, 240);
INSERT INTO `t_employee_leave_balance` VALUES (186, 62, 3, 2025, 112, 0, 112);
INSERT INTO `t_employee_leave_balance` VALUES (187, 63, 1, 2025, 120, 0, 120);
INSERT INTO `t_employee_leave_balance` VALUES (188, 63, 2, 2025, 240, 0, 240);
INSERT INTO `t_employee_leave_balance` VALUES (189, 63, 3, 2025, 112, 0, 112);
INSERT INTO `t_employee_leave_balance` VALUES (190, 64, 1, 2025, 120, 0, 120);
INSERT INTO `t_employee_leave_balance` VALUES (191, 64, 2, 2025, 240, 0, 240);
INSERT INTO `t_employee_leave_balance` VALUES (192, 64, 3, 2025, 112, 0, 112);
INSERT INTO `t_employee_leave_balance` VALUES (193, 65, 1, 2025, 120, 0, 120);
INSERT INTO `t_employee_leave_balance` VALUES (194, 65, 2, 2025, 240, 0, 240);
INSERT INTO `t_employee_leave_balance` VALUES (195, 65, 3, 2025, 112, 0, 112);
INSERT INTO `t_employee_leave_balance` VALUES (196, 66, 1, 2025, 112, 16, 96);
INSERT INTO `t_employee_leave_balance` VALUES (197, 66, 2, 2025, 240, 40, 200);
INSERT INTO `t_employee_leave_balance` VALUES (198, 66, 3, 2025, 112, 0, 112);
INSERT INTO `t_employee_leave_balance` VALUES (199, 67, 1, 2025, 120, 0, 120);
INSERT INTO `t_employee_leave_balance` VALUES (200, 67, 2, 2025, 240, 0, 240);
INSERT INTO `t_employee_leave_balance` VALUES (201, 67, 3, 2025, 112, 0, 112);
INSERT INTO `t_employee_leave_balance` VALUES (202, 68, 1, 2025, 120, 0, 120);
INSERT INTO `t_employee_leave_balance` VALUES (203, 68, 2, 2025, 240, 4, 236);
INSERT INTO `t_employee_leave_balance` VALUES (204, 68, 3, 2025, 112, 8, 104);
INSERT INTO `t_employee_leave_balance` VALUES (205, 69, 1, 2025, 112, 0, 112);
INSERT INTO `t_employee_leave_balance` VALUES (206, 69, 2, 2025, 240, 0, 240);
INSERT INTO `t_employee_leave_balance` VALUES (207, 69, 3, 2025, 112, 0, 112);
INSERT INTO `t_employee_leave_balance` VALUES (208, 70, 1, 2025, 120, 0, 120);
INSERT INTO `t_employee_leave_balance` VALUES (209, 70, 2, 2025, 240, 0, 240);
INSERT INTO `t_employee_leave_balance` VALUES (210, 70, 3, 2025, 112, 0, 112);
INSERT INTO `t_employee_leave_balance` VALUES (211, 71, 1, 2025, 112, 0, 112);
INSERT INTO `t_employee_leave_balance` VALUES (212, 71, 2, 2025, 240, 0, 240);
INSERT INTO `t_employee_leave_balance` VALUES (213, 71, 3, 2025, 112, 0, 112);
INSERT INTO `t_employee_leave_balance` VALUES (214, 72, 1, 2025, 120, 0, 120);
INSERT INTO `t_employee_leave_balance` VALUES (215, 72, 2, 2025, 240, 0, 240);
INSERT INTO `t_employee_leave_balance` VALUES (216, 72, 3, 2025, 112, 0, 112);
INSERT INTO `t_employee_leave_balance` VALUES (217, 73, 1, 2025, 120, 0, 120);
INSERT INTO `t_employee_leave_balance` VALUES (218, 73, 2, 2025, 240, 0, 240);
INSERT INTO `t_employee_leave_balance` VALUES (219, 73, 3, 2025, 112, 0, 112);
INSERT INTO `t_employee_leave_balance` VALUES (220, 74, 1, 2025, 120, 0, 120);
INSERT INTO `t_employee_leave_balance` VALUES (221, 74, 2, 2025, 240, 0, 240);
INSERT INTO `t_employee_leave_balance` VALUES (222, 74, 3, 2025, 112, 0, 112);
INSERT INTO `t_employee_leave_balance` VALUES (223, 75, 1, 2025, 112, 0, 112);
INSERT INTO `t_employee_leave_balance` VALUES (224, 75, 2, 2025, 240, 0, 240);
INSERT INTO `t_employee_leave_balance` VALUES (225, 75, 3, 2025, 112, 0, 112);
INSERT INTO `t_employee_leave_balance` VALUES (226, 76, 1, 2025, 120, 0, 120);
INSERT INTO `t_employee_leave_balance` VALUES (227, 76, 2, 2025, 240, 0, 240);
INSERT INTO `t_employee_leave_balance` VALUES (228, 76, 3, 2025, 112, 0, 112);
INSERT INTO `t_employee_leave_balance` VALUES (229, 77, 1, 2025, 120, 0, 120);
INSERT INTO `t_employee_leave_balance` VALUES (230, 77, 2, 2025, 240, 0, 240);
INSERT INTO `t_employee_leave_balance` VALUES (231, 77, 3, 2025, 112, 0, 112);
INSERT INTO `t_employee_leave_balance` VALUES (232, 78, 1, 2025, 112, 16, 96);
INSERT INTO `t_employee_leave_balance` VALUES (233, 78, 2, 2025, 240, 0, 240);
INSERT INTO `t_employee_leave_balance` VALUES (234, 78, 3, 2025, 112, 4, 108);
INSERT INTO `t_employee_leave_balance` VALUES (235, 79, 1, 2025, 120, 0, 120);
INSERT INTO `t_employee_leave_balance` VALUES (236, 79, 2, 2025, 240, 0, 240);
INSERT INTO `t_employee_leave_balance` VALUES (237, 79, 3, 2025, 112, 0, 112);
INSERT INTO `t_employee_leave_balance` VALUES (238, 80, 1, 2025, 120, 0, 120);
INSERT INTO `t_employee_leave_balance` VALUES (239, 80, 2, 2025, 240, 0, 240);
INSERT INTO `t_employee_leave_balance` VALUES (240, 80, 3, 2025, 112, 0, 112);
INSERT INTO `t_employee_leave_balance` VALUES (241, 81, 1, 2025, 120, 0, 120);
INSERT INTO `t_employee_leave_balance` VALUES (242, 81, 2, 2025, 240, 0, 240);
INSERT INTO `t_employee_leave_balance` VALUES (243, 81, 3, 2025, 112, 0, 112);
INSERT INTO `t_employee_leave_balance` VALUES (244, 82, 1, 2025, 80, 0, 80);
INSERT INTO `t_employee_leave_balance` VALUES (245, 82, 2, 2025, 240, 0, 240);
INSERT INTO `t_employee_leave_balance` VALUES (246, 82, 3, 2025, 112, 0, 112);
INSERT INTO `t_employee_leave_balance` VALUES (247, 83, 1, 2025, 120, 0, 120);
INSERT INTO `t_employee_leave_balance` VALUES (248, 83, 2, 2025, 240, 32, 208);
INSERT INTO `t_employee_leave_balance` VALUES (249, 83, 3, 2025, 112, 0, 112);
INSERT INTO `t_employee_leave_balance` VALUES (250, 84, 1, 2025, 120, 0, 120);
INSERT INTO `t_employee_leave_balance` VALUES (251, 84, 2, 2025, 240, 0, 240);
INSERT INTO `t_employee_leave_balance` VALUES (252, 84, 3, 2025, 112, 0, 112);
INSERT INTO `t_employee_leave_balance` VALUES (253, 85, 1, 2025, 112, 0, 112);
INSERT INTO `t_employee_leave_balance` VALUES (254, 85, 2, 2025, 240, 0, 240);
INSERT INTO `t_employee_leave_balance` VALUES (255, 85, 3, 2025, 112, 32, 80);
INSERT INTO `t_employee_leave_balance` VALUES (256, 86, 1, 2025, 160, 8, 152);
INSERT INTO `t_employee_leave_balance` VALUES (257, 86, 2, 2025, 240, 0, 240);
INSERT INTO `t_employee_leave_balance` VALUES (258, 86, 3, 2025, 112, 0, 112);
INSERT INTO `t_employee_leave_balance` VALUES (259, 87, 1, 2025, 112, 0, 112);
INSERT INTO `t_employee_leave_balance` VALUES (260, 87, 2, 2025, 240, 0, 240);
INSERT INTO `t_employee_leave_balance` VALUES (261, 87, 3, 2025, 112, 0, 112);
INSERT INTO `t_employee_leave_balance` VALUES (262, 88, 1, 2025, 120, 0, 120);
INSERT INTO `t_employee_leave_balance` VALUES (263, 88, 2, 2025, 240, 0, 240);
INSERT INTO `t_employee_leave_balance` VALUES (264, 88, 3, 2025, 112, 0, 112);
INSERT INTO `t_employee_leave_balance` VALUES (265, 89, 1, 2025, 120, 0, 120);
INSERT INTO `t_employee_leave_balance` VALUES (266, 89, 2, 2025, 240, 0, 240);
INSERT INTO `t_employee_leave_balance` VALUES (267, 89, 3, 2025, 112, 0, 112);
INSERT INTO `t_employee_leave_balance` VALUES (268, 90, 1, 2025, 120, 0, 120);
INSERT INTO `t_employee_leave_balance` VALUES (269, 90, 2, 2025, 240, 0, 240);
INSERT INTO `t_employee_leave_balance` VALUES (270, 90, 3, 2025, 112, 0, 112);
INSERT INTO `t_employee_leave_balance` VALUES (271, 91, 1, 2025, 112, 0, 112);
INSERT INTO `t_employee_leave_balance` VALUES (272, 91, 2, 2025, 240, 0, 240);
INSERT INTO `t_employee_leave_balance` VALUES (273, 91, 3, 2025, 112, 0, 112);
INSERT INTO `t_employee_leave_balance` VALUES (274, 92, 1, 2025, 120, 0, 120);
INSERT INTO `t_employee_leave_balance` VALUES (275, 92, 2, 2025, 240, 4, 236);
INSERT INTO `t_employee_leave_balance` VALUES (276, 92, 3, 2025, 112, 16, 96);
INSERT INTO `t_employee_leave_balance` VALUES (277, 93, 1, 2025, 112, 0, 112);
INSERT INTO `t_employee_leave_balance` VALUES (278, 93, 2, 2025, 240, 0, 240);
INSERT INTO `t_employee_leave_balance` VALUES (279, 93, 3, 2025, 112, 0, 112);
INSERT INTO `t_employee_leave_balance` VALUES (280, 94, 1, 2025, 120, 0, 120);
INSERT INTO `t_employee_leave_balance` VALUES (281, 94, 2, 2025, 240, 0, 240);
INSERT INTO `t_employee_leave_balance` VALUES (282, 94, 3, 2025, 112, 0, 112);
INSERT INTO `t_employee_leave_balance` VALUES (283, 95, 1, 2025, 120, 0, 120);
INSERT INTO `t_employee_leave_balance` VALUES (284, 95, 2, 2025, 240, 0, 240);
INSERT INTO `t_employee_leave_balance` VALUES (285, 95, 3, 2025, 112, 0, 112);
INSERT INTO `t_employee_leave_balance` VALUES (286, 96, 1, 2025, 120, 32, 88);
INSERT INTO `t_employee_leave_balance` VALUES (287, 96, 2, 2025, 240, 24, 216);
INSERT INTO `t_employee_leave_balance` VALUES (288, 96, 3, 2025, 112, 0, 112);
INSERT INTO `t_employee_leave_balance` VALUES (289, 97, 1, 2025, 120, 0, 120);
INSERT INTO `t_employee_leave_balance` VALUES (290, 97, 2, 2025, 240, 0, 240);
INSERT INTO `t_employee_leave_balance` VALUES (291, 97, 3, 2025, 112, 0, 112);
INSERT INTO `t_employee_leave_balance` VALUES (292, 98, 1, 2025, 120, 0, 120);
INSERT INTO `t_employee_leave_balance` VALUES (293, 98, 2, 2025, 240, 0, 240);
INSERT INTO `t_employee_leave_balance` VALUES (294, 98, 3, 2025, 112, 4, 108);
INSERT INTO `t_employee_leave_balance` VALUES (295, 99, 1, 2025, 120, 0, 120);
INSERT INTO `t_employee_leave_balance` VALUES (296, 99, 2, 2025, 240, 0, 240);
INSERT INTO `t_employee_leave_balance` VALUES (297, 99, 3, 2025, 112, 0, 112);
INSERT INTO `t_employee_leave_balance` VALUES (298, 100, 1, 2025, 112, 0, 112);
INSERT INTO `t_employee_leave_balance` VALUES (299, 100, 2, 2025, 240, 0, 240);
INSERT INTO `t_employee_leave_balance` VALUES (300, 100, 3, 2025, 112, 0, 112);
INSERT INTO `t_employee_leave_balance` VALUES (301, 101, 1, 2025, 112, 0, 112);
INSERT INTO `t_employee_leave_balance` VALUES (302, 101, 2, 2025, 240, 0, 240);
INSERT INTO `t_employee_leave_balance` VALUES (303, 101, 3, 2025, 112, 0, 112);
INSERT INTO `t_employee_leave_balance` VALUES (304, 102, 1, 2025, 120, 0, 120);
INSERT INTO `t_employee_leave_balance` VALUES (305, 102, 2, 2025, 240, 0, 240);
INSERT INTO `t_employee_leave_balance` VALUES (306, 102, 3, 2025, 112, 0, 112);
INSERT INTO `t_employee_leave_balance` VALUES (307, 103, 1, 2025, 120, 32, 88);
INSERT INTO `t_employee_leave_balance` VALUES (308, 103, 2, 2025, 240, 0, 240);
INSERT INTO `t_employee_leave_balance` VALUES (309, 103, 3, 2025, 112, 36, 76);
INSERT INTO `t_employee_leave_balance` VALUES (310, 104, 1, 2025, 112, 0, 112);
INSERT INTO `t_employee_leave_balance` VALUES (311, 104, 2, 2025, 240, 0, 240);
INSERT INTO `t_employee_leave_balance` VALUES (312, 104, 3, 2025, 112, 0, 112);
INSERT INTO `t_employee_leave_balance` VALUES (313, 105, 1, 2025, 112, 8, 104);
INSERT INTO `t_employee_leave_balance` VALUES (314, 105, 2, 2025, 240, 0, 240);
INSERT INTO `t_employee_leave_balance` VALUES (315, 105, 3, 2025, 112, 0, 112);
INSERT INTO `t_employee_leave_balance` VALUES (316, 106, 1, 2025, 120, 0, 120);
INSERT INTO `t_employee_leave_balance` VALUES (317, 106, 2, 2025, 240, 0, 240);
INSERT INTO `t_employee_leave_balance` VALUES (318, 106, 3, 2025, 112, 0, 112);
INSERT INTO `t_employee_leave_balance` VALUES (319, 107, 1, 2025, 112, 0, 112);
INSERT INTO `t_employee_leave_balance` VALUES (320, 107, 2, 2025, 240, 0, 240);
INSERT INTO `t_employee_leave_balance` VALUES (321, 107, 3, 2025, 112, 0, 112);
INSERT INTO `t_employee_leave_balance` VALUES (322, 108, 1, 2025, 120, 0, 120);
INSERT INTO `t_employee_leave_balance` VALUES (323, 108, 2, 2025, 240, 0, 240);
INSERT INTO `t_employee_leave_balance` VALUES (324, 108, 3, 2025, 112, 0, 112);
INSERT INTO `t_employee_leave_balance` VALUES (325, 109, 1, 2025, 120, 0, 120);
INSERT INTO `t_employee_leave_balance` VALUES (326, 109, 2, 2025, 240, 0, 240);
INSERT INTO `t_employee_leave_balance` VALUES (327, 109, 3, 2025, 112, 0, 112);
INSERT INTO `t_employee_leave_balance` VALUES (328, 110, 1, 2025, 112, 32, 80);
INSERT INTO `t_employee_leave_balance` VALUES (329, 110, 2, 2025, 240, 0, 240);
INSERT INTO `t_employee_leave_balance` VALUES (330, 110, 3, 2025, 112, 32, 80);
INSERT INTO `t_employee_leave_balance` VALUES (331, 111, 1, 2025, 160, 16, 144);
INSERT INTO `t_employee_leave_balance` VALUES (332, 111, 2, 2025, 240, 0, 240);
INSERT INTO `t_employee_leave_balance` VALUES (333, 111, 3, 2025, 112, 0, 112);
INSERT INTO `t_employee_leave_balance` VALUES (334, 112, 1, 2025, 112, 16, 96);
INSERT INTO `t_employee_leave_balance` VALUES (335, 112, 2, 2025, 240, 0, 240);
INSERT INTO `t_employee_leave_balance` VALUES (336, 112, 3, 2025, 112, 0, 112);
INSERT INTO `t_employee_leave_balance` VALUES (337, 113, 1, 2025, 120, 0, 120);
INSERT INTO `t_employee_leave_balance` VALUES (338, 113, 2, 2025, 240, 0, 240);
INSERT INTO `t_employee_leave_balance` VALUES (339, 113, 3, 2025, 112, 0, 112);
INSERT INTO `t_employee_leave_balance` VALUES (340, 114, 1, 2025, 112, 0, 112);
INSERT INTO `t_employee_leave_balance` VALUES (341, 114, 2, 2025, 240, 0, 240);
INSERT INTO `t_employee_leave_balance` VALUES (342, 114, 3, 2025, 112, 0, 112);
INSERT INTO `t_employee_leave_balance` VALUES (343, 115, 1, 2025, 120, 0, 120);
INSERT INTO `t_employee_leave_balance` VALUES (344, 115, 2, 2025, 240, 0, 240);
INSERT INTO `t_employee_leave_balance` VALUES (345, 115, 3, 2025, 112, 0, 112);
INSERT INTO `t_employee_leave_balance` VALUES (346, 116, 1, 2025, 112, 0, 112);
INSERT INTO `t_employee_leave_balance` VALUES (347, 116, 2, 2025, 240, 0, 240);
INSERT INTO `t_employee_leave_balance` VALUES (348, 116, 3, 2025, 112, 0, 112);
INSERT INTO `t_employee_leave_balance` VALUES (349, 117, 1, 2025, 80, 0, 80);
INSERT INTO `t_employee_leave_balance` VALUES (350, 117, 2, 2025, 240, 0, 240);
INSERT INTO `t_employee_leave_balance` VALUES (351, 117, 3, 2025, 112, 0, 112);
INSERT INTO `t_employee_leave_balance` VALUES (352, 118, 1, 2025, 120, 0, 120);
INSERT INTO `t_employee_leave_balance` VALUES (353, 118, 2, 2025, 240, 0, 240);
INSERT INTO `t_employee_leave_balance` VALUES (354, 118, 3, 2025, 112, 0, 112);
INSERT INTO `t_employee_leave_balance` VALUES (355, 119, 1, 2025, 120, 0, 120);
INSERT INTO `t_employee_leave_balance` VALUES (356, 119, 2, 2025, 240, 0, 240);
INSERT INTO `t_employee_leave_balance` VALUES (357, 119, 3, 2025, 112, 0, 112);
INSERT INTO `t_employee_leave_balance` VALUES (358, 120, 1, 2025, 112, 0, 112);
INSERT INTO `t_employee_leave_balance` VALUES (359, 120, 2, 2025, 240, 0, 240);
INSERT INTO `t_employee_leave_balance` VALUES (360, 120, 3, 2025, 112, 0, 112);
INSERT INTO `t_employee_leave_balance` VALUES (361, 121, 1, 2025, 112, 0, 112);
INSERT INTO `t_employee_leave_balance` VALUES (362, 121, 2, 2025, 240, 0, 240);
INSERT INTO `t_employee_leave_balance` VALUES (363, 121, 3, 2025, 112, 32, 80);
INSERT INTO `t_employee_leave_balance` VALUES (364, 122, 1, 2025, 80, 0, 80);
INSERT INTO `t_employee_leave_balance` VALUES (365, 122, 2, 2025, 240, 8, 232);
INSERT INTO `t_employee_leave_balance` VALUES (366, 122, 3, 2025, 112, 24, 88);
INSERT INTO `t_employee_leave_balance` VALUES (367, 123, 1, 2025, 120, 48, 72);
INSERT INTO `t_employee_leave_balance` VALUES (368, 123, 2, 2025, 240, 4, 236);
INSERT INTO `t_employee_leave_balance` VALUES (369, 123, 3, 2025, 112, 0, 112);
INSERT INTO `t_employee_leave_balance` VALUES (370, 124, 1, 2025, 120, 0, 120);
INSERT INTO `t_employee_leave_balance` VALUES (371, 124, 2, 2025, 240, 0, 240);
INSERT INTO `t_employee_leave_balance` VALUES (372, 124, 3, 2025, 112, 40, 72);
INSERT INTO `t_employee_leave_balance` VALUES (373, 125, 1, 2025, 120, 40, 80);
INSERT INTO `t_employee_leave_balance` VALUES (374, 125, 2, 2025, 240, 40, 200);
INSERT INTO `t_employee_leave_balance` VALUES (375, 125, 3, 2025, 112, 0, 112);
INSERT INTO `t_employee_leave_balance` VALUES (376, 126, 1, 2025, 120, 0, 120);
INSERT INTO `t_employee_leave_balance` VALUES (377, 126, 2, 2025, 240, 0, 240);
INSERT INTO `t_employee_leave_balance` VALUES (378, 126, 3, 2025, 112, 0, 112);
INSERT INTO `t_employee_leave_balance` VALUES (379, 127, 1, 2025, 120, 32, 88);
INSERT INTO `t_employee_leave_balance` VALUES (380, 127, 2, 2025, 240, 0, 240);
INSERT INTO `t_employee_leave_balance` VALUES (381, 127, 3, 2025, 112, 0, 112);
INSERT INTO `t_employee_leave_balance` VALUES (382, 128, 1, 2025, 120, 40, 80);
INSERT INTO `t_employee_leave_balance` VALUES (383, 128, 2, 2025, 240, 0, 240);
INSERT INTO `t_employee_leave_balance` VALUES (384, 128, 3, 2025, 112, 0, 112);
INSERT INTO `t_employee_leave_balance` VALUES (385, 129, 1, 2025, 112, 0, 112);
INSERT INTO `t_employee_leave_balance` VALUES (386, 129, 2, 2025, 240, 0, 240);
INSERT INTO `t_employee_leave_balance` VALUES (387, 129, 3, 2025, 112, 0, 112);
INSERT INTO `t_employee_leave_balance` VALUES (388, 130, 1, 2025, 80, 8, 72);
INSERT INTO `t_employee_leave_balance` VALUES (389, 130, 2, 2025, 240, 0, 240);
INSERT INTO `t_employee_leave_balance` VALUES (390, 130, 3, 2025, 112, 0, 112);
INSERT INTO `t_employee_leave_balance` VALUES (391, 131, 1, 2025, 160, 72, 88);
INSERT INTO `t_employee_leave_balance` VALUES (392, 131, 2, 2025, 240, 24, 216);
INSERT INTO `t_employee_leave_balance` VALUES (393, 131, 3, 2025, 112, 0, 112);
INSERT INTO `t_employee_leave_balance` VALUES (394, 132, 1, 2025, 112, 0, 112);
INSERT INTO `t_employee_leave_balance` VALUES (395, 132, 2, 2025, 240, 0, 240);
INSERT INTO `t_employee_leave_balance` VALUES (396, 132, 3, 2025, 112, 0, 112);
INSERT INTO `t_employee_leave_balance` VALUES (397, 133, 1, 2025, 120, 0, 120);
INSERT INTO `t_employee_leave_balance` VALUES (398, 133, 2, 2025, 240, 8, 232);
INSERT INTO `t_employee_leave_balance` VALUES (399, 133, 3, 2025, 112, 0, 112);
INSERT INTO `t_employee_leave_balance` VALUES (400, 134, 1, 2025, 120, 0, 120);
INSERT INTO `t_employee_leave_balance` VALUES (401, 134, 2, 2025, 240, 0, 240);
INSERT INTO `t_employee_leave_balance` VALUES (402, 134, 3, 2025, 112, 0, 112);
INSERT INTO `t_employee_leave_balance` VALUES (403, 135, 1, 2025, 160, 0, 160);
INSERT INTO `t_employee_leave_balance` VALUES (404, 135, 2, 2025, 240, 0, 240);
INSERT INTO `t_employee_leave_balance` VALUES (405, 135, 3, 2025, 112, 40, 72);
INSERT INTO `t_employee_leave_balance` VALUES (406, 136, 1, 2025, 120, 0, 120);
INSERT INTO `t_employee_leave_balance` VALUES (407, 136, 2, 2025, 240, 32, 208);
INSERT INTO `t_employee_leave_balance` VALUES (408, 136, 3, 2025, 112, 80, 32);
INSERT INTO `t_employee_leave_balance` VALUES (409, 137, 1, 2025, 120, 0, 120);
INSERT INTO `t_employee_leave_balance` VALUES (410, 137, 2, 2025, 240, 0, 240);
INSERT INTO `t_employee_leave_balance` VALUES (411, 137, 3, 2025, 112, 0, 112);
INSERT INTO `t_employee_leave_balance` VALUES (412, 138, 1, 2025, 112, 96, 16);
INSERT INTO `t_employee_leave_balance` VALUES (413, 138, 2, 2025, 240, 0, 240);
INSERT INTO `t_employee_leave_balance` VALUES (414, 138, 3, 2025, 112, 0, 112);
INSERT INTO `t_employee_leave_balance` VALUES (415, 139, 1, 2025, 120, 0, 120);
INSERT INTO `t_employee_leave_balance` VALUES (416, 139, 2, 2025, 240, 0, 240);
INSERT INTO `t_employee_leave_balance` VALUES (417, 139, 3, 2025, 112, 0, 112);
INSERT INTO `t_employee_leave_balance` VALUES (418, 140, 1, 2025, 160, 0, 160);
INSERT INTO `t_employee_leave_balance` VALUES (419, 140, 2, 2025, 240, 0, 240);
INSERT INTO `t_employee_leave_balance` VALUES (420, 140, 3, 2025, 112, 0, 112);
INSERT INTO `t_employee_leave_balance` VALUES (421, 141, 1, 2025, 120, 32, 88);
INSERT INTO `t_employee_leave_balance` VALUES (422, 141, 2, 2025, 240, 0, 240);
INSERT INTO `t_employee_leave_balance` VALUES (423, 141, 3, 2025, 112, 0, 112);
INSERT INTO `t_employee_leave_balance` VALUES (424, 142, 1, 2025, 120, 0, 120);
INSERT INTO `t_employee_leave_balance` VALUES (425, 142, 2, 2025, 240, 0, 240);
INSERT INTO `t_employee_leave_balance` VALUES (426, 142, 3, 2025, 112, 0, 112);
INSERT INTO `t_employee_leave_balance` VALUES (427, 143, 1, 2025, 112, 0, 112);
INSERT INTO `t_employee_leave_balance` VALUES (428, 143, 2, 2025, 240, 0, 240);
INSERT INTO `t_employee_leave_balance` VALUES (429, 143, 3, 2025, 112, 0, 112);
INSERT INTO `t_employee_leave_balance` VALUES (430, 144, 1, 2025, 120, 0, 120);
INSERT INTO `t_employee_leave_balance` VALUES (431, 144, 2, 2025, 240, 0, 240);
INSERT INTO `t_employee_leave_balance` VALUES (432, 144, 3, 2025, 112, 0, 112);
INSERT INTO `t_employee_leave_balance` VALUES (433, 145, 1, 2025, 80, 0, 80);
INSERT INTO `t_employee_leave_balance` VALUES (434, 145, 2, 2025, 240, 0, 240);
INSERT INTO `t_employee_leave_balance` VALUES (435, 145, 3, 2025, 112, 0, 112);
INSERT INTO `t_employee_leave_balance` VALUES (436, 146, 1, 2025, 120, 0, 120);
INSERT INTO `t_employee_leave_balance` VALUES (437, 146, 2, 2025, 240, 0, 240);
INSERT INTO `t_employee_leave_balance` VALUES (438, 146, 3, 2025, 112, 0, 112);
INSERT INTO `t_employee_leave_balance` VALUES (439, 147, 1, 2025, 112, 0, 112);
INSERT INTO `t_employee_leave_balance` VALUES (440, 147, 2, 2025, 240, 0, 240);
INSERT INTO `t_employee_leave_balance` VALUES (441, 147, 3, 2025, 112, 0, 112);
INSERT INTO `t_employee_leave_balance` VALUES (442, 148, 1, 2025, 160, 0, 160);
INSERT INTO `t_employee_leave_balance` VALUES (443, 148, 2, 2025, 240, 0, 240);
INSERT INTO `t_employee_leave_balance` VALUES (444, 148, 3, 2025, 112, 0, 112);
INSERT INTO `t_employee_leave_balance` VALUES (445, 149, 1, 2025, 112, 0, 112);
INSERT INTO `t_employee_leave_balance` VALUES (446, 149, 2, 2025, 240, 0, 240);
INSERT INTO `t_employee_leave_balance` VALUES (447, 149, 3, 2025, 112, 0, 112);
INSERT INTO `t_employee_leave_balance` VALUES (448, 150, 1, 2025, 112, 0, 112);
INSERT INTO `t_employee_leave_balance` VALUES (449, 150, 2, 2025, 240, 0, 240);
INSERT INTO `t_employee_leave_balance` VALUES (450, 150, 3, 2025, 112, 0, 112);
INSERT INTO `t_employee_leave_balance` VALUES (451, 151, 1, 2025, 120, 0, 120);
INSERT INTO `t_employee_leave_balance` VALUES (452, 151, 2, 2025, 240, 0, 240);
INSERT INTO `t_employee_leave_balance` VALUES (453, 151, 3, 2025, 112, 0, 112);
INSERT INTO `t_employee_leave_balance` VALUES (454, 152, 1, 2025, 120, 8, 112);
INSERT INTO `t_employee_leave_balance` VALUES (455, 152, 2, 2025, 240, 64, 176);
INSERT INTO `t_employee_leave_balance` VALUES (456, 152, 3, 2025, 112, 0, 112);
INSERT INTO `t_employee_leave_balance` VALUES (457, 153, 1, 2025, 112, 0, 112);
INSERT INTO `t_employee_leave_balance` VALUES (458, 153, 2, 2025, 240, 32, 208);
INSERT INTO `t_employee_leave_balance` VALUES (459, 153, 3, 2025, 112, 0, 112);
INSERT INTO `t_employee_leave_balance` VALUES (460, 154, 1, 2025, 120, 0, 120);
INSERT INTO `t_employee_leave_balance` VALUES (461, 154, 2, 2025, 240, 0, 240);
INSERT INTO `t_employee_leave_balance` VALUES (462, 154, 3, 2025, 112, 0, 112);
INSERT INTO `t_employee_leave_balance` VALUES (463, 155, 1, 2025, 160, 0, 160);
INSERT INTO `t_employee_leave_balance` VALUES (464, 155, 2, 2025, 240, 0, 240);
INSERT INTO `t_employee_leave_balance` VALUES (465, 155, 3, 2025, 112, 0, 112);
INSERT INTO `t_employee_leave_balance` VALUES (466, 156, 1, 2025, 120, 0, 120);
INSERT INTO `t_employee_leave_balance` VALUES (467, 156, 2, 2025, 240, 0, 240);
INSERT INTO `t_employee_leave_balance` VALUES (468, 156, 3, 2025, 112, 0, 112);
INSERT INTO `t_employee_leave_balance` VALUES (469, 157, 1, 2025, 120, 0, 120);
INSERT INTO `t_employee_leave_balance` VALUES (470, 157, 2, 2025, 240, 4, 236);
INSERT INTO `t_employee_leave_balance` VALUES (471, 157, 3, 2025, 112, 0, 112);
INSERT INTO `t_employee_leave_balance` VALUES (472, 158, 1, 2025, 112, 0, 112);
INSERT INTO `t_employee_leave_balance` VALUES (473, 158, 2, 2025, 240, 0, 240);
INSERT INTO `t_employee_leave_balance` VALUES (474, 158, 3, 2025, 112, 0, 112);
INSERT INTO `t_employee_leave_balance` VALUES (475, 159, 1, 2025, 120, 0, 120);
INSERT INTO `t_employee_leave_balance` VALUES (476, 159, 2, 2025, 240, 0, 240);
INSERT INTO `t_employee_leave_balance` VALUES (477, 159, 3, 2025, 112, 0, 112);
INSERT INTO `t_employee_leave_balance` VALUES (478, 160, 1, 2025, 112, 0, 112);
INSERT INTO `t_employee_leave_balance` VALUES (479, 160, 2, 2025, 240, 0, 240);
INSERT INTO `t_employee_leave_balance` VALUES (480, 160, 3, 2025, 112, 0, 112);
INSERT INTO `t_employee_leave_balance` VALUES (481, 161, 1, 2025, 112, 0, 112);
INSERT INTO `t_employee_leave_balance` VALUES (482, 161, 2, 2025, 240, 0, 240);
INSERT INTO `t_employee_leave_balance` VALUES (483, 161, 3, 2025, 112, 0, 112);
INSERT INTO `t_employee_leave_balance` VALUES (484, 162, 1, 2025, 120, 0, 120);
INSERT INTO `t_employee_leave_balance` VALUES (485, 162, 2, 2025, 240, 0, 240);
INSERT INTO `t_employee_leave_balance` VALUES (486, 162, 3, 2025, 112, 0, 112);
INSERT INTO `t_employee_leave_balance` VALUES (487, 163, 1, 2025, 120, 0, 120);
INSERT INTO `t_employee_leave_balance` VALUES (488, 163, 2, 2025, 240, 0, 240);
INSERT INTO `t_employee_leave_balance` VALUES (489, 163, 3, 2025, 112, 0, 112);
INSERT INTO `t_employee_leave_balance` VALUES (490, 164, 1, 2025, 120, 0, 120);
INSERT INTO `t_employee_leave_balance` VALUES (491, 164, 2, 2025, 240, 0, 240);
INSERT INTO `t_employee_leave_balance` VALUES (492, 164, 3, 2025, 112, 0, 112);
INSERT INTO `t_employee_leave_balance` VALUES (493, 165, 1, 2025, 112, 0, 112);
INSERT INTO `t_employee_leave_balance` VALUES (494, 165, 2, 2025, 240, 0, 240);
INSERT INTO `t_employee_leave_balance` VALUES (495, 165, 3, 2025, 112, 0, 112);
INSERT INTO `t_employee_leave_balance` VALUES (496, 166, 1, 2025, 160, 16, 144);
INSERT INTO `t_employee_leave_balance` VALUES (497, 166, 2, 2025, 240, 0, 240);
INSERT INTO `t_employee_leave_balance` VALUES (498, 166, 3, 2025, 112, 0, 112);
INSERT INTO `t_employee_leave_balance` VALUES (499, 167, 1, 2025, 120, 40, 80);
INSERT INTO `t_employee_leave_balance` VALUES (500, 167, 2, 2025, 240, 40, 200);
INSERT INTO `t_employee_leave_balance` VALUES (501, 167, 3, 2025, 112, 8, 104);
INSERT INTO `t_employee_leave_balance` VALUES (502, 168, 1, 2025, 120, 0, 120);
INSERT INTO `t_employee_leave_balance` VALUES (503, 168, 2, 2025, 240, 28, 212);
INSERT INTO `t_employee_leave_balance` VALUES (504, 168, 3, 2025, 112, 0, 112);
INSERT INTO `t_employee_leave_balance` VALUES (505, 169, 1, 2025, 120, 0, 120);
INSERT INTO `t_employee_leave_balance` VALUES (506, 169, 2, 2025, 240, 0, 240);
INSERT INTO `t_employee_leave_balance` VALUES (507, 169, 3, 2025, 112, 0, 112);
INSERT INTO `t_employee_leave_balance` VALUES (508, 170, 1, 2025, 120, 0, 120);
INSERT INTO `t_employee_leave_balance` VALUES (509, 170, 2, 2025, 240, 0, 240);
INSERT INTO `t_employee_leave_balance` VALUES (510, 170, 3, 2025, 112, 0, 112);
INSERT INTO `t_employee_leave_balance` VALUES (511, 171, 1, 2025, 120, 0, 120);
INSERT INTO `t_employee_leave_balance` VALUES (512, 171, 2, 2025, 240, 0, 240);
INSERT INTO `t_employee_leave_balance` VALUES (513, 171, 3, 2025, 112, 0, 112);
INSERT INTO `t_employee_leave_balance` VALUES (514, 172, 1, 2025, 112, 24, 88);
INSERT INTO `t_employee_leave_balance` VALUES (515, 172, 2, 2025, 240, 0, 240);
INSERT INTO `t_employee_leave_balance` VALUES (516, 172, 3, 2025, 112, 8, 104);
INSERT INTO `t_employee_leave_balance` VALUES (517, 173, 1, 2025, 120, 0, 120);
INSERT INTO `t_employee_leave_balance` VALUES (518, 173, 2, 2025, 240, 24, 216);
INSERT INTO `t_employee_leave_balance` VALUES (519, 173, 3, 2025, 112, 0, 112);
INSERT INTO `t_employee_leave_balance` VALUES (520, 174, 1, 2025, 160, 0, 160);
INSERT INTO `t_employee_leave_balance` VALUES (521, 174, 2, 2025, 240, 0, 240);
INSERT INTO `t_employee_leave_balance` VALUES (522, 174, 3, 2025, 112, 0, 112);
INSERT INTO `t_employee_leave_balance` VALUES (523, 175, 1, 2025, 120, 0, 120);
INSERT INTO `t_employee_leave_balance` VALUES (524, 175, 2, 2025, 240, 0, 240);
INSERT INTO `t_employee_leave_balance` VALUES (525, 175, 3, 2025, 112, 0, 112);
INSERT INTO `t_employee_leave_balance` VALUES (526, 176, 1, 2025, 112, 40, 72);
INSERT INTO `t_employee_leave_balance` VALUES (527, 176, 2, 2025, 240, 0, 240);
INSERT INTO `t_employee_leave_balance` VALUES (528, 176, 3, 2025, 112, 4, 108);
INSERT INTO `t_employee_leave_balance` VALUES (529, 177, 1, 2025, 120, 0, 120);
INSERT INTO `t_employee_leave_balance` VALUES (530, 177, 2, 2025, 240, 8, 232);
INSERT INTO `t_employee_leave_balance` VALUES (531, 177, 3, 2025, 112, 0, 112);
INSERT INTO `t_employee_leave_balance` VALUES (532, 178, 1, 2025, 120, 0, 120);
INSERT INTO `t_employee_leave_balance` VALUES (533, 178, 2, 2025, 240, 0, 240);
INSERT INTO `t_employee_leave_balance` VALUES (534, 178, 3, 2025, 112, 0, 112);
INSERT INTO `t_employee_leave_balance` VALUES (535, 179, 1, 2025, 120, 0, 120);
INSERT INTO `t_employee_leave_balance` VALUES (536, 179, 2, 2025, 240, 0, 240);
INSERT INTO `t_employee_leave_balance` VALUES (537, 179, 3, 2025, 112, 0, 112);
INSERT INTO `t_employee_leave_balance` VALUES (538, 180, 1, 2025, 120, 0, 120);
INSERT INTO `t_employee_leave_balance` VALUES (539, 180, 2, 2025, 240, 0, 240);
INSERT INTO `t_employee_leave_balance` VALUES (540, 180, 3, 2025, 112, 0, 112);
INSERT INTO `t_employee_leave_balance` VALUES (541, 181, 1, 2025, 120, 0, 120);
INSERT INTO `t_employee_leave_balance` VALUES (542, 181, 2, 2025, 240, 0, 240);
INSERT INTO `t_employee_leave_balance` VALUES (543, 181, 3, 2025, 112, 0, 112);
INSERT INTO `t_employee_leave_balance` VALUES (544, 182, 1, 2025, 160, 0, 160);
INSERT INTO `t_employee_leave_balance` VALUES (545, 182, 2, 2025, 240, 4, 236);
INSERT INTO `t_employee_leave_balance` VALUES (546, 182, 3, 2025, 112, 36, 76);
INSERT INTO `t_employee_leave_balance` VALUES (547, 183, 1, 2025, 120, 0, 120);
INSERT INTO `t_employee_leave_balance` VALUES (548, 183, 2, 2025, 240, 0, 240);
INSERT INTO `t_employee_leave_balance` VALUES (549, 183, 3, 2025, 112, 0, 112);
INSERT INTO `t_employee_leave_balance` VALUES (550, 184, 1, 2025, 112, 0, 112);
INSERT INTO `t_employee_leave_balance` VALUES (551, 184, 2, 2025, 240, 0, 240);
INSERT INTO `t_employee_leave_balance` VALUES (552, 184, 3, 2025, 112, 0, 112);
INSERT INTO `t_employee_leave_balance` VALUES (553, 185, 1, 2025, 120, 0, 120);
INSERT INTO `t_employee_leave_balance` VALUES (554, 185, 2, 2025, 240, 0, 240);
INSERT INTO `t_employee_leave_balance` VALUES (555, 185, 3, 2025, 112, 0, 112);
INSERT INTO `t_employee_leave_balance` VALUES (556, 186, 1, 2025, 80, 0, 80);
INSERT INTO `t_employee_leave_balance` VALUES (557, 186, 2, 2025, 240, 0, 240);
INSERT INTO `t_employee_leave_balance` VALUES (558, 186, 3, 2025, 112, 0, 112);
INSERT INTO `t_employee_leave_balance` VALUES (559, 187, 1, 2025, 120, 0, 120);
INSERT INTO `t_employee_leave_balance` VALUES (560, 187, 2, 2025, 240, 0, 240);
INSERT INTO `t_employee_leave_balance` VALUES (561, 187, 3, 2025, 112, 0, 112);
INSERT INTO `t_employee_leave_balance` VALUES (562, 188, 1, 2025, 120, 0, 120);
INSERT INTO `t_employee_leave_balance` VALUES (563, 188, 2, 2025, 240, 40, 200);
INSERT INTO `t_employee_leave_balance` VALUES (564, 188, 3, 2025, 112, 0, 112);
INSERT INTO `t_employee_leave_balance` VALUES (565, 189, 1, 2025, 80, 0, 80);
INSERT INTO `t_employee_leave_balance` VALUES (566, 189, 2, 2025, 240, 0, 240);
INSERT INTO `t_employee_leave_balance` VALUES (567, 189, 3, 2025, 112, 0, 112);
INSERT INTO `t_employee_leave_balance` VALUES (568, 190, 1, 2025, 112, 16, 96);
INSERT INTO `t_employee_leave_balance` VALUES (569, 190, 2, 2025, 240, 0, 240);
INSERT INTO `t_employee_leave_balance` VALUES (570, 190, 3, 2025, 112, 0, 112);
INSERT INTO `t_employee_leave_balance` VALUES (571, 191, 1, 2025, 160, 0, 160);
INSERT INTO `t_employee_leave_balance` VALUES (572, 191, 2, 2025, 240, 0, 240);
INSERT INTO `t_employee_leave_balance` VALUES (573, 191, 3, 2025, 112, 0, 112);
INSERT INTO `t_employee_leave_balance` VALUES (574, 192, 1, 2025, 120, 0, 120);
INSERT INTO `t_employee_leave_balance` VALUES (575, 192, 2, 2025, 240, 0, 240);
INSERT INTO `t_employee_leave_balance` VALUES (576, 192, 3, 2025, 112, 0, 112);
INSERT INTO `t_employee_leave_balance` VALUES (577, 193, 1, 2025, 80, 0, 80);
INSERT INTO `t_employee_leave_balance` VALUES (578, 193, 2, 2025, 240, 0, 240);
INSERT INTO `t_employee_leave_balance` VALUES (579, 193, 3, 2025, 112, 0, 112);
INSERT INTO `t_employee_leave_balance` VALUES (580, 194, 1, 2025, 160, 0, 160);
INSERT INTO `t_employee_leave_balance` VALUES (581, 194, 2, 2025, 240, 16, 224);
INSERT INTO `t_employee_leave_balance` VALUES (582, 194, 3, 2025, 112, 40, 72);
INSERT INTO `t_employee_leave_balance` VALUES (583, 195, 1, 2025, 120, 0, 120);
INSERT INTO `t_employee_leave_balance` VALUES (584, 195, 2, 2025, 240, 0, 240);
INSERT INTO `t_employee_leave_balance` VALUES (585, 195, 3, 2025, 112, 0, 112);
INSERT INTO `t_employee_leave_balance` VALUES (586, 196, 1, 2025, 120, 0, 120);
INSERT INTO `t_employee_leave_balance` VALUES (587, 196, 2, 2025, 240, 0, 240);
INSERT INTO `t_employee_leave_balance` VALUES (588, 196, 3, 2025, 112, 0, 112);
INSERT INTO `t_employee_leave_balance` VALUES (589, 197, 1, 2025, 112, 0, 112);
INSERT INTO `t_employee_leave_balance` VALUES (590, 197, 2, 2025, 240, 8, 232);
INSERT INTO `t_employee_leave_balance` VALUES (591, 197, 3, 2025, 112, 72, 40);
INSERT INTO `t_employee_leave_balance` VALUES (592, 198, 1, 2025, 120, 0, 120);
INSERT INTO `t_employee_leave_balance` VALUES (593, 198, 2, 2025, 240, 0, 240);
INSERT INTO `t_employee_leave_balance` VALUES (594, 198, 3, 2025, 112, 0, 112);
INSERT INTO `t_employee_leave_balance` VALUES (595, 199, 1, 2025, 112, 0, 112);
INSERT INTO `t_employee_leave_balance` VALUES (596, 199, 2, 2025, 240, 0, 240);
INSERT INTO `t_employee_leave_balance` VALUES (597, 199, 3, 2025, 112, 0, 112);
INSERT INTO `t_employee_leave_balance` VALUES (598, 200, 1, 2025, 120, 0, 120);
INSERT INTO `t_employee_leave_balance` VALUES (599, 200, 2, 2025, 240, 0, 240);
INSERT INTO `t_employee_leave_balance` VALUES (600, 200, 3, 2025, 112, 0, 112);
INSERT INTO `t_employee_leave_balance` VALUES (601, 201, 1, 2025, 120, 0, 120);
INSERT INTO `t_employee_leave_balance` VALUES (602, 201, 2, 2025, 240, 0, 240);
INSERT INTO `t_employee_leave_balance` VALUES (603, 201, 3, 2025, 112, 0, 112);
INSERT INTO `t_employee_leave_balance` VALUES (604, 202, 1, 2025, 80, 0, 80);
INSERT INTO `t_employee_leave_balance` VALUES (605, 202, 2, 2025, 240, 0, 240);
INSERT INTO `t_employee_leave_balance` VALUES (606, 202, 3, 2025, 112, 0, 112);
INSERT INTO `t_employee_leave_balance` VALUES (607, 203, 1, 2025, 120, 0, 120);
INSERT INTO `t_employee_leave_balance` VALUES (608, 203, 2, 2025, 240, 0, 240);
INSERT INTO `t_employee_leave_balance` VALUES (609, 203, 3, 2025, 112, 0, 112);
INSERT INTO `t_employee_leave_balance` VALUES (610, 204, 1, 2025, 112, 0, 112);
INSERT INTO `t_employee_leave_balance` VALUES (611, 204, 2, 2025, 240, 0, 240);
INSERT INTO `t_employee_leave_balance` VALUES (612, 204, 3, 2025, 112, 0, 112);
INSERT INTO `t_employee_leave_balance` VALUES (613, 205, 1, 2025, 112, 0, 112);
INSERT INTO `t_employee_leave_balance` VALUES (614, 205, 2, 2025, 240, 0, 240);
INSERT INTO `t_employee_leave_balance` VALUES (615, 205, 3, 2025, 112, 0, 112);
INSERT INTO `t_employee_leave_balance` VALUES (616, 206, 1, 2025, 120, 0, 120);
INSERT INTO `t_employee_leave_balance` VALUES (617, 206, 2, 2025, 240, 0, 240);
INSERT INTO `t_employee_leave_balance` VALUES (618, 206, 3, 2025, 112, 0, 112);
INSERT INTO `t_employee_leave_balance` VALUES (619, 207, 1, 2025, 120, 0, 120);
INSERT INTO `t_employee_leave_balance` VALUES (620, 207, 2, 2025, 240, 0, 240);
INSERT INTO `t_employee_leave_balance` VALUES (621, 207, 3, 2025, 112, 0, 112);
INSERT INTO `t_employee_leave_balance` VALUES (622, 208, 1, 2025, 112, 0, 112);
INSERT INTO `t_employee_leave_balance` VALUES (623, 208, 2, 2025, 240, 0, 240);
INSERT INTO `t_employee_leave_balance` VALUES (624, 208, 3, 2025, 112, 0, 112);
INSERT INTO `t_employee_leave_balance` VALUES (625, 209, 1, 2025, 112, 0, 112);
INSERT INTO `t_employee_leave_balance` VALUES (626, 209, 2, 2025, 240, 0, 240);
INSERT INTO `t_employee_leave_balance` VALUES (627, 209, 3, 2025, 112, 0, 112);
INSERT INTO `t_employee_leave_balance` VALUES (628, 210, 1, 2025, 112, 0, 112);
INSERT INTO `t_employee_leave_balance` VALUES (629, 210, 2, 2025, 240, 0, 240);
INSERT INTO `t_employee_leave_balance` VALUES (630, 210, 3, 2025, 112, 0, 112);
INSERT INTO `t_employee_leave_balance` VALUES (631, 211, 1, 2025, 80, 72, 8);
INSERT INTO `t_employee_leave_balance` VALUES (632, 211, 2, 2025, 240, 24, 216);
INSERT INTO `t_employee_leave_balance` VALUES (633, 211, 3, 2025, 112, 0, 112);
INSERT INTO `t_employee_leave_balance` VALUES (634, 212, 1, 2025, 80, 0, 80);
INSERT INTO `t_employee_leave_balance` VALUES (635, 212, 2, 2025, 240, 0, 240);
INSERT INTO `t_employee_leave_balance` VALUES (636, 212, 3, 2025, 112, 0, 112);
INSERT INTO `t_employee_leave_balance` VALUES (637, 213, 1, 2025, 120, 0, 120);
INSERT INTO `t_employee_leave_balance` VALUES (638, 213, 2, 2025, 240, 0, 240);
INSERT INTO `t_employee_leave_balance` VALUES (639, 213, 3, 2025, 112, 0, 112);
INSERT INTO `t_employee_leave_balance` VALUES (640, 214, 1, 2025, 120, 0, 120);
INSERT INTO `t_employee_leave_balance` VALUES (641, 214, 2, 2025, 240, 0, 240);
INSERT INTO `t_employee_leave_balance` VALUES (642, 214, 3, 2025, 112, 0, 112);
INSERT INTO `t_employee_leave_balance` VALUES (643, 215, 1, 2025, 80, 0, 80);
INSERT INTO `t_employee_leave_balance` VALUES (644, 215, 2, 2025, 240, 0, 240);
INSERT INTO `t_employee_leave_balance` VALUES (645, 215, 3, 2025, 112, 0, 112);
INSERT INTO `t_employee_leave_balance` VALUES (646, 216, 1, 2025, 112, 0, 112);
INSERT INTO `t_employee_leave_balance` VALUES (647, 216, 2, 2025, 240, 0, 240);
INSERT INTO `t_employee_leave_balance` VALUES (648, 216, 3, 2025, 112, 0, 112);
INSERT INTO `t_employee_leave_balance` VALUES (649, 217, 1, 2025, 120, 0, 120);
INSERT INTO `t_employee_leave_balance` VALUES (650, 217, 2, 2025, 240, 0, 240);
INSERT INTO `t_employee_leave_balance` VALUES (651, 217, 3, 2025, 112, 0, 112);
INSERT INTO `t_employee_leave_balance` VALUES (652, 218, 1, 2025, 112, 16, 96);
INSERT INTO `t_employee_leave_balance` VALUES (653, 218, 2, 2025, 240, 16, 224);
INSERT INTO `t_employee_leave_balance` VALUES (654, 218, 3, 2025, 112, 24, 88);
INSERT INTO `t_employee_leave_balance` VALUES (655, 219, 1, 2025, 120, 0, 120);
INSERT INTO `t_employee_leave_balance` VALUES (656, 219, 2, 2025, 240, 0, 240);
INSERT INTO `t_employee_leave_balance` VALUES (657, 219, 3, 2025, 112, 0, 112);
INSERT INTO `t_employee_leave_balance` VALUES (658, 220, 1, 2025, 120, 0, 120);
INSERT INTO `t_employee_leave_balance` VALUES (659, 220, 2, 2025, 240, 0, 240);
INSERT INTO `t_employee_leave_balance` VALUES (660, 220, 3, 2025, 112, 0, 112);
INSERT INTO `t_employee_leave_balance` VALUES (661, 221, 1, 2025, 120, 0, 120);
INSERT INTO `t_employee_leave_balance` VALUES (662, 221, 2, 2025, 240, 0, 240);
INSERT INTO `t_employee_leave_balance` VALUES (663, 221, 3, 2025, 112, 0, 112);
INSERT INTO `t_employee_leave_balance` VALUES (664, 222, 1, 2025, 120, 0, 120);
INSERT INTO `t_employee_leave_balance` VALUES (665, 222, 2, 2025, 240, 56, 184);
INSERT INTO `t_employee_leave_balance` VALUES (666, 222, 3, 2025, 112, 0, 112);
INSERT INTO `t_employee_leave_balance` VALUES (667, 223, 1, 2025, 112, 0, 112);
INSERT INTO `t_employee_leave_balance` VALUES (668, 223, 2, 2025, 240, 0, 240);
INSERT INTO `t_employee_leave_balance` VALUES (669, 223, 3, 2025, 112, 40, 72);
INSERT INTO `t_employee_leave_balance` VALUES (670, 224, 1, 2025, 120, 0, 120);
INSERT INTO `t_employee_leave_balance` VALUES (671, 224, 2, 2025, 240, 0, 240);
INSERT INTO `t_employee_leave_balance` VALUES (672, 224, 3, 2025, 112, 0, 112);
INSERT INTO `t_employee_leave_balance` VALUES (673, 225, 1, 2025, 112, 0, 112);
INSERT INTO `t_employee_leave_balance` VALUES (674, 225, 2, 2025, 240, 0, 240);
INSERT INTO `t_employee_leave_balance` VALUES (675, 225, 3, 2025, 112, 0, 112);
INSERT INTO `t_employee_leave_balance` VALUES (676, 226, 1, 2025, 120, 0, 120);
INSERT INTO `t_employee_leave_balance` VALUES (677, 226, 2, 2025, 240, 0, 240);
INSERT INTO `t_employee_leave_balance` VALUES (678, 226, 3, 2025, 112, 8, 104);
INSERT INTO `t_employee_leave_balance` VALUES (679, 227, 1, 2025, 160, 0, 160);
INSERT INTO `t_employee_leave_balance` VALUES (680, 227, 2, 2025, 240, 0, 240);
INSERT INTO `t_employee_leave_balance` VALUES (681, 227, 3, 2025, 112, 0, 112);
INSERT INTO `t_employee_leave_balance` VALUES (682, 228, 1, 2025, 112, 0, 112);
INSERT INTO `t_employee_leave_balance` VALUES (683, 228, 2, 2025, 240, 0, 240);
INSERT INTO `t_employee_leave_balance` VALUES (684, 228, 3, 2025, 112, 0, 112);
INSERT INTO `t_employee_leave_balance` VALUES (685, 229, 1, 2025, 80, 0, 80);
INSERT INTO `t_employee_leave_balance` VALUES (686, 229, 2, 2025, 240, 0, 240);
INSERT INTO `t_employee_leave_balance` VALUES (687, 229, 3, 2025, 112, 0, 112);
INSERT INTO `t_employee_leave_balance` VALUES (688, 230, 1, 2025, 112, 24, 88);
INSERT INTO `t_employee_leave_balance` VALUES (689, 230, 2, 2025, 240, 8, 232);
INSERT INTO `t_employee_leave_balance` VALUES (690, 230, 3, 2025, 112, 0, 112);
INSERT INTO `t_employee_leave_balance` VALUES (691, 231, 1, 2025, 120, 0, 120);
INSERT INTO `t_employee_leave_balance` VALUES (692, 231, 2, 2025, 240, 0, 240);
INSERT INTO `t_employee_leave_balance` VALUES (693, 231, 3, 2025, 112, 0, 112);
INSERT INTO `t_employee_leave_balance` VALUES (694, 232, 1, 2025, 120, 0, 120);
INSERT INTO `t_employee_leave_balance` VALUES (695, 232, 2, 2025, 240, 0, 240);
INSERT INTO `t_employee_leave_balance` VALUES (696, 232, 3, 2025, 112, 0, 112);
INSERT INTO `t_employee_leave_balance` VALUES (697, 233, 1, 2025, 80, 0, 80);
INSERT INTO `t_employee_leave_balance` VALUES (698, 233, 2, 2025, 240, 0, 240);
INSERT INTO `t_employee_leave_balance` VALUES (699, 233, 3, 2025, 112, 0, 112);
INSERT INTO `t_employee_leave_balance` VALUES (700, 234, 1, 2025, 120, 0, 120);
INSERT INTO `t_employee_leave_balance` VALUES (701, 234, 2, 2025, 240, 0, 240);
INSERT INTO `t_employee_leave_balance` VALUES (702, 234, 3, 2025, 112, 0, 112);
INSERT INTO `t_employee_leave_balance` VALUES (703, 235, 1, 2025, 112, 0, 112);
INSERT INTO `t_employee_leave_balance` VALUES (704, 235, 2, 2025, 240, 0, 240);
INSERT INTO `t_employee_leave_balance` VALUES (705, 235, 3, 2025, 112, 0, 112);
INSERT INTO `t_employee_leave_balance` VALUES (706, 236, 1, 2025, 120, 0, 120);
INSERT INTO `t_employee_leave_balance` VALUES (707, 236, 2, 2025, 240, 0, 240);
INSERT INTO `t_employee_leave_balance` VALUES (708, 236, 3, 2025, 112, 0, 112);
INSERT INTO `t_employee_leave_balance` VALUES (709, 237, 1, 2025, 120, 0, 120);
INSERT INTO `t_employee_leave_balance` VALUES (710, 237, 2, 2025, 240, 0, 240);
INSERT INTO `t_employee_leave_balance` VALUES (711, 237, 3, 2025, 112, 0, 112);
INSERT INTO `t_employee_leave_balance` VALUES (712, 238, 1, 2025, 120, 0, 120);
INSERT INTO `t_employee_leave_balance` VALUES (713, 238, 2, 2025, 240, 0, 240);
INSERT INTO `t_employee_leave_balance` VALUES (714, 238, 3, 2025, 112, 0, 112);
INSERT INTO `t_employee_leave_balance` VALUES (715, 239, 1, 2025, 112, 0, 112);
INSERT INTO `t_employee_leave_balance` VALUES (716, 239, 2, 2025, 240, 0, 240);
INSERT INTO `t_employee_leave_balance` VALUES (717, 239, 3, 2025, 112, 0, 112);
INSERT INTO `t_employee_leave_balance` VALUES (718, 240, 1, 2025, 120, 0, 120);
INSERT INTO `t_employee_leave_balance` VALUES (719, 240, 2, 2025, 240, 24, 216);
INSERT INTO `t_employee_leave_balance` VALUES (720, 240, 3, 2025, 112, 0, 112);
INSERT INTO `t_employee_leave_balance` VALUES (721, 241, 1, 2025, 120, 0, 120);
INSERT INTO `t_employee_leave_balance` VALUES (722, 241, 2, 2025, 240, 16, 224);
INSERT INTO `t_employee_leave_balance` VALUES (723, 241, 3, 2025, 112, 0, 112);
INSERT INTO `t_employee_leave_balance` VALUES (724, 242, 1, 2025, 120, 0, 120);
INSERT INTO `t_employee_leave_balance` VALUES (725, 242, 2, 2025, 240, 0, 240);
INSERT INTO `t_employee_leave_balance` VALUES (726, 242, 3, 2025, 112, 0, 112);
INSERT INTO `t_employee_leave_balance` VALUES (727, 243, 1, 2025, 120, 0, 120);
INSERT INTO `t_employee_leave_balance` VALUES (728, 243, 2, 2025, 240, 4, 236);
INSERT INTO `t_employee_leave_balance` VALUES (729, 243, 3, 2025, 112, 0, 112);
INSERT INTO `t_employee_leave_balance` VALUES (730, 244, 1, 2025, 120, 0, 120);
INSERT INTO `t_employee_leave_balance` VALUES (731, 244, 2, 2025, 240, 0, 240);
INSERT INTO `t_employee_leave_balance` VALUES (732, 244, 3, 2025, 112, 0, 112);
INSERT INTO `t_employee_leave_balance` VALUES (733, 245, 1, 2025, 112, 0, 112);
INSERT INTO `t_employee_leave_balance` VALUES (734, 245, 2, 2025, 240, 32, 208);
INSERT INTO `t_employee_leave_balance` VALUES (735, 245, 3, 2025, 112, 16, 96);
INSERT INTO `t_employee_leave_balance` VALUES (736, 246, 1, 2025, 112, 0, 112);
INSERT INTO `t_employee_leave_balance` VALUES (737, 246, 2, 2025, 240, 0, 240);
INSERT INTO `t_employee_leave_balance` VALUES (738, 246, 3, 2025, 112, 0, 112);
INSERT INTO `t_employee_leave_balance` VALUES (739, 247, 1, 2025, 160, 40, 120);
INSERT INTO `t_employee_leave_balance` VALUES (740, 247, 2, 2025, 240, 16, 224);
INSERT INTO `t_employee_leave_balance` VALUES (741, 247, 3, 2025, 112, 16, 96);
INSERT INTO `t_employee_leave_balance` VALUES (742, 248, 1, 2025, 120, 0, 120);
INSERT INTO `t_employee_leave_balance` VALUES (743, 248, 2, 2025, 240, 0, 240);
INSERT INTO `t_employee_leave_balance` VALUES (744, 248, 3, 2025, 112, 36, 76);
INSERT INTO `t_employee_leave_balance` VALUES (745, 249, 1, 2025, 120, 0, 120);
INSERT INTO `t_employee_leave_balance` VALUES (746, 249, 2, 2025, 240, 0, 240);
INSERT INTO `t_employee_leave_balance` VALUES (747, 249, 3, 2025, 112, 0, 112);
INSERT INTO `t_employee_leave_balance` VALUES (748, 250, 1, 2025, 112, 0, 112);
INSERT INTO `t_employee_leave_balance` VALUES (749, 250, 2, 2025, 240, 0, 240);
INSERT INTO `t_employee_leave_balance` VALUES (750, 250, 3, 2025, 112, 0, 112);
INSERT INTO `t_employee_leave_balance` VALUES (751, 251, 1, 2025, 112, 0, 112);
INSERT INTO `t_employee_leave_balance` VALUES (752, 251, 2, 2025, 240, 0, 240);
INSERT INTO `t_employee_leave_balance` VALUES (753, 251, 3, 2025, 112, 32, 80);
INSERT INTO `t_employee_leave_balance` VALUES (754, 252, 1, 2025, 120, 0, 120);
INSERT INTO `t_employee_leave_balance` VALUES (755, 252, 2, 2025, 240, 0, 240);
INSERT INTO `t_employee_leave_balance` VALUES (756, 252, 3, 2025, 112, 0, 112);
INSERT INTO `t_employee_leave_balance` VALUES (757, 253, 1, 2025, 120, 0, 120);
INSERT INTO `t_employee_leave_balance` VALUES (758, 253, 2, 2025, 240, 0, 240);
INSERT INTO `t_employee_leave_balance` VALUES (759, 253, 3, 2025, 112, 0, 112);
INSERT INTO `t_employee_leave_balance` VALUES (760, 254, 1, 2025, 120, 0, 120);
INSERT INTO `t_employee_leave_balance` VALUES (761, 254, 2, 2025, 240, 0, 240);
INSERT INTO `t_employee_leave_balance` VALUES (762, 254, 3, 2025, 112, 0, 112);
INSERT INTO `t_employee_leave_balance` VALUES (763, 255, 1, 2025, 120, 0, 120);
INSERT INTO `t_employee_leave_balance` VALUES (764, 255, 2, 2025, 240, 0, 240);
INSERT INTO `t_employee_leave_balance` VALUES (765, 255, 3, 2025, 112, 0, 112);
INSERT INTO `t_employee_leave_balance` VALUES (766, 256, 1, 2025, 120, 32, 88);
INSERT INTO `t_employee_leave_balance` VALUES (767, 256, 2, 2025, 240, 16, 224);
INSERT INTO `t_employee_leave_balance` VALUES (768, 256, 3, 2025, 112, 40, 72);
INSERT INTO `t_employee_leave_balance` VALUES (769, 257, 1, 2025, 112, 0, 112);
INSERT INTO `t_employee_leave_balance` VALUES (770, 257, 2, 2025, 240, 0, 240);
INSERT INTO `t_employee_leave_balance` VALUES (771, 257, 3, 2025, 112, 0, 112);
INSERT INTO `t_employee_leave_balance` VALUES (772, 258, 1, 2025, 120, 0, 120);
INSERT INTO `t_employee_leave_balance` VALUES (773, 258, 2, 2025, 240, 0, 240);
INSERT INTO `t_employee_leave_balance` VALUES (774, 258, 3, 2025, 112, 0, 112);
INSERT INTO `t_employee_leave_balance` VALUES (775, 259, 1, 2025, 120, 0, 120);
INSERT INTO `t_employee_leave_balance` VALUES (776, 259, 2, 2025, 240, 0, 240);
INSERT INTO `t_employee_leave_balance` VALUES (777, 259, 3, 2025, 112, 0, 112);
INSERT INTO `t_employee_leave_balance` VALUES (778, 260, 1, 2025, 120, 0, 120);
INSERT INTO `t_employee_leave_balance` VALUES (779, 260, 2, 2025, 240, 0, 240);
INSERT INTO `t_employee_leave_balance` VALUES (780, 260, 3, 2025, 112, 0, 112);
INSERT INTO `t_employee_leave_balance` VALUES (781, 261, 1, 2025, 120, 0, 120);
INSERT INTO `t_employee_leave_balance` VALUES (782, 261, 2, 2025, 240, 0, 240);
INSERT INTO `t_employee_leave_balance` VALUES (783, 261, 3, 2025, 112, 0, 112);
INSERT INTO `t_employee_leave_balance` VALUES (784, 262, 1, 2025, 160, 0, 160);
INSERT INTO `t_employee_leave_balance` VALUES (785, 262, 2, 2025, 240, 0, 240);
INSERT INTO `t_employee_leave_balance` VALUES (786, 262, 3, 2025, 112, 0, 112);
INSERT INTO `t_employee_leave_balance` VALUES (787, 263, 1, 2025, 120, 0, 120);
INSERT INTO `t_employee_leave_balance` VALUES (788, 263, 2, 2025, 240, 0, 240);
INSERT INTO `t_employee_leave_balance` VALUES (789, 263, 3, 2025, 112, 0, 112);
INSERT INTO `t_employee_leave_balance` VALUES (790, 264, 1, 2025, 120, 0, 120);
INSERT INTO `t_employee_leave_balance` VALUES (791, 264, 2, 2025, 240, 0, 240);
INSERT INTO `t_employee_leave_balance` VALUES (792, 264, 3, 2025, 112, 0, 112);
INSERT INTO `t_employee_leave_balance` VALUES (793, 265, 1, 2025, 120, 16, 104);
INSERT INTO `t_employee_leave_balance` VALUES (794, 265, 2, 2025, 240, 0, 240);
INSERT INTO `t_employee_leave_balance` VALUES (795, 265, 3, 2025, 112, 56, 56);
INSERT INTO `t_employee_leave_balance` VALUES (796, 266, 1, 2025, 120, 0, 120);
INSERT INTO `t_employee_leave_balance` VALUES (797, 266, 2, 2025, 240, 0, 240);
INSERT INTO `t_employee_leave_balance` VALUES (798, 266, 3, 2025, 112, 0, 112);
INSERT INTO `t_employee_leave_balance` VALUES (799, 267, 1, 2025, 112, 24, 88);
INSERT INTO `t_employee_leave_balance` VALUES (800, 267, 2, 2025, 240, 64, 176);
INSERT INTO `t_employee_leave_balance` VALUES (801, 267, 3, 2025, 112, 0, 112);
INSERT INTO `t_employee_leave_balance` VALUES (802, 268, 1, 2025, 80, 0, 80);
INSERT INTO `t_employee_leave_balance` VALUES (803, 268, 2, 2025, 240, 0, 240);
INSERT INTO `t_employee_leave_balance` VALUES (804, 268, 3, 2025, 112, 0, 112);
INSERT INTO `t_employee_leave_balance` VALUES (805, 269, 1, 2025, 120, 0, 120);
INSERT INTO `t_employee_leave_balance` VALUES (806, 269, 2, 2025, 240, 0, 240);
INSERT INTO `t_employee_leave_balance` VALUES (807, 269, 3, 2025, 112, 0, 112);
INSERT INTO `t_employee_leave_balance` VALUES (808, 270, 1, 2025, 80, 0, 80);
INSERT INTO `t_employee_leave_balance` VALUES (809, 270, 2, 2025, 240, 0, 240);
INSERT INTO `t_employee_leave_balance` VALUES (810, 270, 3, 2025, 112, 0, 112);
INSERT INTO `t_employee_leave_balance` VALUES (811, 271, 1, 2025, 120, 0, 120);
INSERT INTO `t_employee_leave_balance` VALUES (812, 271, 2, 2025, 240, 0, 240);
INSERT INTO `t_employee_leave_balance` VALUES (813, 271, 3, 2025, 112, 0, 112);
INSERT INTO `t_employee_leave_balance` VALUES (814, 272, 1, 2025, 120, 0, 120);
INSERT INTO `t_employee_leave_balance` VALUES (815, 272, 2, 2025, 240, 0, 240);
INSERT INTO `t_employee_leave_balance` VALUES (816, 272, 3, 2025, 112, 0, 112);
INSERT INTO `t_employee_leave_balance` VALUES (817, 273, 1, 2025, 120, 0, 120);
INSERT INTO `t_employee_leave_balance` VALUES (818, 273, 2, 2025, 240, 0, 240);
INSERT INTO `t_employee_leave_balance` VALUES (819, 273, 3, 2025, 112, 0, 112);
INSERT INTO `t_employee_leave_balance` VALUES (820, 274, 1, 2025, 120, 0, 120);
INSERT INTO `t_employee_leave_balance` VALUES (821, 274, 2, 2025, 240, 0, 240);
INSERT INTO `t_employee_leave_balance` VALUES (822, 274, 3, 2025, 112, 0, 112);
INSERT INTO `t_employee_leave_balance` VALUES (823, 275, 1, 2025, 120, 0, 120);
INSERT INTO `t_employee_leave_balance` VALUES (824, 275, 2, 2025, 240, 0, 240);
INSERT INTO `t_employee_leave_balance` VALUES (825, 275, 3, 2025, 112, 0, 112);
INSERT INTO `t_employee_leave_balance` VALUES (826, 276, 1, 2025, 112, 0, 112);
INSERT INTO `t_employee_leave_balance` VALUES (827, 276, 2, 2025, 240, 0, 240);
INSERT INTO `t_employee_leave_balance` VALUES (828, 276, 3, 2025, 112, 0, 112);
INSERT INTO `t_employee_leave_balance` VALUES (829, 277, 1, 2025, 120, 0, 120);
INSERT INTO `t_employee_leave_balance` VALUES (830, 277, 2, 2025, 240, 0, 240);
INSERT INTO `t_employee_leave_balance` VALUES (831, 277, 3, 2025, 112, 0, 112);
INSERT INTO `t_employee_leave_balance` VALUES (832, 278, 1, 2025, 80, 8, 72);
INSERT INTO `t_employee_leave_balance` VALUES (833, 278, 2, 2025, 240, 36, 204);
INSERT INTO `t_employee_leave_balance` VALUES (834, 278, 3, 2025, 112, 0, 112);
INSERT INTO `t_employee_leave_balance` VALUES (835, 279, 1, 2025, 112, 32, 80);
INSERT INTO `t_employee_leave_balance` VALUES (836, 279, 2, 2025, 240, 0, 240);
INSERT INTO `t_employee_leave_balance` VALUES (837, 279, 3, 2025, 112, 56, 56);
INSERT INTO `t_employee_leave_balance` VALUES (838, 280, 1, 2025, 120, 0, 120);
INSERT INTO `t_employee_leave_balance` VALUES (839, 280, 2, 2025, 240, 0, 240);
INSERT INTO `t_employee_leave_balance` VALUES (840, 280, 3, 2025, 112, 0, 112);
INSERT INTO `t_employee_leave_balance` VALUES (841, 281, 1, 2025, 80, 0, 80);
INSERT INTO `t_employee_leave_balance` VALUES (842, 281, 2, 2025, 240, 0, 240);
INSERT INTO `t_employee_leave_balance` VALUES (843, 281, 3, 2025, 112, 40, 72);
INSERT INTO `t_employee_leave_balance` VALUES (844, 282, 1, 2025, 80, 40, 40);
INSERT INTO `t_employee_leave_balance` VALUES (845, 282, 2, 2025, 240, 0, 240);
INSERT INTO `t_employee_leave_balance` VALUES (846, 282, 3, 2025, 112, 0, 112);
INSERT INTO `t_employee_leave_balance` VALUES (847, 283, 1, 2025, 80, 16, 64);
INSERT INTO `t_employee_leave_balance` VALUES (848, 283, 2, 2025, 240, 32, 208);
INSERT INTO `t_employee_leave_balance` VALUES (849, 283, 3, 2025, 112, 24, 88);
INSERT INTO `t_employee_leave_balance` VALUES (850, 284, 1, 2025, 120, 0, 120);
INSERT INTO `t_employee_leave_balance` VALUES (851, 284, 2, 2025, 240, 0, 240);
INSERT INTO `t_employee_leave_balance` VALUES (852, 284, 3, 2025, 112, 0, 112);
INSERT INTO `t_employee_leave_balance` VALUES (853, 285, 1, 2025, 112, 0, 112);
INSERT INTO `t_employee_leave_balance` VALUES (854, 285, 2, 2025, 240, 0, 240);
INSERT INTO `t_employee_leave_balance` VALUES (855, 285, 3, 2025, 112, 0, 112);
INSERT INTO `t_employee_leave_balance` VALUES (856, 286, 1, 2025, 120, 0, 120);
INSERT INTO `t_employee_leave_balance` VALUES (857, 286, 2, 2025, 240, 0, 240);
INSERT INTO `t_employee_leave_balance` VALUES (858, 286, 3, 2025, 112, 0, 112);
INSERT INTO `t_employee_leave_balance` VALUES (859, 287, 1, 2025, 80, 0, 80);
INSERT INTO `t_employee_leave_balance` VALUES (860, 287, 2, 2025, 240, 0, 240);
INSERT INTO `t_employee_leave_balance` VALUES (861, 287, 3, 2025, 112, 0, 112);
INSERT INTO `t_employee_leave_balance` VALUES (862, 288, 1, 2025, 120, 0, 120);
INSERT INTO `t_employee_leave_balance` VALUES (863, 288, 2, 2025, 240, 0, 240);
INSERT INTO `t_employee_leave_balance` VALUES (864, 288, 3, 2025, 112, 0, 112);
INSERT INTO `t_employee_leave_balance` VALUES (865, 289, 1, 2025, 120, 0, 120);
INSERT INTO `t_employee_leave_balance` VALUES (866, 289, 2, 2025, 240, 0, 240);
INSERT INTO `t_employee_leave_balance` VALUES (867, 289, 3, 2025, 112, 40, 72);
INSERT INTO `t_employee_leave_balance` VALUES (868, 290, 1, 2025, 120, 0, 120);
INSERT INTO `t_employee_leave_balance` VALUES (869, 290, 2, 2025, 240, 0, 240);
INSERT INTO `t_employee_leave_balance` VALUES (870, 290, 3, 2025, 112, 0, 112);
INSERT INTO `t_employee_leave_balance` VALUES (871, 291, 1, 2025, 120, 0, 120);
INSERT INTO `t_employee_leave_balance` VALUES (872, 291, 2, 2025, 240, 0, 240);
INSERT INTO `t_employee_leave_balance` VALUES (873, 291, 3, 2025, 112, 0, 112);
INSERT INTO `t_employee_leave_balance` VALUES (874, 292, 1, 2025, 120, 0, 120);
INSERT INTO `t_employee_leave_balance` VALUES (875, 292, 2, 2025, 240, 0, 240);
INSERT INTO `t_employee_leave_balance` VALUES (876, 292, 3, 2025, 112, 0, 112);
INSERT INTO `t_employee_leave_balance` VALUES (877, 293, 1, 2025, 112, 0, 112);
INSERT INTO `t_employee_leave_balance` VALUES (878, 293, 2, 2025, 240, 0, 240);
INSERT INTO `t_employee_leave_balance` VALUES (879, 293, 3, 2025, 112, 0, 112);
INSERT INTO `t_employee_leave_balance` VALUES (880, 294, 1, 2025, 120, 0, 120);
INSERT INTO `t_employee_leave_balance` VALUES (881, 294, 2, 2025, 240, 0, 240);
INSERT INTO `t_employee_leave_balance` VALUES (882, 294, 3, 2025, 112, 0, 112);
INSERT INTO `t_employee_leave_balance` VALUES (883, 295, 1, 2025, 120, 0, 120);
INSERT INTO `t_employee_leave_balance` VALUES (884, 295, 2, 2025, 240, 0, 240);
INSERT INTO `t_employee_leave_balance` VALUES (885, 295, 3, 2025, 112, 0, 112);
INSERT INTO `t_employee_leave_balance` VALUES (886, 296, 1, 2025, 112, 0, 112);
INSERT INTO `t_employee_leave_balance` VALUES (887, 296, 2, 2025, 240, 0, 240);
INSERT INTO `t_employee_leave_balance` VALUES (888, 296, 3, 2025, 112, 0, 112);
INSERT INTO `t_employee_leave_balance` VALUES (889, 297, 1, 2025, 80, 0, 80);
INSERT INTO `t_employee_leave_balance` VALUES (890, 297, 2, 2025, 240, 0, 240);
INSERT INTO `t_employee_leave_balance` VALUES (891, 297, 3, 2025, 112, 0, 112);
INSERT INTO `t_employee_leave_balance` VALUES (892, 298, 1, 2025, 80, 40, 40);
INSERT INTO `t_employee_leave_balance` VALUES (893, 298, 2, 2025, 240, 0, 240);
INSERT INTO `t_employee_leave_balance` VALUES (894, 298, 3, 2025, 112, 0, 112);
INSERT INTO `t_employee_leave_balance` VALUES (895, 299, 1, 2025, 80, 4, 76);
INSERT INTO `t_employee_leave_balance` VALUES (896, 299, 2, 2025, 240, 32, 208);
INSERT INTO `t_employee_leave_balance` VALUES (897, 299, 3, 2025, 112, 8, 104);
INSERT INTO `t_employee_leave_balance` VALUES (898, 300, 1, 2025, 120, 0, 120);
INSERT INTO `t_employee_leave_balance` VALUES (899, 300, 2, 2025, 240, 0, 240);
INSERT INTO `t_employee_leave_balance` VALUES (900, 300, 3, 2025, 112, 0, 112);
INSERT INTO `t_employee_leave_balance` VALUES (901, 301, 1, 2025, 120, 0, 120);
INSERT INTO `t_employee_leave_balance` VALUES (902, 301, 2, 2025, 240, 0, 240);
INSERT INTO `t_employee_leave_balance` VALUES (903, 301, 3, 2025, 112, 0, 112);
INSERT INTO `t_employee_leave_balance` VALUES (904, 302, 1, 2025, 120, 0, 120);
INSERT INTO `t_employee_leave_balance` VALUES (905, 302, 2, 2025, 240, 0, 240);
INSERT INTO `t_employee_leave_balance` VALUES (906, 302, 3, 2025, 112, 0, 112);
INSERT INTO `t_employee_leave_balance` VALUES (907, 303, 1, 2025, 80, 0, 80);
INSERT INTO `t_employee_leave_balance` VALUES (908, 303, 2, 2025, 240, 0, 240);
INSERT INTO `t_employee_leave_balance` VALUES (909, 303, 3, 2025, 112, 80, 32);
INSERT INTO `t_employee_leave_balance` VALUES (910, 304, 1, 2025, 80, 0, 80);
INSERT INTO `t_employee_leave_balance` VALUES (911, 304, 2, 2025, 240, 0, 240);
INSERT INTO `t_employee_leave_balance` VALUES (912, 304, 3, 2025, 112, 0, 112);
INSERT INTO `t_employee_leave_balance` VALUES (913, 305, 1, 2025, 120, 0, 120);
INSERT INTO `t_employee_leave_balance` VALUES (914, 305, 2, 2025, 240, 0, 240);
INSERT INTO `t_employee_leave_balance` VALUES (915, 305, 3, 2025, 112, 0, 112);
INSERT INTO `t_employee_leave_balance` VALUES (916, 306, 1, 2025, 120, 4, 116);
INSERT INTO `t_employee_leave_balance` VALUES (917, 306, 2, 2025, 240, 0, 240);
INSERT INTO `t_employee_leave_balance` VALUES (918, 306, 3, 2025, 112, 0, 112);
INSERT INTO `t_employee_leave_balance` VALUES (919, 307, 1, 2025, 120, 0, 120);
INSERT INTO `t_employee_leave_balance` VALUES (920, 307, 2, 2025, 240, 0, 240);
INSERT INTO `t_employee_leave_balance` VALUES (921, 307, 3, 2025, 112, 0, 112);
INSERT INTO `t_employee_leave_balance` VALUES (922, 308, 1, 2025, 120, 0, 120);
INSERT INTO `t_employee_leave_balance` VALUES (923, 308, 2, 2025, 240, 0, 240);
INSERT INTO `t_employee_leave_balance` VALUES (924, 308, 3, 2025, 112, 0, 112);
INSERT INTO `t_employee_leave_balance` VALUES (925, 309, 1, 2025, 120, 40, 80);
INSERT INTO `t_employee_leave_balance` VALUES (926, 309, 2, 2025, 240, 0, 240);
INSERT INTO `t_employee_leave_balance` VALUES (927, 309, 3, 2025, 112, 40, 72);
INSERT INTO `t_employee_leave_balance` VALUES (928, 310, 1, 2025, 120, 48, 72);
INSERT INTO `t_employee_leave_balance` VALUES (929, 310, 2, 2025, 240, 0, 240);
INSERT INTO `t_employee_leave_balance` VALUES (930, 310, 3, 2025, 112, 40, 72);
INSERT INTO `t_employee_leave_balance` VALUES (931, 311, 1, 2025, 120, 0, 120);
INSERT INTO `t_employee_leave_balance` VALUES (932, 311, 2, 2025, 240, 0, 240);
INSERT INTO `t_employee_leave_balance` VALUES (933, 311, 3, 2025, 112, 0, 112);
INSERT INTO `t_employee_leave_balance` VALUES (934, 312, 1, 2025, 120, 0, 120);
INSERT INTO `t_employee_leave_balance` VALUES (935, 312, 2, 2025, 240, 0, 240);
INSERT INTO `t_employee_leave_balance` VALUES (936, 312, 3, 2025, 112, 0, 112);
INSERT INTO `t_employee_leave_balance` VALUES (937, 313, 1, 2025, 160, 0, 160);
INSERT INTO `t_employee_leave_balance` VALUES (938, 313, 2, 2025, 240, 0, 240);
INSERT INTO `t_employee_leave_balance` VALUES (939, 313, 3, 2025, 112, 0, 112);
INSERT INTO `t_employee_leave_balance` VALUES (940, 314, 1, 2025, 112, 0, 112);
INSERT INTO `t_employee_leave_balance` VALUES (941, 314, 2, 2025, 240, 0, 240);
INSERT INTO `t_employee_leave_balance` VALUES (942, 314, 3, 2025, 112, 0, 112);
INSERT INTO `t_employee_leave_balance` VALUES (943, 315, 1, 2025, 120, 0, 120);
INSERT INTO `t_employee_leave_balance` VALUES (944, 315, 2, 2025, 240, 0, 240);
INSERT INTO `t_employee_leave_balance` VALUES (945, 315, 3, 2025, 112, 0, 112);
INSERT INTO `t_employee_leave_balance` VALUES (946, 316, 1, 2025, 120, 0, 120);
INSERT INTO `t_employee_leave_balance` VALUES (947, 316, 2, 2025, 240, 0, 240);
INSERT INTO `t_employee_leave_balance` VALUES (948, 316, 3, 2025, 112, 0, 112);
INSERT INTO `t_employee_leave_balance` VALUES (949, 317, 1, 2025, 120, 0, 120);
INSERT INTO `t_employee_leave_balance` VALUES (950, 317, 2, 2025, 240, 0, 240);
INSERT INTO `t_employee_leave_balance` VALUES (951, 317, 3, 2025, 112, 0, 112);
INSERT INTO `t_employee_leave_balance` VALUES (952, 318, 1, 2025, 120, 0, 120);
INSERT INTO `t_employee_leave_balance` VALUES (953, 318, 2, 2025, 240, 0, 240);
INSERT INTO `t_employee_leave_balance` VALUES (954, 318, 3, 2025, 112, 0, 112);
INSERT INTO `t_employee_leave_balance` VALUES (955, 319, 1, 2025, 112, 0, 112);
INSERT INTO `t_employee_leave_balance` VALUES (956, 319, 2, 2025, 240, 0, 240);
INSERT INTO `t_employee_leave_balance` VALUES (957, 319, 3, 2025, 112, 0, 112);
INSERT INTO `t_employee_leave_balance` VALUES (958, 320, 1, 2025, 112, 16, 96);
INSERT INTO `t_employee_leave_balance` VALUES (959, 320, 2, 2025, 240, 0, 240);
INSERT INTO `t_employee_leave_balance` VALUES (960, 320, 3, 2025, 112, 0, 112);

-- ----------------------------
-- Table structure for t_employee_role
-- ----------------------------
DROP TABLE IF EXISTS `t_employee_role`;
CREATE TABLE `t_employee_role`  (
  `employee_role_id` int NOT NULL AUTO_INCREMENT,
  `employee_id` int NOT NULL,
  `role_id` int NOT NULL,
  PRIMARY KEY (`employee_role_id`) USING BTREE,
  INDEX `fk_t_employee_role_employee_id`(`employee_id` ASC) USING BTREE,
  INDEX `fk_role_id`(`role_id` ASC) USING BTREE,
  CONSTRAINT `fk_role_id` FOREIGN KEY (`role_id`) REFERENCES `t_role` (`role_id`) ON DELETE RESTRICT ON UPDATE RESTRICT,
  CONSTRAINT `fk_t_employee_role_employee_id` FOREIGN KEY (`employee_id`) REFERENCES `t_employee` (`employee_id`) ON DELETE RESTRICT ON UPDATE RESTRICT
) ENGINE = InnoDB AUTO_INCREMENT = 1 CHARACTER SET = utf8mb4 COLLATE = utf8mb4_zh_0900_as_cs ROW_FORMAT = Dynamic;

-- ----------------------------
-- Records of t_employee_role
-- ----------------------------
INSERT INTO `t_employee_role` VALUES (1, 1, 1);
INSERT INTO `t_employee_role` VALUES (2, 1, 2);
INSERT INTO `t_employee_role` VALUES (3, 2, 1);
INSERT INTO `t_employee_role` VALUES (4, 2, 2);
INSERT INTO `t_employee_role` VALUES (5, 3, 1);
INSERT INTO `t_employee_role` VALUES (6, 3, 2);
INSERT INTO `t_employee_role` VALUES (7, 4, 1);
INSERT INTO `t_employee_role` VALUES (8, 4, 2);
INSERT INTO `t_employee_role` VALUES (9, 5, 1);
INSERT INTO `t_employee_role` VALUES (10, 5, 2);
INSERT INTO `t_employee_role` VALUES (11, 6, 1);
INSERT INTO `t_employee_role` VALUES (12, 6, 2);
INSERT INTO `t_employee_role` VALUES (13, 7, 1);
INSERT INTO `t_employee_role` VALUES (14, 7, 2);
INSERT INTO `t_employee_role` VALUES (15, 8, 1);
INSERT INTO `t_employee_role` VALUES (16, 8, 2);
INSERT INTO `t_employee_role` VALUES (17, 9, 1);
INSERT INTO `t_employee_role` VALUES (18, 9, 2);
INSERT INTO `t_employee_role` VALUES (19, 10, 1);
INSERT INTO `t_employee_role` VALUES (20, 10, 2);
INSERT INTO `t_employee_role` VALUES (21, 11, 1);
INSERT INTO `t_employee_role` VALUES (22, 11, 2);
INSERT INTO `t_employee_role` VALUES (23, 12, 1);
INSERT INTO `t_employee_role` VALUES (24, 12, 2);
INSERT INTO `t_employee_role` VALUES (25, 13, 1);
INSERT INTO `t_employee_role` VALUES (26, 13, 2);
INSERT INTO `t_employee_role` VALUES (27, 14, 1);
INSERT INTO `t_employee_role` VALUES (28, 14, 2);
INSERT INTO `t_employee_role` VALUES (29, 15, 1);
INSERT INTO `t_employee_role` VALUES (30, 15, 2);
INSERT INTO `t_employee_role` VALUES (31, 16, 1);
INSERT INTO `t_employee_role` VALUES (32, 16, 2);
INSERT INTO `t_employee_role` VALUES (33, 17, 1);
INSERT INTO `t_employee_role` VALUES (34, 17, 2);
INSERT INTO `t_employee_role` VALUES (35, 18, 1);
INSERT INTO `t_employee_role` VALUES (36, 18, 2);
INSERT INTO `t_employee_role` VALUES (37, 19, 1);
INSERT INTO `t_employee_role` VALUES (38, 19, 2);
INSERT INTO `t_employee_role` VALUES (39, 20, 1);
INSERT INTO `t_employee_role` VALUES (40, 20, 2);
INSERT INTO `t_employee_role` VALUES (41, 21, 1);
INSERT INTO `t_employee_role` VALUES (42, 21, 2);
INSERT INTO `t_employee_role` VALUES (43, 22, 1);
INSERT INTO `t_employee_role` VALUES (44, 22, 2);
INSERT INTO `t_employee_role` VALUES (45, 23, 1);
INSERT INTO `t_employee_role` VALUES (46, 23, 2);
INSERT INTO `t_employee_role` VALUES (47, 24, 1);
INSERT INTO `t_employee_role` VALUES (48, 24, 2);
INSERT INTO `t_employee_role` VALUES (49, 25, 1);
INSERT INTO `t_employee_role` VALUES (50, 25, 2);
INSERT INTO `t_employee_role` VALUES (51, 26, 1);
INSERT INTO `t_employee_role` VALUES (52, 26, 2);
INSERT INTO `t_employee_role` VALUES (53, 27, 1);
INSERT INTO `t_employee_role` VALUES (54, 27, 2);
INSERT INTO `t_employee_role` VALUES (55, 28, 1);
INSERT INTO `t_employee_role` VALUES (56, 28, 2);
INSERT INTO `t_employee_role` VALUES (57, 29, 1);
INSERT INTO `t_employee_role` VALUES (58, 29, 2);
INSERT INTO `t_employee_role` VALUES (59, 30, 1);
INSERT INTO `t_employee_role` VALUES (60, 30, 2);
INSERT INTO `t_employee_role` VALUES (61, 31, 1);
INSERT INTO `t_employee_role` VALUES (62, 31, 2);
INSERT INTO `t_employee_role` VALUES (63, 32, 1);
INSERT INTO `t_employee_role` VALUES (64, 32, 2);
INSERT INTO `t_employee_role` VALUES (65, 33, 1);
INSERT INTO `t_employee_role` VALUES (66, 33, 2);
INSERT INTO `t_employee_role` VALUES (67, 34, 1);
INSERT INTO `t_employee_role` VALUES (68, 34, 2);
INSERT INTO `t_employee_role` VALUES (69, 35, 1);
INSERT INTO `t_employee_role` VALUES (70, 35, 2);
INSERT INTO `t_employee_role` VALUES (71, 36, 1);
INSERT INTO `t_employee_role` VALUES (72, 36, 2);
INSERT INTO `t_employee_role` VALUES (73, 37, 1);
INSERT INTO `t_employee_role` VALUES (74, 37, 2);
INSERT INTO `t_employee_role` VALUES (75, 38, 1);
INSERT INTO `t_employee_role` VALUES (76, 38, 2);
INSERT INTO `t_employee_role` VALUES (77, 39, 1);
INSERT INTO `t_employee_role` VALUES (78, 39, 2);
INSERT INTO `t_employee_role` VALUES (79, 40, 1);
INSERT INTO `t_employee_role` VALUES (80, 40, 2);
INSERT INTO `t_employee_role` VALUES (81, 41, 1);
INSERT INTO `t_employee_role` VALUES (82, 42, 1);
INSERT INTO `t_employee_role` VALUES (83, 43, 1);
INSERT INTO `t_employee_role` VALUES (84, 44, 1);
INSERT INTO `t_employee_role` VALUES (85, 45, 1);
INSERT INTO `t_employee_role` VALUES (86, 46, 1);
INSERT INTO `t_employee_role` VALUES (87, 47, 1);
INSERT INTO `t_employee_role` VALUES (88, 48, 1);
INSERT INTO `t_employee_role` VALUES (89, 49, 1);
INSERT INTO `t_employee_role` VALUES (90, 50, 1);
INSERT INTO `t_employee_role` VALUES (91, 51, 1);
INSERT INTO `t_employee_role` VALUES (92, 52, 1);
INSERT INTO `t_employee_role` VALUES (93, 53, 1);
INSERT INTO `t_employee_role` VALUES (94, 54, 1);
INSERT INTO `t_employee_role` VALUES (95, 55, 1);
INSERT INTO `t_employee_role` VALUES (96, 56, 1);
INSERT INTO `t_employee_role` VALUES (97, 57, 1);
INSERT INTO `t_employee_role` VALUES (98, 58, 1);
INSERT INTO `t_employee_role` VALUES (99, 59, 1);
INSERT INTO `t_employee_role` VALUES (100, 60, 1);
INSERT INTO `t_employee_role` VALUES (101, 61, 1);
INSERT INTO `t_employee_role` VALUES (102, 62, 1);
INSERT INTO `t_employee_role` VALUES (103, 63, 1);
INSERT INTO `t_employee_role` VALUES (104, 64, 1);
INSERT INTO `t_employee_role` VALUES (105, 65, 1);
INSERT INTO `t_employee_role` VALUES (106, 66, 1);
INSERT INTO `t_employee_role` VALUES (107, 67, 1);
INSERT INTO `t_employee_role` VALUES (108, 68, 1);
INSERT INTO `t_employee_role` VALUES (109, 69, 1);
INSERT INTO `t_employee_role` VALUES (110, 70, 1);
INSERT INTO `t_employee_role` VALUES (111, 71, 1);
INSERT INTO `t_employee_role` VALUES (112, 72, 1);
INSERT INTO `t_employee_role` VALUES (113, 73, 1);
INSERT INTO `t_employee_role` VALUES (114, 74, 1);
INSERT INTO `t_employee_role` VALUES (115, 75, 1);
INSERT INTO `t_employee_role` VALUES (116, 76, 1);
INSERT INTO `t_employee_role` VALUES (117, 77, 1);
INSERT INTO `t_employee_role` VALUES (118, 78, 1);
INSERT INTO `t_employee_role` VALUES (119, 79, 1);
INSERT INTO `t_employee_role` VALUES (120, 80, 1);
INSERT INTO `t_employee_role` VALUES (121, 81, 1);
INSERT INTO `t_employee_role` VALUES (122, 82, 1);
INSERT INTO `t_employee_role` VALUES (123, 83, 1);
INSERT INTO `t_employee_role` VALUES (124, 84, 1);
INSERT INTO `t_employee_role` VALUES (125, 85, 1);
INSERT INTO `t_employee_role` VALUES (126, 86, 1);
INSERT INTO `t_employee_role` VALUES (127, 87, 1);
INSERT INTO `t_employee_role` VALUES (128, 88, 1);
INSERT INTO `t_employee_role` VALUES (129, 89, 1);
INSERT INTO `t_employee_role` VALUES (130, 90, 1);
INSERT INTO `t_employee_role` VALUES (131, 91, 1);
INSERT INTO `t_employee_role` VALUES (132, 92, 1);
INSERT INTO `t_employee_role` VALUES (133, 93, 1);
INSERT INTO `t_employee_role` VALUES (134, 94, 1);
INSERT INTO `t_employee_role` VALUES (135, 95, 1);
INSERT INTO `t_employee_role` VALUES (136, 96, 1);
INSERT INTO `t_employee_role` VALUES (137, 97, 1);
INSERT INTO `t_employee_role` VALUES (138, 98, 1);
INSERT INTO `t_employee_role` VALUES (139, 99, 1);
INSERT INTO `t_employee_role` VALUES (140, 100, 1);
INSERT INTO `t_employee_role` VALUES (141, 101, 1);
INSERT INTO `t_employee_role` VALUES (142, 102, 1);
INSERT INTO `t_employee_role` VALUES (143, 103, 1);
INSERT INTO `t_employee_role` VALUES (144, 104, 1);
INSERT INTO `t_employee_role` VALUES (145, 105, 1);
INSERT INTO `t_employee_role` VALUES (146, 106, 1);
INSERT INTO `t_employee_role` VALUES (147, 107, 1);
INSERT INTO `t_employee_role` VALUES (148, 108, 1);
INSERT INTO `t_employee_role` VALUES (149, 109, 1);
INSERT INTO `t_employee_role` VALUES (150, 110, 1);
INSERT INTO `t_employee_role` VALUES (151, 111, 1);
INSERT INTO `t_employee_role` VALUES (152, 112, 1);
INSERT INTO `t_employee_role` VALUES (153, 113, 1);
INSERT INTO `t_employee_role` VALUES (154, 114, 1);
INSERT INTO `t_employee_role` VALUES (155, 115, 1);
INSERT INTO `t_employee_role` VALUES (156, 116, 1);
INSERT INTO `t_employee_role` VALUES (157, 117, 1);
INSERT INTO `t_employee_role` VALUES (158, 118, 1);
INSERT INTO `t_employee_role` VALUES (159, 119, 1);
INSERT INTO `t_employee_role` VALUES (160, 120, 1);
INSERT INTO `t_employee_role` VALUES (161, 121, 1);
INSERT INTO `t_employee_role` VALUES (162, 122, 1);
INSERT INTO `t_employee_role` VALUES (163, 123, 1);
INSERT INTO `t_employee_role` VALUES (164, 124, 1);
INSERT INTO `t_employee_role` VALUES (165, 125, 1);
INSERT INTO `t_employee_role` VALUES (166, 126, 1);
INSERT INTO `t_employee_role` VALUES (167, 127, 1);
INSERT INTO `t_employee_role` VALUES (168, 128, 1);
INSERT INTO `t_employee_role` VALUES (169, 129, 1);
INSERT INTO `t_employee_role` VALUES (170, 130, 1);
INSERT INTO `t_employee_role` VALUES (171, 131, 1);
INSERT INTO `t_employee_role` VALUES (172, 132, 1);
INSERT INTO `t_employee_role` VALUES (173, 133, 1);
INSERT INTO `t_employee_role` VALUES (174, 134, 1);
INSERT INTO `t_employee_role` VALUES (175, 135, 1);
INSERT INTO `t_employee_role` VALUES (176, 136, 1);
INSERT INTO `t_employee_role` VALUES (177, 137, 1);
INSERT INTO `t_employee_role` VALUES (178, 138, 1);
INSERT INTO `t_employee_role` VALUES (179, 139, 1);
INSERT INTO `t_employee_role` VALUES (180, 140, 1);
INSERT INTO `t_employee_role` VALUES (181, 141, 1);
INSERT INTO `t_employee_role` VALUES (182, 142, 1);
INSERT INTO `t_employee_role` VALUES (183, 143, 1);
INSERT INTO `t_employee_role` VALUES (184, 144, 1);
INSERT INTO `t_employee_role` VALUES (185, 145, 1);
INSERT INTO `t_employee_role` VALUES (186, 146, 1);
INSERT INTO `t_employee_role` VALUES (187, 147, 1);
INSERT INTO `t_employee_role` VALUES (188, 148, 1);
INSERT INTO `t_employee_role` VALUES (189, 149, 1);
INSERT INTO `t_employee_role` VALUES (190, 150, 1);
INSERT INTO `t_employee_role` VALUES (191, 151, 1);
INSERT INTO `t_employee_role` VALUES (192, 152, 1);
INSERT INTO `t_employee_role` VALUES (193, 153, 1);
INSERT INTO `t_employee_role` VALUES (194, 154, 1);
INSERT INTO `t_employee_role` VALUES (195, 155, 1);
INSERT INTO `t_employee_role` VALUES (196, 156, 1);
INSERT INTO `t_employee_role` VALUES (197, 157, 1);
INSERT INTO `t_employee_role` VALUES (198, 158, 1);
INSERT INTO `t_employee_role` VALUES (199, 159, 1);
INSERT INTO `t_employee_role` VALUES (200, 160, 1);
INSERT INTO `t_employee_role` VALUES (201, 161, 1);
INSERT INTO `t_employee_role` VALUES (202, 162, 1);
INSERT INTO `t_employee_role` VALUES (203, 163, 1);
INSERT INTO `t_employee_role` VALUES (204, 164, 1);
INSERT INTO `t_employee_role` VALUES (205, 165, 1);
INSERT INTO `t_employee_role` VALUES (206, 166, 1);
INSERT INTO `t_employee_role` VALUES (207, 167, 1);
INSERT INTO `t_employee_role` VALUES (208, 168, 1);
INSERT INTO `t_employee_role` VALUES (209, 169, 1);
INSERT INTO `t_employee_role` VALUES (210, 170, 1);
INSERT INTO `t_employee_role` VALUES (211, 171, 1);
INSERT INTO `t_employee_role` VALUES (212, 172, 1);
INSERT INTO `t_employee_role` VALUES (213, 173, 1);
INSERT INTO `t_employee_role` VALUES (214, 174, 1);
INSERT INTO `t_employee_role` VALUES (215, 175, 1);
INSERT INTO `t_employee_role` VALUES (216, 176, 1);
INSERT INTO `t_employee_role` VALUES (217, 177, 1);
INSERT INTO `t_employee_role` VALUES (218, 178, 1);
INSERT INTO `t_employee_role` VALUES (219, 179, 1);
INSERT INTO `t_employee_role` VALUES (220, 180, 1);
INSERT INTO `t_employee_role` VALUES (221, 181, 1);
INSERT INTO `t_employee_role` VALUES (222, 182, 1);
INSERT INTO `t_employee_role` VALUES (223, 183, 1);
INSERT INTO `t_employee_role` VALUES (224, 184, 1);
INSERT INTO `t_employee_role` VALUES (225, 185, 1);
INSERT INTO `t_employee_role` VALUES (226, 186, 1);
INSERT INTO `t_employee_role` VALUES (227, 187, 1);
INSERT INTO `t_employee_role` VALUES (228, 188, 1);
INSERT INTO `t_employee_role` VALUES (229, 189, 1);
INSERT INTO `t_employee_role` VALUES (230, 190, 1);
INSERT INTO `t_employee_role` VALUES (231, 191, 1);
INSERT INTO `t_employee_role` VALUES (232, 192, 1);
INSERT INTO `t_employee_role` VALUES (233, 193, 1);
INSERT INTO `t_employee_role` VALUES (234, 194, 1);
INSERT INTO `t_employee_role` VALUES (235, 195, 1);
INSERT INTO `t_employee_role` VALUES (236, 196, 1);
INSERT INTO `t_employee_role` VALUES (237, 197, 1);
INSERT INTO `t_employee_role` VALUES (238, 198, 1);
INSERT INTO `t_employee_role` VALUES (239, 199, 1);
INSERT INTO `t_employee_role` VALUES (240, 200, 1);
INSERT INTO `t_employee_role` VALUES (241, 201, 1);
INSERT INTO `t_employee_role` VALUES (242, 202, 1);
INSERT INTO `t_employee_role` VALUES (243, 203, 1);
INSERT INTO `t_employee_role` VALUES (244, 204, 1);
INSERT INTO `t_employee_role` VALUES (245, 205, 1);
INSERT INTO `t_employee_role` VALUES (246, 206, 1);
INSERT INTO `t_employee_role` VALUES (247, 207, 1);
INSERT INTO `t_employee_role` VALUES (248, 208, 1);
INSERT INTO `t_employee_role` VALUES (249, 209, 1);
INSERT INTO `t_employee_role` VALUES (250, 210, 1);
INSERT INTO `t_employee_role` VALUES (251, 211, 1);
INSERT INTO `t_employee_role` VALUES (252, 212, 1);
INSERT INTO `t_employee_role` VALUES (253, 213, 1);
INSERT INTO `t_employee_role` VALUES (254, 214, 1);
INSERT INTO `t_employee_role` VALUES (255, 215, 1);
INSERT INTO `t_employee_role` VALUES (256, 216, 1);
INSERT INTO `t_employee_role` VALUES (257, 217, 1);
INSERT INTO `t_employee_role` VALUES (258, 218, 1);
INSERT INTO `t_employee_role` VALUES (259, 219, 1);
INSERT INTO `t_employee_role` VALUES (260, 220, 1);
INSERT INTO `t_employee_role` VALUES (261, 221, 1);
INSERT INTO `t_employee_role` VALUES (262, 222, 1);
INSERT INTO `t_employee_role` VALUES (263, 223, 1);
INSERT INTO `t_employee_role` VALUES (264, 224, 1);
INSERT INTO `t_employee_role` VALUES (265, 225, 1);
INSERT INTO `t_employee_role` VALUES (266, 226, 1);
INSERT INTO `t_employee_role` VALUES (267, 227, 1);
INSERT INTO `t_employee_role` VALUES (268, 228, 1);
INSERT INTO `t_employee_role` VALUES (269, 229, 1);
INSERT INTO `t_employee_role` VALUES (270, 230, 1);
INSERT INTO `t_employee_role` VALUES (271, 231, 1);
INSERT INTO `t_employee_role` VALUES (272, 232, 1);
INSERT INTO `t_employee_role` VALUES (273, 233, 1);
INSERT INTO `t_employee_role` VALUES (274, 234, 1);
INSERT INTO `t_employee_role` VALUES (275, 235, 1);
INSERT INTO `t_employee_role` VALUES (276, 236, 1);
INSERT INTO `t_employee_role` VALUES (277, 237, 1);
INSERT INTO `t_employee_role` VALUES (278, 238, 1);
INSERT INTO `t_employee_role` VALUES (279, 239, 1);
INSERT INTO `t_employee_role` VALUES (280, 240, 1);
INSERT INTO `t_employee_role` VALUES (281, 241, 1);
INSERT INTO `t_employee_role` VALUES (282, 242, 1);
INSERT INTO `t_employee_role` VALUES (283, 243, 1);
INSERT INTO `t_employee_role` VALUES (284, 244, 1);
INSERT INTO `t_employee_role` VALUES (285, 245, 1);
INSERT INTO `t_employee_role` VALUES (286, 246, 1);
INSERT INTO `t_employee_role` VALUES (287, 247, 1);
INSERT INTO `t_employee_role` VALUES (288, 248, 1);
INSERT INTO `t_employee_role` VALUES (289, 249, 1);
INSERT INTO `t_employee_role` VALUES (290, 250, 1);
INSERT INTO `t_employee_role` VALUES (291, 251, 1);
INSERT INTO `t_employee_role` VALUES (292, 252, 1);
INSERT INTO `t_employee_role` VALUES (293, 253, 1);
INSERT INTO `t_employee_role` VALUES (294, 254, 1);
INSERT INTO `t_employee_role` VALUES (295, 255, 1);
INSERT INTO `t_employee_role` VALUES (296, 256, 1);
INSERT INTO `t_employee_role` VALUES (297, 257, 1);
INSERT INTO `t_employee_role` VALUES (298, 258, 1);
INSERT INTO `t_employee_role` VALUES (299, 259, 1);
INSERT INTO `t_employee_role` VALUES (300, 260, 1);
INSERT INTO `t_employee_role` VALUES (301, 261, 1);
INSERT INTO `t_employee_role` VALUES (302, 262, 1);
INSERT INTO `t_employee_role` VALUES (303, 263, 1);
INSERT INTO `t_employee_role` VALUES (304, 264, 1);
INSERT INTO `t_employee_role` VALUES (305, 265, 1);
INSERT INTO `t_employee_role` VALUES (306, 266, 1);
INSERT INTO `t_employee_role` VALUES (307, 267, 1);
INSERT INTO `t_employee_role` VALUES (308, 268, 1);
INSERT INTO `t_employee_role` VALUES (309, 269, 1);
INSERT INTO `t_employee_role` VALUES (310, 270, 1);
INSERT INTO `t_employee_role` VALUES (311, 271, 1);
INSERT INTO `t_employee_role` VALUES (312, 272, 1);
INSERT INTO `t_employee_role` VALUES (313, 273, 1);
INSERT INTO `t_employee_role` VALUES (314, 274, 1);
INSERT INTO `t_employee_role` VALUES (315, 275, 1);
INSERT INTO `t_employee_role` VALUES (316, 276, 1);
INSERT INTO `t_employee_role` VALUES (317, 277, 1);
INSERT INTO `t_employee_role` VALUES (318, 278, 1);
INSERT INTO `t_employee_role` VALUES (319, 279, 1);
INSERT INTO `t_employee_role` VALUES (320, 280, 1);
INSERT INTO `t_employee_role` VALUES (321, 281, 1);
INSERT INTO `t_employee_role` VALUES (322, 282, 1);
INSERT INTO `t_employee_role` VALUES (323, 283, 1);
INSERT INTO `t_employee_role` VALUES (324, 284, 1);
INSERT INTO `t_employee_role` VALUES (325, 285, 1);
INSERT INTO `t_employee_role` VALUES (326, 286, 1);
INSERT INTO `t_employee_role` VALUES (327, 287, 1);
INSERT INTO `t_employee_role` VALUES (328, 288, 1);
INSERT INTO `t_employee_role` VALUES (329, 289, 1);
INSERT INTO `t_employee_role` VALUES (330, 290, 1);
INSERT INTO `t_employee_role` VALUES (331, 291, 1);
INSERT INTO `t_employee_role` VALUES (332, 292, 1);
INSERT INTO `t_employee_role` VALUES (333, 293, 1);
INSERT INTO `t_employee_role` VALUES (334, 294, 1);
INSERT INTO `t_employee_role` VALUES (335, 295, 1);
INSERT INTO `t_employee_role` VALUES (336, 296, 1);
INSERT INTO `t_employee_role` VALUES (337, 297, 1);
INSERT INTO `t_employee_role` VALUES (338, 298, 1);
INSERT INTO `t_employee_role` VALUES (339, 299, 1);
INSERT INTO `t_employee_role` VALUES (340, 300, 1);
INSERT INTO `t_employee_role` VALUES (341, 301, 1);
INSERT INTO `t_employee_role` VALUES (342, 302, 1);
INSERT INTO `t_employee_role` VALUES (343, 303, 1);
INSERT INTO `t_employee_role` VALUES (344, 304, 1);
INSERT INTO `t_employee_role` VALUES (345, 305, 1);
INSERT INTO `t_employee_role` VALUES (346, 306, 1);
INSERT INTO `t_employee_role` VALUES (347, 307, 1);
INSERT INTO `t_employee_role` VALUES (348, 308, 1);
INSERT INTO `t_employee_role` VALUES (349, 309, 1);
INSERT INTO `t_employee_role` VALUES (350, 310, 1);
INSERT INTO `t_employee_role` VALUES (351, 311, 1);
INSERT INTO `t_employee_role` VALUES (352, 312, 1);
INSERT INTO `t_employee_role` VALUES (353, 313, 1);
INSERT INTO `t_employee_role` VALUES (354, 314, 1);
INSERT INTO `t_employee_role` VALUES (355, 315, 1);
INSERT INTO `t_employee_role` VALUES (356, 316, 1);
INSERT INTO `t_employee_role` VALUES (357, 317, 1);
INSERT INTO `t_employee_role` VALUES (358, 318, 1);
INSERT INTO `t_employee_role` VALUES (359, 319, 1);
INSERT INTO `t_employee_role` VALUES (360, 320, 1);

-- ----------------------------
-- Table structure for t_leave_application
-- ----------------------------
DROP TABLE IF EXISTS `t_leave_application`;
CREATE TABLE `t_leave_application`  (
  `application_id` int NOT NULL AUTO_INCREMENT,
  `employee_id` int NOT NULL COMMENT '申請人ID',
  `leave_type_id` int NOT NULL COMMENT '假別ID',
  `start_datetime` datetime NOT NULL COMMENT '請假開始時間',
  `end_datetime` datetime NOT NULL COMMENT '請假結束時間',
  `leave_hours` int NOT NULL COMMENT '請假時數',
  `reason` varchar(255) CHARACTER SET utf8mb4 COLLATE utf8mb4_zh_0900_as_cs NOT NULL,
  `proxy_employee_id` int NOT NULL COMMENT '代理人ID',
  `status` varchar(255) CHARACTER SET utf8mb4 COLLATE utf8mb4_zh_0900_as_cs NOT NULL,
  `application_datetime` datetime NOT NULL COMMENT '申請日期時間',
  `approver_employee_id` int NULL DEFAULT NULL COMMENT '審核人ID',
  `approval_reason` varchar(255) CHARACTER SET utf8mb4 COLLATE utf8mb4_zh_0900_as_cs NULL DEFAULT NULL,
  `approval_datetime` datetime NULL DEFAULT NULL COMMENT '審核日期時間',
  `file_path` varchar(255) CHARACTER SET utf8mb4 COLLATE utf8mb4_zh_0900_as_cs NULL DEFAULT NULL,
  `file_name` varchar(255) CHARACTER SET utf8mb4 COLLATE utf8mb4_zh_0900_as_cs NULL DEFAULT NULL COMMENT '檔案名稱',
  PRIMARY KEY (`application_id`) USING BTREE,
  INDEX `fk_t_leave_application_employee_id`(`employee_id` ASC) USING BTREE,
  INDEX `fk_t_leave_application_leave_type_id`(`leave_type_id` ASC) USING BTREE,
  INDEX `fk_proxy_employee_id`(`proxy_employee_id` ASC) USING BTREE,
  INDEX `fk_approver_employee_id`(`approver_employee_id` ASC) USING BTREE,
  CONSTRAINT `fk_approver_employee_id` FOREIGN KEY (`approver_employee_id`) REFERENCES `t_employee` (`employee_id`) ON DELETE RESTRICT ON UPDATE RESTRICT,
  CONSTRAINT `fk_proxy_employee_id` FOREIGN KEY (`proxy_employee_id`) REFERENCES `t_employee` (`employee_id`) ON DELETE RESTRICT ON UPDATE RESTRICT,
  CONSTRAINT `fk_t_leave_application_employee_id` FOREIGN KEY (`employee_id`) REFERENCES `t_employee` (`employee_id`) ON DELETE RESTRICT ON UPDATE RESTRICT,
  CONSTRAINT `fk_t_leave_application_leave_type_id` FOREIGN KEY (`leave_type_id`) REFERENCES `t_leave_type` (`leave_type_id`) ON DELETE RESTRICT ON UPDATE RESTRICT
) ENGINE = InnoDB AUTO_INCREMENT = 1 CHARACTER SET = utf8mb4 COLLATE = utf8mb4_zh_0900_as_cs ROW_FORMAT = Dynamic;

-- ----------------------------
-- Records of t_leave_application
-- ----------------------------
INSERT INTO `t_leave_application` VALUES (1, 141, 1, '2025-03-28 08:00:00', '2025-03-29 16:00:00', 32, '休假規劃', 140, '已核准', '2025-03-24 08:00:00', 14, '符合請假規定，准予請假。', '2025-03-24 21:00:00', NULL, NULL);
INSERT INTO `t_leave_application` VALUES (2, 278, 2, '2024-10-25 08:00:00', '2024-10-25 12:00:00', 4, '身體不適', 279, '已核准', '2024-10-15 08:00:00', 34, '已確認請假時間無重要工作，准予請假。', '2024-10-16 18:00:00', NULL, NULL);
INSERT INTO `t_leave_application` VALUES (3, 278, 2, '2024-10-18 08:00:00', '2024-10-19 16:00:00', 32, '身體不舒服需要休息', 280, '已核准', '2024-10-09 08:00:00', 34, '符合請假規定，准予請假。', '2024-10-10 10:00:00', NULL, NULL);
INSERT INTO `t_leave_application` VALUES (4, 278, 1, '2024-12-06 09:00:00', '2024-12-06 17:00:00', 8, '旅遊計畫', 279, '已核准', '2024-12-02 09:00:00', 34, '符合請假規定，准予請假。', '2024-12-03 20:00:00', NULL, NULL);
INSERT INTO `t_leave_application` VALUES (5, 167, 1, '2024-11-08 08:00:00', '2024-11-10 00:00:00', 40, '休假規劃', 173, '已核准', '2024-11-05 08:00:00', 18, '已安排人力支援，同意請假。', '2024-11-05 15:00:00', NULL, NULL);
INSERT INTO `t_leave_application` VALUES (6, 167, 2, '2025-03-27 15:00:00', '2025-03-29 07:00:00', 40, '身體不舒服需要休息', 166, '已核准', '2025-03-24 15:00:00', 18, '已安排人力支援，同意請假。', '2025-03-25 14:00:00', NULL, NULL);
INSERT INTO `t_leave_application` VALUES (7, 167, 3, '2025-04-10 09:00:00', '2025-04-10 17:00:00', 8, '參加親友婚禮', 169, '已核准', '2025-03-27 09:00:00', 18, '已確認請假時間無重要工作，准予請假。', '2025-03-28 02:00:00', '3d188952-b12d-45ba-ba04-8a31d2ff9fc4.pdf', '請假證明_3_3.pdf');
INSERT INTO `t_leave_application` VALUES (8, 166, 1, '2025-02-17 08:00:00', '2025-02-18 00:00:00', 16, '個人休息', 174, '已核准', '2025-02-05 08:00:00', 18, '符合請假規定，准予請假。', '2025-02-06 08:00:00', '0a348a88-b6a8-403b-9098-8f372548729a.pdf', '請假證明_1_55.pdf');
INSERT INTO `t_leave_application` VALUES (9, 166, 3, '2025-03-03 10:00:00', '2025-03-04 10:00:00', 24, '家庭事務', 167, '待審核', '2025-03-01 10:00:00', 18, '', NULL, NULL, NULL);
INSERT INTO `t_leave_application` VALUES (10, 188, 2, '2025-01-22 15:00:00', '2025-01-24 07:00:00', 40, '就醫看診', 185, '已核准', '2025-01-12 15:00:00', 20, '符合請假規定，准予請假。', '2025-01-14 13:00:00', NULL, NULL);
INSERT INTO `t_leave_application` VALUES (11, 172, 1, '2025-03-10 13:00:00', '2025-03-11 13:00:00', 24, '個人休息', 175, '已核准', '2025-02-27 13:00:00', 18, '已確認請假時間無重要工作，准予請假。', '2025-02-28 18:00:00', NULL, NULL);
INSERT INTO `t_leave_application` VALUES (12, 172, 3, '2025-04-01 09:00:00', '2025-04-01 17:00:00', 8, '家庭事務', 165, '已核准', '2025-03-31 09:00:00', 18, '已安排人力支援，同意請假。', '2025-04-01 15:00:00', '537b4a31-aa52-42d7-9638-14a42d395ce2.pdf', '請假證明_3_12.pdf');
INSERT INTO `t_leave_application` VALUES (13, 92, 3, '2025-03-12 14:00:00', '2025-03-13 06:00:00', 16, '臨時有事需處理', 90, '已核准', '2025-03-10 14:00:00', 7, '已安排人力支援，同意請假。', '2025-03-11 10:00:00', NULL, NULL);
INSERT INTO `t_leave_application` VALUES (14, 92, 2, '2024-11-15 13:00:00', '2024-11-15 17:00:00', 4, '身體不適', 7, '已核准', '2024-11-04 13:00:00', 7, '符合請假規定，准予請假。', '2024-11-06 02:00:00', NULL, NULL);
INSERT INTO `t_leave_application` VALUES (15, 83, 2, '2025-02-14 08:00:00', '2025-02-15 16:00:00', 32, '牙科治療', 87, '已核准', '2025-02-04 08:00:00', 5, '已確認請假時間無重要工作，准予請假。', '2025-02-05 06:00:00', NULL, NULL);
INSERT INTO `t_leave_application` VALUES (16, 283, 3, '2025-01-17 13:00:00', '2025-01-18 13:00:00', 24, '臨時有事需處理', 282, '已核准', '2025-01-11 13:00:00', 35, '已確認請假時間無重要工作，准予請假。', '2025-01-12 19:00:00', NULL, NULL);
INSERT INTO `t_leave_application` VALUES (17, 283, 1, '2025-04-10 10:00:00', '2025-04-11 02:00:00', 16, '個人休息', 281, '已核准', '2025-04-09 10:00:00', 35, '已安排人力支援，同意請假。', '2025-04-10 21:00:00', NULL, NULL);
INSERT INTO `t_leave_application` VALUES (18, 283, 2, '2025-04-07 08:00:00', '2025-04-08 16:00:00', 32, '身體不舒服需要休息', 282, '已核准', '2025-03-30 08:00:00', 35, '已安排人力支援，同意請假。', '2025-04-01 08:00:00', NULL, NULL);
INSERT INTO `t_leave_application` VALUES (19, 211, 1, '2025-04-08 14:00:00', '2025-04-10 06:00:00', 40, '休假規劃', 210, '已核准', '2025-04-03 14:00:00', 23, '已確認請假時間無重要工作，准予請假。', '2025-04-04 23:00:00', NULL, NULL);
INSERT INTO `t_leave_application` VALUES (20, 211, 1, '2024-11-19 08:00:00', '2024-11-20 16:00:00', 32, '家庭活動', 212, '已核准', '2024-11-15 08:00:00', 23, '已確認請假時間無重要工作，准予請假。', '2024-11-17 04:00:00', NULL, NULL);
INSERT INTO `t_leave_application` VALUES (21, 211, 2, '2025-01-30 08:00:00', '2025-01-31 08:00:00', 24, '身體不適', 212, '已核准', '2025-01-23 08:00:00', 23, '已安排人力支援，同意請假。', '2025-01-25 06:00:00', NULL, NULL);
INSERT INTO `t_leave_application` VALUES (22, 265, 1, '2025-02-06 15:00:00', '2025-02-07 07:00:00', 16, '旅遊計畫', 259, '已核准', '2025-01-28 15:00:00', 31, '已確認請假時間無重要工作，准予請假。', '2025-01-29 11:00:00', '0a348a88-b6a8-403b-9098-8f372548729a.pdf', '請假證明_1_66.pdf');
INSERT INTO `t_leave_application` VALUES (23, 265, 3, '2024-12-27 10:00:00', '2024-12-29 02:00:00', 40, '參加親友婚禮', 257, '已核准', '2024-12-14 10:00:00', 31, '已安排人力支援，同意請假。', '2024-12-16 01:00:00', NULL, NULL);
INSERT INTO `t_leave_application` VALUES (24, 265, 3, '2024-10-17 10:00:00', '2024-10-18 02:00:00', 16, '個人事務處理', 258, '已核准', '2024-10-10 10:00:00', 31, '符合請假規定，准予請假。', '2024-10-11 14:00:00', NULL, NULL);
INSERT INTO `t_leave_application` VALUES (25, 41, 1, '2025-01-10 09:00:00', '2025-01-12 01:00:00', 40, '旅遊計畫', 42, '已核准', '2025-01-04 09:00:00', 1, '已安排人力支援，同意請假。', '2025-01-04 14:00:00', NULL, NULL);
INSERT INTO `t_leave_application` VALUES (26, 289, 3, '2025-01-08 08:00:00', '2025-01-09 16:00:00', 32, '家庭事務', 286, '已核准', '2024-12-29 08:00:00', 35, '符合請假規定，准予請假。', '2024-12-31 02:00:00', NULL, NULL);
INSERT INTO `t_leave_application` VALUES (27, 289, 3, '2024-12-30 08:00:00', '2024-12-30 16:00:00', 8, '個人事務處理', 281, '已核准', '2024-12-20 08:00:00', 35, '已確認請假時間無重要工作，准予請假。', '2024-12-20 19:00:00', NULL, NULL);
INSERT INTO `t_leave_application` VALUES (28, 127, 1, '2025-01-10 08:00:00', '2025-01-11 16:00:00', 32, '旅遊計畫', 12, '已核准', '2025-01-06 08:00:00', 12, '已確認請假時間無重要工作，准予請假。', '2025-01-07 15:00:00', NULL, NULL);
INSERT INTO `t_leave_application` VALUES (29, 85, 3, '2024-12-27 09:00:00', '2024-12-27 17:00:00', 8, '臨時有事需處理', 76, '已核准', '2024-12-22 09:00:00', 5, '已安排人力支援，同意請假。', '2024-12-23 20:00:00', NULL, NULL);
INSERT INTO `t_leave_application` VALUES (30, 85, 3, '2025-01-06 15:00:00', '2025-01-07 15:00:00', 24, '臨時有事需處理', 82, '已核准', '2025-01-04 15:00:00', 5, '符合請假規定，准予請假。', '2025-01-06 01:00:00', NULL, NULL);
INSERT INTO `t_leave_application` VALUES (31, 85, 2, '2025-02-14 09:00:00', '2025-02-15 09:00:00', 24, '身體不舒服需要休息', 86, '已拒絕', '2025-02-05 09:00:00', 5, '人力不足，請改期請假。', '2025-02-05 15:00:00', '0a348a88-b6a8-403b-9098-8f372548729a.pdf', '請假證明_2_56.pdf');
INSERT INTO `t_leave_application` VALUES (32, 124, 3, '2025-02-07 08:00:00', '2025-02-09 00:00:00', 40, '家庭事務', 123, '已核准', '2025-01-27 08:00:00', 12, '已確認請假時間無重要工作，准予請假。', '2025-01-28 06:00:00', '0a348a88-b6a8-403b-9098-8f372548729a.pdf', '請假證明_3_63.pdf');
INSERT INTO `t_leave_application` VALUES (33, 124, 1, '2024-11-13 09:00:00', '2024-11-13 13:00:00', 4, '家庭活動', 126, '已拒絕', '2024-11-09 09:00:00', 12, '假期餘額不足，無法核准。', '2024-11-11 04:00:00', NULL, NULL);
INSERT INTO `t_leave_application` VALUES (34, 173, 2, '2025-03-07 14:00:00', '2025-03-08 14:00:00', 24, '牙科治療', 174, '已核准', '2025-02-22 14:00:00', 18, '已安排人力支援，同意請假。', '2025-02-22 18:00:00', '0a348a88-b6a8-403b-9098-8f372548729a.pdf', '請假證明_2_36.pdf');
INSERT INTO `t_leave_application` VALUES (35, 13, 2, '2025-03-18 14:00:00', '2025-03-20 06:00:00', 40, '感冒發燒', 129, '已核准', '2025-03-11 14:00:00', 9, '已確認請假時間無重要工作，准予請假。', '2025-03-13 11:00:00', NULL, NULL);
INSERT INTO `t_leave_application` VALUES (36, 13, 3, '2025-03-07 08:00:00', '2025-03-08 08:00:00', 24, '臨時有事需處理', 129, '已核准', '2025-02-25 08:00:00', 9, '已確認請假時間無重要工作，准予請假。', '2025-02-26 00:00:00', NULL, NULL);
INSERT INTO `t_leave_application` VALUES (37, 13, 3, '2024-11-22 09:00:00', '2024-11-22 17:00:00', 8, '處理私人事務', 131, '已核准', '2024-11-17 09:00:00', 9, '已安排人力支援，同意請假。', '2024-11-17 18:00:00', NULL, NULL);
INSERT INTO `t_leave_application` VALUES (38, 122, 2, '2025-03-07 09:00:00', '2025-03-07 17:00:00', 8, '牙科治療', 11, '已核准', '2025-02-25 09:00:00', 11, '符合請假規定，准予請假。', '2025-02-25 18:00:00', NULL, NULL);
INSERT INTO `t_leave_application` VALUES (39, 122, 3, '2024-11-19 10:00:00', '2024-11-20 10:00:00', 24, '處理私人事務', 117, '已核准', '2024-11-07 10:00:00', 11, '已確認請假時間無重要工作，准予請假。', '2024-11-09 03:00:00', NULL, NULL);
INSERT INTO `t_leave_application` VALUES (40, 1, 1, '2024-10-21 10:00:00', '2024-10-21 14:00:00', 4, '休假', 41, '已核准', '2024-10-16 10:00:00', 31, '已安排人力支援，同意請假。', '2024-10-17 06:00:00', NULL, NULL);
INSERT INTO `t_leave_application` VALUES (41, 1, 2, '2024-12-18 09:00:00', '2024-12-19 17:00:00', 32, '牙科治療', 42, '已核准', '2024-12-11 09:00:00', 31, '符合請假規定，准予請假。', '2024-12-12 06:00:00', NULL, NULL);
INSERT INTO `t_leave_application` VALUES (42, 241, 2, '2025-02-07 09:00:00', '2025-02-07 17:00:00', 8, '就醫看診', 247, '已核准', '2025-01-25 09:00:00', 29, '已安排人力支援，同意請假。', '2025-01-26 20:00:00', NULL, NULL);
INSERT INTO `t_leave_application` VALUES (43, 241, 2, '2025-01-31 09:00:00', '2025-01-31 17:00:00', 8, '身體不適', 248, '已核准', '2025-01-21 09:00:00', 29, '符合請假規定，准予請假。', '2025-01-22 07:00:00', NULL, NULL);
INSERT INTO `t_leave_application` VALUES (44, 218, 3, '2025-02-27 14:00:00', '2025-02-28 14:00:00', 24, '臨時有事需處理', 220, '已核准', '2025-02-14 14:00:00', 25, '已確認請假時間無重要工作，准予請假。', '2025-02-16 06:00:00', NULL, NULL);
INSERT INTO `t_leave_application` VALUES (45, 218, 2, '2025-01-31 10:00:00', '2025-02-01 02:00:00', 16, '身體不適', 217, '已核准', '2025-01-28 10:00:00', 25, '已安排人力支援，同意請假。', '2025-01-29 16:00:00', NULL, NULL);
INSERT INTO `t_leave_application` VALUES (46, 218, 1, '2024-10-23 14:00:00', '2024-10-24 06:00:00', 16, '家庭活動', 25, '已核准', '2024-10-13 14:00:00', 25, '符合請假規定，准予請假。', '2024-10-14 23:00:00', '0a348a88-b6a8-403b-9098-8f372548729a.pdf', '請假證明_1_172.pdf');
INSERT INTO `t_leave_application` VALUES (47, 153, 2, '2025-03-21 08:00:00', '2025-03-22 16:00:00', 32, '就醫看診', 147, '已核准', '2025-03-08 08:00:00', 15, '符合請假規定，准予請假。', '2025-03-10 00:00:00', '0a348a88-b6a8-403b-9098-8f372548729a.pdf', '請假證明_2_21.pdf');
INSERT INTO `t_leave_application` VALUES (48, 251, 3, '2024-12-26 08:00:00', '2024-12-27 16:00:00', 32, '臨時有事需處理', 255, '已核准', '2024-12-25 08:00:00', 30, '已安排人力支援，同意請假。', '2024-12-25 20:00:00', NULL, NULL);
INSERT INTO `t_leave_application` VALUES (49, 28, 3, '2025-03-21 09:00:00', '2025-03-21 13:00:00', 4, '臨時有事需處理', 240, '已核准', '2025-03-10 09:00:00', 27, '符合請假規定，准予請假。', '2025-03-11 21:00:00', NULL, NULL);
INSERT INTO `t_leave_application` VALUES (50, 28, 2, '2024-11-22 10:00:00', '2024-11-24 02:00:00', 40, '身體不舒服需要休息', 236, '已核准', '2024-11-21 10:00:00', 27, '符合請假規定，准予請假。', '2024-11-22 21:00:00', '0a348a88-b6a8-403b-9098-8f372548729a.pdf', '請假證明_2_142.pdf');
INSERT INTO `t_leave_application` VALUES (51, 28, 1, '2024-12-20 09:00:00', '2024-12-20 17:00:00', 8, '休假', 234, '已拒絕', '2024-12-15 09:00:00', 27, '提交資料不完整，請重新申請。', '2024-12-16 20:00:00', NULL, NULL);
INSERT INTO `t_leave_application` VALUES (52, 125, 2, '2025-03-27 09:00:00', '2025-03-27 17:00:00', 8, '身體不舒服需要休息', 126, '已核准', '2025-03-14 09:00:00', 12, '符合請假規定，准予請假。', '2025-03-16 09:00:00', NULL, NULL);
INSERT INTO `t_leave_application` VALUES (53, 125, 2, '2024-12-09 08:00:00', '2024-12-10 16:00:00', 32, '牙科治療', 126, '已核准', '2024-11-28 08:00:00', 12, '已安排人力支援，同意請假。', '2024-11-29 13:00:00', NULL, NULL);
INSERT INTO `t_leave_application` VALUES (54, 125, 1, '2025-01-07 15:00:00', '2025-01-09 07:00:00', 40, '休假規劃', 127, '已核准', '2025-01-04 15:00:00', 12, '已安排人力支援，同意請假。', '2025-01-05 18:00:00', NULL, NULL);
INSERT INTO `t_leave_application` VALUES (55, 31, 1, '2025-01-17 13:00:00', '2025-01-17 17:00:00', 4, '家庭活動', 261, '已核准', '2025-01-16 13:00:00', 30, '已確認請假時間無重要工作，准予請假。', '2025-01-18 01:00:00', NULL, NULL);
INSERT INTO `t_leave_application` VALUES (56, 31, 2, '2025-01-07 09:00:00', '2025-01-07 17:00:00', 8, '感冒發燒', 259, '已核准', '2024-12-31 09:00:00', 30, '已確認請假時間無重要工作，准予請假。', '2025-01-01 12:00:00', NULL, NULL);
INSERT INTO `t_leave_application` VALUES (57, 31, 3, '2025-01-30 08:00:00', '2025-01-31 16:00:00', 32, '處理私人事務', 261, '已核准', '2025-01-23 08:00:00', 30, '已確認請假時間無重要工作，准予請假。', '2025-01-24 15:00:00', NULL, NULL);
INSERT INTO `t_leave_application` VALUES (58, 226, 2, '2025-01-02 09:00:00', '2025-01-03 17:00:00', 32, '就醫看診', 224, '待審核', '2024-12-28 09:00:00', 26, '', NULL, NULL, NULL);
INSERT INTO `t_leave_application` VALUES (59, 226, 3, '2025-01-03 09:00:00', '2025-01-03 17:00:00', 8, '臨時有事需處理', 26, '已核准', '2024-12-27 09:00:00', 26, '符合請假規定，准予請假。', '2024-12-28 15:00:00', '0a348a88-b6a8-403b-9098-8f372548729a.pdf', '請假證明_3_100.pdf');
INSERT INTO `t_leave_application` VALUES (60, 168, 2, '2024-10-16 08:00:00', '2024-10-16 16:00:00', 8, '感冒發燒', 166, '已核准', '2024-10-07 08:00:00', 18, '符合請假規定，准予請假。', '2024-10-08 19:00:00', NULL, NULL);
INSERT INTO `t_leave_application` VALUES (61, 168, 2, '2025-01-07 13:00:00', '2025-01-08 05:00:00', 16, '牙科治療', 164, '已核准', '2025-01-02 13:00:00', 18, '已確認請假時間無重要工作，准予請假。', '2025-01-02 23:00:00', '0a348a88-b6a8-403b-9098-8f372548729a.pdf', '請假證明_2_96.pdf');
INSERT INTO `t_leave_application` VALUES (62, 168, 2, '2024-10-28 13:00:00', '2024-10-28 17:00:00', 4, '就醫看診', 175, '已核准', '2024-10-27 13:00:00', 18, '符合請假規定，准予請假。', '2024-10-28 20:00:00', NULL, NULL);
INSERT INTO `t_leave_application` VALUES (63, 38, 3, '2024-11-25 13:00:00', '2024-11-25 17:00:00', 4, '臨時有事需處理', 303, '已核准', '2024-11-20 13:00:00', 33, '已安排人力支援，同意請假。', '2024-11-22 09:00:00', NULL, NULL);
INSERT INTO `t_leave_application` VALUES (64, 38, 3, '2024-11-29 15:00:00', '2024-11-30 15:00:00', 24, '參加親友婚禮', 305, '已核准', '2024-11-21 15:00:00', 33, '符合請假規定，准予請假。', '2024-11-23 12:00:00', NULL, NULL);
INSERT INTO `t_leave_application` VALUES (65, 194, 2, '2024-12-12 09:00:00', '2024-12-13 01:00:00', 16, '感冒發燒', 197, '已核准', '2024-12-07 09:00:00', 21, '已確認請假時間無重要工作，准予請假。', '2024-12-07 19:00:00', '0a348a88-b6a8-403b-9098-8f372548729a.pdf', '請假證明_2_122.pdf');
INSERT INTO `t_leave_application` VALUES (66, 194, 3, '2024-12-10 15:00:00', '2024-12-12 07:00:00', 40, '處理私人事務', 189, '已核准', '2024-12-04 15:00:00', 21, '符合請假規定，准予請假。', '2024-12-06 15:00:00', NULL, NULL);
INSERT INTO `t_leave_application` VALUES (67, 6, 3, '2025-01-30 08:00:00', '2025-01-30 16:00:00', 8, '參加親友婚禮', 88, '已核准', '2025-01-27 08:00:00', 1, '已安排人力支援，同意請假。', '2025-01-28 22:00:00', NULL, NULL);
INSERT INTO `t_leave_application` VALUES (68, 6, 3, '2025-02-11 15:00:00', '2025-02-12 07:00:00', 16, '參加親友婚禮', 89, '已核准', '2025-02-05 15:00:00', 1, '已確認請假時間無重要工作，准予請假。', '2025-02-06 05:00:00', NULL, NULL);
INSERT INTO `t_leave_application` VALUES (69, 5, 2, '2024-11-29 14:00:00', '2024-11-30 14:00:00', 24, '就醫看診', 74, '已核准', '2024-11-28 14:00:00', 2, '已安排人力支援，同意請假。', '2024-11-30 13:00:00', NULL, NULL);
INSERT INTO `t_leave_application` VALUES (70, 5, 3, '2025-02-21 14:00:00', '2025-02-22 14:00:00', 24, '處理私人事務', 80, '待審核', '2025-02-12 14:00:00', 2, '', NULL, NULL, NULL);
INSERT INTO `t_leave_application` VALUES (71, 5, 2, '2025-01-14 09:00:00', '2025-01-14 17:00:00', 8, '牙科治療', 82, '已核准', '2025-01-13 09:00:00', 2, '已確認請假時間無重要工作，准予請假。', '2025-01-15 08:00:00', NULL, NULL);
INSERT INTO `t_leave_application` VALUES (72, 48, 1, '2025-02-18 15:00:00', '2025-02-19 15:00:00', 24, '家庭活動', 49, '已拒絕', '2025-02-16 15:00:00', 3, '人力不足，請改期請假。', '2025-02-17 00:00:00', NULL, NULL);
INSERT INTO `t_leave_application` VALUES (73, 48, 3, '2024-12-13 10:00:00', '2024-12-15 02:00:00', 40, '個人事務處理', 51, '已核准', '2024-12-05 10:00:00', 3, '符合請假規定，准予請假。', '2024-12-06 15:00:00', NULL, NULL);
INSERT INTO `t_leave_application` VALUES (74, 48, 2, '2025-03-13 13:00:00', '2025-03-14 05:00:00', 16, '牙科治療', 49, '已核准', '2025-03-06 13:00:00', 3, '已安排人力支援，同意請假。', '2025-03-07 03:00:00', NULL, NULL);
INSERT INTO `t_leave_application` VALUES (75, 306, 1, '2025-03-21 13:00:00', '2025-03-21 17:00:00', 4, '休假規劃', 309, '已核准', '2025-03-20 13:00:00', 39, '已安排人力支援，同意請假。', '2025-03-21 00:00:00', NULL, NULL);
INSERT INTO `t_leave_application` VALUES (76, 128, 1, '2024-11-01 08:00:00', '2024-11-02 16:00:00', 32, '旅遊計畫', 129, '已核准', '2024-10-29 08:00:00', 13, '符合請假規定，准予請假。', '2024-10-30 15:00:00', NULL, NULL);
INSERT INTO `t_leave_application` VALUES (77, 128, 1, '2025-01-06 09:00:00', '2025-01-06 17:00:00', 8, '家庭活動', 129, '已核准', '2024-12-30 09:00:00', 13, '已確認請假時間無重要工作，准予請假。', '2024-12-31 22:00:00', NULL, NULL);
INSERT INTO `t_leave_application` VALUES (78, 176, 1, '2024-12-20 13:00:00', '2024-12-22 05:00:00', 40, '休假規劃', 177, '已核准', '2024-12-07 13:00:00', 18, '已安排人力支援，同意請假。', '2024-12-09 11:00:00', NULL, NULL);
INSERT INTO `t_leave_application` VALUES (79, 176, 3, '2025-03-28 13:00:00', '2025-03-28 17:00:00', 4, '參加親友婚禮', 174, '已核准', '2025-03-18 13:00:00', 18, '已安排人力支援，同意請假。', '2025-03-20 06:00:00', NULL, NULL);
INSERT INTO `t_leave_application` VALUES (80, 78, 3, '2024-11-22 13:00:00', '2024-11-22 17:00:00', 4, '個人事務處理', 83, '已核准', '2024-11-15 13:00:00', 5, '符合請假規定，准予請假。', '2024-11-16 05:00:00', NULL, NULL);
INSERT INTO `t_leave_application` VALUES (81, 78, 1, '2025-04-08 10:00:00', '2025-04-09 02:00:00', 16, '休假規劃', 76, '已核准', '2025-04-04 10:00:00', 5, '符合請假規定，准予請假。', '2025-04-06 06:00:00', '0a348a88-b6a8-403b-9098-8f372548729a.pdf', '請假證明_1_5.pdf');
INSERT INTO `t_leave_application` VALUES (82, 273, 2, '2024-12-12 13:00:00', '2024-12-13 05:00:00', 16, '身體不舒服需要休息', 32, '待審核', '2024-12-09 13:00:00', 32, '', NULL, NULL, NULL);
INSERT INTO `t_leave_application` VALUES (83, 50, 3, '2025-04-11 13:00:00', '2025-04-12 05:00:00', 16, '參加親友婚禮', 55, '已拒絕', '2025-03-29 13:00:00', 3, '人力不足，請改期請假。', '2025-03-31 13:00:00', '0a348a88-b6a8-403b-9098-8f372548729a.pdf', '請假證明_3_2.pdf');
INSERT INTO `t_leave_application` VALUES (84, 50, 3, '2025-01-15 09:00:00', '2025-01-15 13:00:00', 4, '處理私人事務', 56, '已核准', '2025-01-14 09:00:00', 3, '已確認請假時間無重要工作，准予請假。', '2025-01-14 23:00:00', NULL, NULL);
INSERT INTO `t_leave_application` VALUES (85, 50, 1, '2024-12-23 15:00:00', '2024-12-24 07:00:00', 16, '家庭活動', 49, '已核准', '2024-12-16 15:00:00', 3, '符合請假規定，准予請假。', '2024-12-18 14:00:00', NULL, NULL);
INSERT INTO `t_leave_application` VALUES (86, 299, 1, '2025-04-02 10:00:00', '2025-04-02 14:00:00', 4, '家庭活動', 300, '已核准', '2025-03-26 10:00:00', 37, '已確認請假時間無重要工作，准予請假。', '2025-03-27 01:00:00', NULL, NULL);
INSERT INTO `t_leave_application` VALUES (87, 299, 3, '2025-01-08 09:00:00', '2025-01-08 17:00:00', 8, '參加親友婚禮', 301, '已核准', '2024-12-29 09:00:00', 37, '符合請假規定，准予請假。', '2024-12-30 19:00:00', '0a348a88-b6a8-403b-9098-8f372548729a.pdf', '請假證明_3_95.pdf');
INSERT INTO `t_leave_application` VALUES (88, 299, 2, '2025-02-18 08:00:00', '2025-02-19 16:00:00', 32, '身體不舒服需要休息', 298, '已核准', '2025-02-11 08:00:00', 37, '已安排人力支援，同意請假。', '2025-02-12 14:00:00', NULL, NULL);
INSERT INTO `t_leave_application` VALUES (89, 22, 1, '2024-11-22 14:00:00', '2024-11-23 06:00:00', 16, '家庭活動', 208, '已拒絕', '2024-11-08 14:00:00', 20, '與重要工作時間衝突，請協調後重新申請。', '2024-11-09 23:00:00', NULL, NULL);
INSERT INTO `t_leave_application` VALUES (90, 68, 2, '2025-02-21 13:00:00', '2025-02-21 17:00:00', 4, '就醫看診', 72, '已核准', '2025-02-19 13:00:00', 4, '已安排人力支援，同意請假。', '2025-02-20 17:00:00', NULL, NULL);
INSERT INTO `t_leave_application` VALUES (91, 68, 2, '2024-10-18 13:00:00', '2024-10-19 05:00:00', 16, '就醫看診', 67, '待審核', '2024-10-17 13:00:00', 4, '', NULL, NULL, NULL);
INSERT INTO `t_leave_application` VALUES (92, 68, 3, '2024-11-21 09:00:00', '2024-11-21 17:00:00', 8, '個人事務處理', 73, '已核准', '2024-11-15 09:00:00', 4, '已安排人力支援，同意請假。', '2024-11-17 07:00:00', NULL, NULL);
INSERT INTO `t_leave_application` VALUES (93, 110, 1, '2024-11-15 08:00:00', '2024-11-16 16:00:00', 32, '個人休息', 10, '已核准', '2024-11-06 08:00:00', 10, '已安排人力支援，同意請假。', '2024-11-07 00:00:00', NULL, NULL);
INSERT INTO `t_leave_application` VALUES (94, 110, 3, '2024-12-02 08:00:00', '2024-12-03 16:00:00', 32, '個人事務處理', 109, '已核准', '2024-11-22 08:00:00', 10, '已確認請假時間無重要工作，准予請假。', '2024-11-23 19:00:00', '0a348a88-b6a8-403b-9098-8f372548729a.pdf', '請假證明_3_132.pdf');
INSERT INTO `t_leave_application` VALUES (95, 98, 3, '2025-03-07 13:00:00', '2025-03-07 17:00:00', 4, '家庭事務', 90, '已核准', '2025-03-06 13:00:00', 7, '符合請假規定，准予請假。', '2025-03-07 16:00:00', NULL, NULL);
INSERT INTO `t_leave_application` VALUES (96, 20, 2, '2025-02-20 08:00:00', '2025-02-21 00:00:00', 16, '牙科治療', 185, '已核准', '2025-02-10 08:00:00', 16, '符合請假規定，准予請假。', '2025-02-11 18:00:00', NULL, NULL);
INSERT INTO `t_leave_application` VALUES (97, 281, 3, '2024-10-28 13:00:00', '2024-10-30 05:00:00', 40, '個人事務處理', 289, '已核准', '2024-10-23 13:00:00', 35, '已確認請假時間無重要工作，准予請假。', '2024-10-24 05:00:00', NULL, NULL);
INSERT INTO `t_leave_application` VALUES (98, 243, 2, '2025-03-28 08:00:00', '2025-03-28 12:00:00', 4, '牙科治療', 248, '已核准', '2025-03-23 08:00:00', 29, '符合請假規定，准予請假。', '2025-03-23 16:00:00', NULL, NULL);
INSERT INTO `t_leave_application` VALUES (99, 16, 3, '2025-02-11 08:00:00', '2025-02-12 16:00:00', 32, '個人事務處理', 157, '已核准', '2025-02-07 08:00:00', 37, '已確認請假時間無重要工作，准予請假。', '2025-02-08 03:00:00', NULL, NULL);
INSERT INTO `t_leave_application` VALUES (100, 256, 2, '2025-02-05 13:00:00', '2025-02-06 05:00:00', 16, '身體不適', 257, '已核准', '2025-01-25 13:00:00', 31, '已確認請假時間無重要工作，准予請假。', '2025-01-27 10:00:00', NULL, NULL);
INSERT INTO `t_leave_application` VALUES (101, 256, 3, '2025-03-06 13:00:00', '2025-03-08 05:00:00', 40, '個人事務處理', 260, '已核准', '2025-02-21 13:00:00', 31, '已確認請假時間無重要工作，准予請假。', '2025-02-22 00:00:00', NULL, NULL);
INSERT INTO `t_leave_application` VALUES (102, 256, 1, '2025-01-31 08:00:00', '2025-02-01 16:00:00', 32, '休假規劃', 264, '已核准', '2025-01-24 08:00:00', 31, '已確認請假時間無重要工作，准予請假。', '2025-01-25 13:00:00', '0a348a88-b6a8-403b-9098-8f372548729a.pdf', '請假證明_1_70.pdf');
INSERT INTO `t_leave_application` VALUES (103, 298, 1, '2024-12-03 09:00:00', '2024-12-04 01:00:00', 16, '家庭活動', 297, '已核准', '2024-11-22 09:00:00', 37, '已安排人力支援，同意請假。', '2024-11-23 14:00:00', NULL, NULL);
INSERT INTO `t_leave_application` VALUES (104, 298, 1, '2024-11-22 10:00:00', '2024-11-23 10:00:00', 24, '個人休息', 297, '已核准', '2024-11-08 10:00:00', 37, '符合請假規定，准予請假。', '2024-11-09 00:00:00', NULL, NULL);
INSERT INTO `t_leave_application` VALUES (105, 298, 1, '2025-03-28 15:00:00', '2025-03-29 07:00:00', 16, '休假', 37, '待審核', '2025-03-25 15:00:00', 37, '', NULL, NULL, NULL);
INSERT INTO `t_leave_application` VALUES (106, 135, 3, '2024-12-05 15:00:00', '2024-12-07 07:00:00', 40, '參加親友婚禮', 138, '已核准', '2024-12-02 15:00:00', 14, '符合請假規定，准予請假。', '2024-12-03 19:00:00', NULL, NULL);
INSERT INTO `t_leave_application` VALUES (107, 133, 2, '2024-11-05 09:00:00', '2024-11-05 17:00:00', 8, '就醫看診', 145, '已核准', '2024-10-27 09:00:00', 14, '符合請假規定，准予請假。', '2024-10-28 20:00:00', NULL, NULL);
INSERT INTO `t_leave_application` VALUES (108, 61, 3, '2025-03-17 13:00:00', '2025-03-18 13:00:00', 24, '臨時有事需處理', 66, '已核准', '2025-03-13 13:00:00', 4, '符合請假規定，准予請假。', '2025-03-15 05:00:00', NULL, NULL);
INSERT INTO `t_leave_application` VALUES (109, 303, 3, '2024-12-27 13:00:00', '2024-12-29 05:00:00', 40, '家庭事務', 38, '已核准', '2024-12-21 13:00:00', 38, '已安排人力支援，同意請假。', '2024-12-21 23:00:00', NULL, NULL);
INSERT INTO `t_leave_application` VALUES (110, 303, 2, '2025-01-23 08:00:00', '2025-01-24 08:00:00', 24, '身體不適', 304, '已拒絕', '2025-01-09 08:00:00', 38, '提交資料不完整，請重新申請。', '2025-01-09 17:00:00', NULL, NULL);
INSERT INTO `t_leave_application` VALUES (111, 303, 3, '2024-11-01 14:00:00', '2024-11-03 06:00:00', 40, '處理私人事務', 305, '已核准', '2024-10-20 14:00:00', 38, '符合請假規定，准予請假。', '2024-10-21 02:00:00', NULL, NULL);
INSERT INTO `t_leave_application` VALUES (112, 282, 1, '2025-01-16 08:00:00', '2025-01-18 00:00:00', 40, '旅遊計畫', 281, '已核准', '2025-01-06 08:00:00', 35, '已安排人力支援，同意請假。', '2025-01-06 22:00:00', NULL, NULL);
INSERT INTO `t_leave_application` VALUES (113, 37, 1, '2024-11-11 08:00:00', '2024-11-12 16:00:00', 32, '家庭活動', 301, '已核准', '2024-11-05 08:00:00', 34, '已確認請假時間無重要工作，准予請假。', '2024-11-07 02:00:00', NULL, NULL);
INSERT INTO `t_leave_application` VALUES (114, 37, 3, '2024-11-28 14:00:00', '2024-11-30 06:00:00', 40, '處理私人事務', 300, '已核准', '2024-11-21 14:00:00', 34, '符合請假規定，准予請假。', '2024-11-23 09:00:00', NULL, NULL);
INSERT INTO `t_leave_application` VALUES (115, 37, 2, '2025-02-24 08:00:00', '2025-02-25 16:00:00', 32, '牙科治療', 301, '已核准', '2025-02-15 08:00:00', 34, '符合請假規定，准予請假。', '2025-02-17 00:00:00', '0a348a88-b6a8-403b-9098-8f372548729a.pdf', '請假證明_2_48.pdf');
INSERT INTO `t_leave_application` VALUES (116, 182, 3, '2025-03-21 13:00:00', '2025-03-21 17:00:00', 4, '處理私人事務', 19, '已核准', '2025-03-12 13:00:00', 19, '已確認請假時間無重要工作，准予請假。', '2025-03-13 10:00:00', NULL, NULL);
INSERT INTO `t_leave_application` VALUES (117, 182, 2, '2025-01-24 13:00:00', '2025-01-24 17:00:00', 4, '身體不適', 19, '已核准', '2025-01-19 13:00:00', 19, '已安排人力支援，同意請假。', '2025-01-20 16:00:00', NULL, NULL);
INSERT INTO `t_leave_application` VALUES (118, 182, 3, '2024-11-01 08:00:00', '2024-11-02 16:00:00', 32, '處理私人事務', 19, '已核准', '2024-10-27 08:00:00', 19, '符合請假規定，准予請假。', '2024-10-28 15:00:00', NULL, NULL);
INSERT INTO `t_leave_application` VALUES (119, 86, 1, '2025-01-10 09:00:00', '2025-01-11 17:00:00', 32, '休假規劃', 75, '待審核', '2024-12-28 09:00:00', 5, '', NULL, NULL, NULL);
INSERT INTO `t_leave_application` VALUES (120, 86, 1, '2024-12-06 09:00:00', '2024-12-06 17:00:00', 8, '家庭活動', 80, '已核准', '2024-11-25 09:00:00', 5, '已確認請假時間無重要工作，准予請假。', '2024-11-26 23:00:00', NULL, NULL);
INSERT INTO `t_leave_application` VALUES (121, 138, 1, '2025-03-24 08:00:00', '2025-03-25 16:00:00', 32, '休假規劃', 134, '已核准', '2025-03-23 08:00:00', 14, '已確認請假時間無重要工作，准予請假。', '2025-03-25 00:00:00', NULL, NULL);
INSERT INTO `t_leave_application` VALUES (122, 138, 1, '2024-12-16 08:00:00', '2024-12-18 00:00:00', 40, '休假規劃', 139, '已核准', '2024-12-08 08:00:00', 14, '已安排人力支援，同意請假。', '2024-12-08 22:00:00', '0a348a88-b6a8-403b-9098-8f372548729a.pdf', '請假證明_1_118.pdf');
INSERT INTO `t_leave_application` VALUES (123, 138, 1, '2025-03-24 10:00:00', '2025-03-25 10:00:00', 24, '旅遊計畫', 144, '已核准', '2025-03-14 10:00:00', 14, '符合請假規定，准予請假。', '2025-03-15 00:00:00', '0a348a88-b6a8-403b-9098-8f372548729a.pdf', '請假證明_1_20.pdf');
INSERT INTO `t_leave_application` VALUES (124, 248, 3, '2025-02-18 10:00:00', '2025-02-18 14:00:00', 4, '處理私人事務', 241, '已核准', '2025-02-14 10:00:00', 29, '符合請假規定，准予請假。', '2025-02-14 14:00:00', '0a348a88-b6a8-403b-9098-8f372548729a.pdf', '請假證明_3_54.pdf');
INSERT INTO `t_leave_application` VALUES (125, 248, 3, '2024-10-18 08:00:00', '2024-10-19 16:00:00', 32, '臨時有事需處理', 243, '已核准', '2024-10-11 08:00:00', 29, '符合請假規定，准予請假。', '2024-10-12 03:00:00', NULL, NULL);
INSERT INTO `t_leave_application` VALUES (126, 248, 2, '2024-12-11 13:00:00', '2024-12-11 17:00:00', 4, '身體不適', 244, '待審核', '2024-12-04 13:00:00', 29, '', NULL, NULL, NULL);
INSERT INTO `t_leave_application` VALUES (127, 47, 2, '2025-02-12 09:00:00', '2025-02-13 09:00:00', 24, '牙科治療', 56, '已核准', '2025-01-31 09:00:00', 3, '已確認請假時間無重要工作，准予請假。', '2025-02-01 16:00:00', '0a348a88-b6a8-403b-9098-8f372548729a.pdf', '請假證明_2_60.pdf');
INSERT INTO `t_leave_application` VALUES (128, 47, 2, '2025-01-14 13:00:00', '2025-01-14 17:00:00', 4, '身體不適', 3, '已核准', '2025-01-04 13:00:00', 3, '符合請假規定，准予請假。', '2025-01-05 04:00:00', NULL, NULL);
INSERT INTO `t_leave_application` VALUES (129, 47, 2, '2025-01-03 10:00:00', '2025-01-04 02:00:00', 16, '就醫看診', 51, '已核准', '2024-12-21 10:00:00', 3, '符合請假規定，准予請假。', '2024-12-21 18:00:00', NULL, NULL);
INSERT INTO `t_leave_application` VALUES (130, 267, 1, '2024-11-26 09:00:00', '2024-11-27 09:00:00', 24, '休假', 271, '已核准', '2024-11-19 09:00:00', 32, '已確認請假時間無重要工作，准予請假。', '2024-11-19 18:00:00', NULL, NULL);
INSERT INTO `t_leave_application` VALUES (131, 267, 2, '2025-03-07 08:00:00', '2025-03-08 08:00:00', 24, '感冒發燒', 272, '已核准', '2025-02-21 08:00:00', 32, '已確認請假時間無重要工作，准予請假。', '2025-02-22 00:00:00', NULL, NULL);
INSERT INTO `t_leave_application` VALUES (132, 267, 2, '2024-11-29 08:00:00', '2024-12-01 00:00:00', 40, '感冒發燒', 274, '已核准', '2024-11-19 08:00:00', 32, '已確認請假時間無重要工作，准予請假。', '2024-11-21 06:00:00', NULL, NULL);
INSERT INTO `t_leave_application` VALUES (133, 230, 2, '2025-01-07 09:00:00', '2025-01-07 17:00:00', 8, '牙科治療', 231, '已核准', '2024-12-30 09:00:00', 28, '已安排人力支援，同意請假。', '2024-12-30 14:00:00', NULL, NULL);
INSERT INTO `t_leave_application` VALUES (134, 230, 1, '2025-03-13 14:00:00', '2025-03-14 14:00:00', 24, '家庭活動', 28, '已核准', '2025-03-02 14:00:00', 28, '已安排人力支援，同意請假。', '2025-03-02 21:00:00', NULL, NULL);
INSERT INTO `t_leave_application` VALUES (135, 320, 3, '2025-01-07 09:00:00', '2025-01-07 17:00:00', 8, '參加親友婚禮', 316, '已拒絕', '2025-01-01 09:00:00', 40, '提交資料不完整，請重新申請。', '2025-01-01 14:00:00', NULL, NULL);
INSERT INTO `t_leave_application` VALUES (136, 320, 1, '2025-03-10 10:00:00', '2025-03-11 02:00:00', 16, '家庭活動', 317, '已核准', '2025-03-03 10:00:00', 40, '已確認請假時間無重要工作，准予請假。', '2025-03-04 16:00:00', NULL, NULL);
INSERT INTO `t_leave_application` VALUES (137, 223, 1, '2024-11-29 09:00:00', '2024-11-30 09:00:00', 24, '休假規劃', 26, '待審核', '2024-11-15 09:00:00', 26, '', NULL, NULL, NULL);
INSERT INTO `t_leave_application` VALUES (138, 223, 3, '2024-11-04 15:00:00', '2024-11-06 07:00:00', 40, '參加親友婚禮', 26, '已核准', '2024-10-25 15:00:00', 26, '符合請假規定，准予請假。', '2024-10-26 17:00:00', NULL, NULL);
INSERT INTO `t_leave_application` VALUES (139, 66, 1, '2025-02-14 13:00:00', '2025-02-15 05:00:00', 16, '休假', 60, '已核准', '2025-02-10 13:00:00', 4, '符合請假規定，准予請假。', '2025-02-12 07:00:00', NULL, NULL);
INSERT INTO `t_leave_application` VALUES (140, 66, 2, '2024-11-29 15:00:00', '2024-12-01 07:00:00', 40, '身體不適', 63, '已核准', '2024-11-26 15:00:00', 4, '已安排人力支援，同意請假。', '2024-11-26 21:00:00', '0a348a88-b6a8-403b-9098-8f372548729a.pdf', '請假證明_2_134.pdf');
INSERT INTO `t_leave_application` VALUES (141, 111, 1, '2024-12-27 08:00:00', '2024-12-28 00:00:00', 16, '休假規劃', 110, '已核准', '2024-12-13 08:00:00', 10, '符合請假規定，准予請假。', '2024-12-13 15:00:00', NULL, NULL);
INSERT INTO `t_leave_application` VALUES (142, 9, 2, '2025-02-05 08:00:00', '2025-02-07 00:00:00', 40, '身體不適', 106, '已核准', '2025-01-30 08:00:00', 10, '已安排人力支援，同意請假。', '2025-01-30 21:00:00', NULL, NULL);
INSERT INTO `t_leave_application` VALUES (143, 9, 2, '2025-02-18 14:00:00', '2025-02-19 14:00:00', 24, '感冒發燒', 106, '已核准', '2025-02-09 14:00:00', 10, '已確認請假時間無重要工作，准予請假。', '2025-02-10 16:00:00', NULL, NULL);
INSERT INTO `t_leave_application` VALUES (144, 9, 1, '2024-12-04 09:00:00', '2024-12-05 17:00:00', 32, '個人休息', 106, '已核准', '2024-12-02 09:00:00', 10, '已確認請假時間無重要工作，准予請假。', '2024-12-03 00:00:00', NULL, NULL);
INSERT INTO `t_leave_application` VALUES (145, 246, 1, '2024-10-28 13:00:00', '2024-10-28 17:00:00', 4, '旅遊計畫', 243, '已拒絕', '2024-10-19 13:00:00', 29, '假期餘額不足，無法核准。', '2024-10-20 16:00:00', NULL, NULL);
INSERT INTO `t_leave_application` VALUES (146, 30, 3, '2024-12-23 09:00:00', '2024-12-24 09:00:00', 24, '個人事務處理', 254, '已核准', '2024-12-22 09:00:00', 23, '已安排人力支援，同意請假。', '2024-12-23 16:00:00', NULL, NULL);
INSERT INTO `t_leave_application` VALUES (147, 30, 3, '2025-02-21 09:00:00', '2025-02-23 01:00:00', 40, '家庭事務', 252, '已核准', '2025-02-17 09:00:00', 23, '符合請假規定，准予請假。', '2025-02-17 22:00:00', NULL, NULL);
INSERT INTO `t_leave_application` VALUES (148, 130, 1, '2024-11-08 09:00:00', '2024-11-08 17:00:00', 8, '休假', 13, '已核准', '2024-10-25 09:00:00', 13, '符合請假規定，准予請假。', '2024-10-25 13:00:00', NULL, NULL);
INSERT INTO `t_leave_application` VALUES (149, 105, 1, '2025-03-31 09:00:00', '2025-03-31 17:00:00', 8, '旅遊計畫', 102, '已核准', '2025-03-18 09:00:00', 8, '已確認請假時間無重要工作，准予請假。', '2025-03-19 00:00:00', '0a348a88-b6a8-403b-9098-8f372548729a.pdf', '請假證明_1_13.pdf');
INSERT INTO `t_leave_application` VALUES (150, 136, 3, '2025-02-11 14:00:00', '2025-02-13 06:00:00', 40, '臨時有事需處理', 140, '已核准', '2025-01-29 14:00:00', 14, '已確認請假時間無重要工作，准予請假。', '2025-01-31 08:00:00', NULL, NULL);
INSERT INTO `t_leave_application` VALUES (151, 136, 3, '2025-01-27 13:00:00', '2025-01-29 05:00:00', 40, '家庭事務', 144, '已核准', '2025-01-15 13:00:00', 14, '符合請假規定，准予請假。', '2025-01-16 14:00:00', '0a348a88-b6a8-403b-9098-8f372548729a.pdf', '請假證明_3_76.pdf');
INSERT INTO `t_leave_application` VALUES (152, 136, 2, '2025-01-03 08:00:00', '2025-01-04 16:00:00', 32, '身體不適', 142, '已核准', '2024-12-20 08:00:00', 14, '符合請假規定，准予請假。', '2024-12-21 02:00:00', NULL, NULL);
INSERT INTO `t_leave_application` VALUES (153, 190, 1, '2025-04-09 10:00:00', '2025-04-10 02:00:00', 16, '休假', 193, '已核准', '2025-03-28 10:00:00', 21, '已安排人力支援，同意請假。', '2025-03-29 11:00:00', NULL, NULL);
INSERT INTO `t_leave_application` VALUES (154, 309, 1, '2024-11-29 14:00:00', '2024-12-01 06:00:00', 40, '休假規劃', 306, '已核准', '2024-11-21 14:00:00', 39, '已安排人力支援，同意請假。', '2024-11-22 00:00:00', NULL, NULL);
INSERT INTO `t_leave_application` VALUES (155, 309, 2, '2024-11-26 08:00:00', '2024-11-28 00:00:00', 40, '身體不舒服需要休息', 307, '已拒絕', '2024-11-20 08:00:00', 39, '人力不足，請改期請假。', '2024-11-22 00:00:00', '0a348a88-b6a8-403b-9098-8f372548729a.pdf', '請假證明_2_138.pdf');
INSERT INTO `t_leave_application` VALUES (156, 309, 3, '2025-01-31 10:00:00', '2025-02-02 02:00:00', 40, '家庭事務', 312, '已核准', '2025-01-22 10:00:00', 39, '已安排人力支援，同意請假。', '2025-01-23 04:00:00', NULL, NULL);
INSERT INTO `t_leave_application` VALUES (157, 52, 3, '2024-11-04 13:00:00', '2024-11-05 13:00:00', 24, '個人事務處理', 50, '已核准', '2024-10-27 13:00:00', 3, '符合請假規定，准予請假。', '2024-10-29 04:00:00', NULL, NULL);
INSERT INTO `t_leave_application` VALUES (158, 197, 3, '2025-03-28 08:00:00', '2025-03-30 00:00:00', 40, '臨時有事需處理', 21, '已核准', '2025-03-23 08:00:00', 21, '已確認請假時間無重要工作，准予請假。', '2025-03-23 18:00:00', NULL, NULL);
INSERT INTO `t_leave_application` VALUES (159, 197, 2, '2025-01-31 09:00:00', '2025-01-31 17:00:00', 8, '就醫看診', 189, '已核准', '2025-01-21 09:00:00', 21, '符合請假規定，准予請假。', '2025-01-21 14:00:00', NULL, NULL);
INSERT INTO `t_leave_application` VALUES (160, 197, 3, '2025-04-03 08:00:00', '2025-04-04 16:00:00', 32, '參加親友婚禮', 196, '已核准', '2025-03-21 08:00:00', 21, '已確認請假時間無重要工作，准予請假。', '2025-03-23 01:00:00', NULL, NULL);
INSERT INTO `t_leave_application` VALUES (161, 112, 1, '2025-02-03 14:00:00', '2025-02-04 06:00:00', 16, '個人休息', 113, '已核准', '2025-01-23 14:00:00', 10, '已確認請假時間無重要工作，准予請假。', '2025-01-25 03:00:00', '0a348a88-b6a8-403b-9098-8f372548729a.pdf', '請假證明_1_69.pdf');
INSERT INTO `t_leave_application` VALUES (162, 96, 1, '2025-03-10 08:00:00', '2025-03-11 16:00:00', 32, '旅遊計畫', 94, '已核准', '2025-03-02 08:00:00', 7, '符合請假規定，准予請假。', '2025-03-04 05:00:00', NULL, NULL);
INSERT INTO `t_leave_application` VALUES (163, 96, 2, '2024-11-01 14:00:00', '2024-11-02 14:00:00', 24, '就醫看診', 94, '已核准', '2024-10-19 14:00:00', 7, '符合請假規定，准予請假。', '2024-10-20 21:00:00', NULL, NULL);
INSERT INTO `t_leave_application` VALUES (164, 123, 1, '2025-03-21 13:00:00', '2025-03-22 05:00:00', 16, '個人休息', 127, '已核准', '2025-03-16 13:00:00', 12, '已安排人力支援，同意請假。', '2025-03-18 02:00:00', NULL, NULL);
INSERT INTO `t_leave_application` VALUES (165, 123, 2, '2024-12-13 10:00:00', '2024-12-13 14:00:00', 4, '感冒發燒', 124, '已核准', '2024-12-02 10:00:00', 12, '已安排人力支援，同意請假。', '2024-12-04 08:00:00', NULL, NULL);
INSERT INTO `t_leave_application` VALUES (166, 123, 1, '2024-11-18 08:00:00', '2024-11-19 16:00:00', 32, '休假規劃', 126, '已核准', '2024-11-12 08:00:00', 12, '符合請假規定，准予請假。', '2024-11-12 17:00:00', NULL, NULL);
INSERT INTO `t_leave_application` VALUES (167, 103, 1, '2024-11-18 08:00:00', '2024-11-19 16:00:00', 32, '休假', 102, '已核准', '2024-11-10 08:00:00', 8, '符合請假規定，准予請假。', '2024-11-11 03:00:00', NULL, NULL);
INSERT INTO `t_leave_application` VALUES (168, 103, 3, '2024-12-30 10:00:00', '2024-12-30 14:00:00', 4, '臨時有事需處理', 101, '已核准', '2024-12-16 10:00:00', 8, '已確認請假時間無重要工作，准予請假。', '2024-12-17 17:00:00', NULL, NULL);
INSERT INTO `t_leave_application` VALUES (169, 103, 3, '2025-03-28 08:00:00', '2025-03-29 16:00:00', 32, '家庭事務', 104, '已核准', '2025-03-21 08:00:00', 8, '已安排人力支援，同意請假。', '2025-03-22 11:00:00', NULL, NULL);
INSERT INTO `t_leave_application` VALUES (170, 15, 3, '2025-04-09 09:00:00', '2025-04-09 17:00:00', 8, '家庭事務', 147, '已核准', '2025-04-06 09:00:00', 13, '已安排人力支援，同意請假。', '2025-04-06 23:00:00', NULL, NULL);
INSERT INTO `t_leave_application` VALUES (171, 157, 2, '2025-01-10 13:00:00', '2025-01-10 17:00:00', 4, '身體不舒服需要休息', 159, '已核准', '2025-01-03 13:00:00', 16, '已安排人力支援，同意請假。', '2025-01-05 02:00:00', NULL, NULL);
INSERT INTO `t_leave_application` VALUES (172, 3, 3, '2024-11-08 08:00:00', '2024-11-09 16:00:00', 32, '處理私人事務', 49, '已核准', '2024-10-28 08:00:00', 2, '符合請假規定，准予請假。', '2024-10-28 13:00:00', NULL, NULL);
INSERT INTO `t_leave_application` VALUES (173, 3, 2, '2024-11-28 08:00:00', '2024-11-29 16:00:00', 32, '身體不舒服需要休息', 56, '已核准', '2024-11-16 08:00:00', 2, '符合請假規定，准予請假。', '2024-11-17 18:00:00', '0a348a88-b6a8-403b-9098-8f372548729a.pdf', '請假證明_2_136.pdf');
INSERT INTO `t_leave_application` VALUES (174, 3, 3, '2025-02-03 09:00:00', '2025-02-04 09:00:00', 24, '處理私人事務', 47, '已核准', '2025-01-30 09:00:00', 2, '已確認請假時間無重要工作，准予請假。', '2025-01-30 15:00:00', NULL, NULL);
INSERT INTO `t_leave_application` VALUES (175, 240, 2, '2025-03-13 14:00:00', '2025-03-14 14:00:00', 24, '感冒發燒', 235, '已核准', '2025-03-03 14:00:00', 28, '已安排人力支援，同意請假。', '2025-03-05 07:00:00', '0a348a88-b6a8-403b-9098-8f372548729a.pdf', '請假證明_2_31.pdf');
INSERT INTO `t_leave_application` VALUES (176, 12, 3, '2024-12-05 09:00:00', '2024-12-06 01:00:00', 16, '臨時有事需處理', 123, '已核准', '2024-11-22 09:00:00', 10, '已安排人力支援，同意請假。', '2024-11-23 13:00:00', '0a348a88-b6a8-403b-9098-8f372548729a.pdf', '請假證明_3_129.pdf');
INSERT INTO `t_leave_application` VALUES (177, 12, 2, '2025-02-05 08:00:00', '2025-02-05 12:00:00', 4, '身體不適', 124, '已核准', '2025-01-22 08:00:00', 10, '已確認請假時間無重要工作，准予請假。', '2025-01-22 22:00:00', NULL, NULL);
INSERT INTO `t_leave_application` VALUES (178, 279, 1, '2024-11-28 08:00:00', '2024-11-29 16:00:00', 32, '個人休息', 280, '已核准', '2024-11-27 08:00:00', 34, '已安排人力支援，同意請假。', '2024-11-28 23:00:00', NULL, NULL);
INSERT INTO `t_leave_application` VALUES (179, 279, 3, '2025-01-31 10:00:00', '2025-02-01 10:00:00', 24, '個人事務處理', 280, '已核准', '2025-01-25 10:00:00', 34, '符合請假規定，准予請假。', '2025-01-26 15:00:00', NULL, NULL);
INSERT INTO `t_leave_application` VALUES (180, 279, 3, '2025-03-04 08:00:00', '2025-03-05 16:00:00', 32, '臨時有事需處理', 278, '已核准', '2025-02-21 08:00:00', 34, '符合請假規定，准予請假。', '2025-02-21 23:00:00', NULL, NULL);
INSERT INTO `t_leave_application` VALUES (181, 131, 2, '2024-12-27 08:00:00', '2024-12-28 08:00:00', 24, '牙科治療', 13, '已核准', '2024-12-21 08:00:00', 13, '已確認請假時間無重要工作，准予請假。', '2024-12-22 08:00:00', NULL, NULL);
INSERT INTO `t_leave_application` VALUES (182, 131, 1, '2024-12-09 08:00:00', '2024-12-11 00:00:00', 40, '旅遊計畫', 129, '已核准', '2024-11-26 08:00:00', 13, '已安排人力支援，同意請假。', '2024-11-26 15:00:00', '0a348a88-b6a8-403b-9098-8f372548729a.pdf', '請假證明_1_125.pdf');
INSERT INTO `t_leave_application` VALUES (183, 131, 1, '2024-10-16 08:00:00', '2024-10-17 16:00:00', 32, '家庭活動', 128, '已核准', '2024-10-04 08:00:00', 13, '已確認請假時間無重要工作，准予請假。', '2024-10-05 11:00:00', NULL, NULL);
INSERT INTO `t_leave_application` VALUES (184, 222, 2, '2024-12-20 09:00:00', '2024-12-20 17:00:00', 8, '身體不適', 225, '已核准', '2024-12-07 09:00:00', 26, '已確認請假時間無重要工作，准予請假。', '2024-12-09 02:00:00', NULL, NULL);
INSERT INTO `t_leave_application` VALUES (185, 222, 2, '2025-03-14 13:00:00', '2025-03-16 05:00:00', 40, '感冒發燒', 225, '已核准', '2025-03-08 13:00:00', 26, '已安排人力支援，同意請假。', '2025-03-09 01:00:00', '0a348a88-b6a8-403b-9098-8f372548729a.pdf', '請假證明_2_30.pdf');
INSERT INTO `t_leave_application` VALUES (186, 222, 2, '2025-03-21 09:00:00', '2025-03-21 17:00:00', 8, '身體不舒服需要休息', 226, '已核准', '2025-03-17 09:00:00', 26, '已確認請假時間無重要工作，准予請假。', '2025-03-17 20:00:00', '0a348a88-b6a8-403b-9098-8f372548729a.pdf', '請假證明_2_22.pdf');
INSERT INTO `t_leave_application` VALUES (187, 245, 2, '2025-03-14 08:00:00', '2025-03-15 16:00:00', 32, '就醫看診', 250, '已核准', '2025-03-13 08:00:00', 29, '已確認請假時間無重要工作，准予請假。', '2025-03-14 14:00:00', NULL, NULL);
INSERT INTO `t_leave_application` VALUES (188, 245, 3, '2024-12-20 09:00:00', '2024-12-20 17:00:00', 8, '參加親友婚禮', 242, '已核准', '2024-12-11 09:00:00', 29, '已安排人力支援，同意請假。', '2024-12-11 22:00:00', NULL, NULL);
INSERT INTO `t_leave_application` VALUES (189, 245, 3, '2025-02-28 08:00:00', '2025-02-28 16:00:00', 8, '參加親友婚禮', 244, '已核准', '2025-02-22 08:00:00', 29, '已確認請假時間無重要工作，准予請假。', '2025-02-24 00:00:00', NULL, NULL);
INSERT INTO `t_leave_application` VALUES (190, 121, 3, '2025-02-21 08:00:00', '2025-02-22 16:00:00', 32, '參加親友婚禮', 118, '已核准', '2025-02-08 08:00:00', 11, '已安排人力支援，同意請假。', '2025-02-09 08:00:00', '0a348a88-b6a8-403b-9098-8f372548729a.pdf', '請假證明_3_49.pdf');
INSERT INTO `t_leave_application` VALUES (191, 177, 2, '2025-04-11 09:00:00', '2025-04-11 17:00:00', 8, '感冒發燒', 178, '已核准', '2025-04-06 09:00:00', 18, '符合請假規定，准予請假。', '2025-04-06 17:00:00', '0a348a88-b6a8-403b-9098-8f372548729a.pdf', '請假證明_2_2.pdf');
INSERT INTO `t_leave_application` VALUES (192, 152, 2, '2025-03-14 08:00:00', '2025-03-16 00:00:00', 40, '感冒發燒', 148, '已核准', '2025-03-11 08:00:00', 15, '符合請假規定，准予請假。', '2025-03-11 12:00:00', NULL, NULL);
INSERT INTO `t_leave_application` VALUES (193, 152, 2, '2025-03-31 09:00:00', '2025-04-01 09:00:00', 24, '牙科治療', 154, '已核准', '2025-03-19 09:00:00', 15, '符合請假規定，准予請假。', '2025-03-20 11:00:00', NULL, NULL);
INSERT INTO `t_leave_application` VALUES (194, 152, 1, '2025-04-04 08:00:00', '2025-04-04 16:00:00', 8, '家庭活動', 151, '已核准', '2025-03-28 08:00:00', 15, '已安排人力支援，同意請假。', '2025-03-29 06:00:00', NULL, NULL);
INSERT INTO `t_leave_application` VALUES (195, 310, 1, '2025-03-21 09:00:00', '2025-03-23 01:00:00', 40, '休假規劃', 307, '已核准', '2025-03-14 09:00:00', 39, '已確認請假時間無重要工作，准予請假。', '2025-03-14 21:00:00', NULL, NULL);
INSERT INTO `t_leave_application` VALUES (196, 310, 1, '2024-12-05 09:00:00', '2024-12-05 17:00:00', 8, '旅遊計畫', 307, '已核准', '2024-12-01 09:00:00', 39, '已確認請假時間無重要工作，准予請假。', '2024-12-01 17:00:00', NULL, NULL);
INSERT INTO `t_leave_application` VALUES (197, 310, 3, '2025-01-13 09:00:00', '2025-01-15 01:00:00', 40, '處理私人事務', 308, '已核准', '2025-01-01 09:00:00', 39, '符合請假規定，准予請假。', '2025-01-01 19:00:00', NULL, NULL);
INSERT INTO `t_leave_application` VALUES (198, 247, 1, '2025-01-08 08:00:00', '2025-01-10 00:00:00', 40, '旅遊計畫', 244, '已核准', '2024-12-31 08:00:00', 29, '已確認請假時間無重要工作，准予請假。', '2025-01-01 10:00:00', '0a348a88-b6a8-403b-9098-8f372548729a.pdf', '請假證明_1_95.pdf');
INSERT INTO `t_leave_application` VALUES (199, 247, 3, '2025-04-04 13:00:00', '2025-04-05 05:00:00', 16, '個人事務處理', 241, '已核准', '2025-03-21 13:00:00', 29, '已確認請假時間無重要工作，准予請假。', '2025-03-22 10:00:00', NULL, NULL);
INSERT INTO `t_leave_application` VALUES (200, 247, 2, '2024-10-25 08:00:00', '2024-10-26 00:00:00', 16, '感冒發燒', 29, '已核准', '2024-10-19 08:00:00', 29, '符合請假規定，准予請假。', '2024-10-20 13:00:00', NULL, NULL);

-- ----------------------------
-- Table structure for t_leave_rules
-- ----------------------------
DROP TABLE IF EXISTS `t_leave_rules`;
CREATE TABLE `t_leave_rules`  (
  `rule_id` int NOT NULL AUTO_INCREMENT,
  `leave_type_id` int NOT NULL COMMENT '假別ID (連接到t_leave_type)',
  `months_of_service_min` int NOT NULL COMMENT '月資下限(含)',
  `months_of_service_max` int NULL DEFAULT NULL COMMENT '月資上限(不含)，NULL表示無上限',
  `hours_entitled` int NOT NULL COMMENT '該年資區間對應的假期時數',
  PRIMARY KEY (`rule_id`) USING BTREE,
  INDEX `fk_t_leave _rules_leave_type_id`(`leave_type_id` ASC) USING BTREE,
  CONSTRAINT `fk_t_leave _rules_leave_type_id` FOREIGN KEY (`leave_type_id`) REFERENCES `t_leave_type` (`leave_type_id`) ON DELETE RESTRICT ON UPDATE RESTRICT
) ENGINE = InnoDB AUTO_INCREMENT = 1 CHARACTER SET = utf8mb4 COLLATE = utf8mb4_zh_0900_as_cs ROW_FORMAT = Dynamic;

-- ----------------------------
-- Records of t_leave_rules
-- ----------------------------
INSERT INTO `t_leave_rules` VALUES (1, 1, 0, 6, 0);
INSERT INTO `t_leave_rules` VALUES (2, 1, 6, 12, 24);
INSERT INTO `t_leave_rules` VALUES (3, 1, 12, 24, 56);
INSERT INTO `t_leave_rules` VALUES (4, 1, 24, 36, 80);
INSERT INTO `t_leave_rules` VALUES (5, 1, 36, 60, 112);
INSERT INTO `t_leave_rules` VALUES (6, 1, 60, 120, 120);
INSERT INTO `t_leave_rules` VALUES (7, 1, 120, 240, 160);
INSERT INTO `t_leave_rules` VALUES (8, 1, 240, NULL, 192);
INSERT INTO `t_leave_rules` VALUES (9, 2, 0, NULL, 240);
INSERT INTO `t_leave_rules` VALUES (10, 3, 0, NULL, 112);

-- ----------------------------
-- Table structure for t_leave_type
-- ----------------------------
DROP TABLE IF EXISTS `t_leave_type`;
CREATE TABLE `t_leave_type`  (
  `leave_type_id` int NOT NULL AUTO_INCREMENT COMMENT '假別唯一識別碼',
  `leave_type_name` varchar(255) CHARACTER SET utf8mb4 COLLATE utf8mb4_zh_0900_as_cs NOT NULL,
  `attachment_required` tinyint(1) NOT NULL COMMENT '是否需要附件',
  PRIMARY KEY (`leave_type_id`) USING BTREE
) ENGINE = InnoDB CHARACTER SET = utf8mb4 COLLATE = utf8mb4_zh_0900_as_cs ROW_FORMAT = Dynamic;

-- ----------------------------
-- Records of t_leave_type
-- ----------------------------
INSERT INTO `t_leave_type` VALUES (1, '特休假', 0);
INSERT INTO `t_leave_type` VALUES (2, '病假', 1);
INSERT INTO `t_leave_type` VALUES (3, '事假', 0);

-- ----------------------------
-- Table structure for t_position
-- ----------------------------
DROP TABLE IF EXISTS `t_position`;
CREATE TABLE `t_position`  (
  `position_id` int NOT NULL AUTO_INCREMENT,
  `position_name` varchar(255) CHARACTER SET utf8mb4 COLLATE utf8mb4_zh_0900_as_cs NOT NULL,
  `position_level` int NOT NULL COMMENT '職位層級(數字越小層級越高)',
  PRIMARY KEY (`position_id`) USING BTREE
) ENGINE = InnoDB CHARACTER SET = utf8mb4 COLLATE = utf8mb4_zh_0900_as_cs ROW_FORMAT = Dynamic;

-- ----------------------------
-- Records of t_position
-- ----------------------------
INSERT INTO `t_position` VALUES (1, '執行長', 1);
INSERT INTO `t_position` VALUES (2, '總經理', 2);
INSERT INTO `t_position` VALUES (3, '副總經理', 3);
INSERT INTO `t_position` VALUES (4, '組織長', 4);
INSERT INTO `t_position` VALUES (5, '副組織長', 5);
INSERT INTO `t_position` VALUES (6, '處長', 6);
INSERT INTO `t_position` VALUES (7, '副處長', 7);
INSERT INTO `t_position` VALUES (8, '資深經理', 8);
INSERT INTO `t_position` VALUES (9, '科長', 9);
INSERT INTO `t_position` VALUES (10, '副科長', 10);
INSERT INTO `t_position` VALUES (11, '經理', 11);
INSERT INTO `t_position` VALUES (12, '首席工程師', 12);
INSERT INTO `t_position` VALUES (13, '資深工程師', 13);
INSERT INTO `t_position` VALUES (14, '工程師', 14);
INSERT INTO `t_position` VALUES (15, '助理工程師', 15);
INSERT INTO `t_position` VALUES (16, '實習工程師', 16);
INSERT INTO `t_position` VALUES (17, '資深技術員', 17);
INSERT INTO `t_position` VALUES (18, '技術員', 18);
INSERT INTO `t_position` VALUES (19, '助理技術員', 19);
INSERT INTO `t_position` VALUES (20, '資深專員', 12);
INSERT INTO `t_position` VALUES (21, '專員', 13);
INSERT INTO `t_position` VALUES (22, '助理專員', 14);
INSERT INTO `t_position` VALUES (23, '行政人員', 15);
INSERT INTO `t_position` VALUES (24, '首席研究員', 12);
INSERT INTO `t_position` VALUES (25, '資深研究員', 13);
INSERT INTO `t_position` VALUES (26, '研究員', 14);
INSERT INTO `t_position` VALUES (27, '助理研究員', 15);
INSERT INTO `t_position` VALUES (28, '顧問', 8);
INSERT INTO `t_position` VALUES (29, '專案經理', 11);
INSERT INTO `t_position` VALUES (30, '專案協調員', 13);

-- ----------------------------
-- Table structure for t_role
-- ----------------------------
DROP TABLE IF EXISTS `t_role`;
CREATE TABLE `t_role`  (
  `role_id` int NOT NULL AUTO_INCREMENT COMMENT '角色ID',
  `name` varchar(255) CHARACTER SET utf8mb4 COLLATE utf8mb4_zh_0900_as_cs NOT NULL,
  PRIMARY KEY (`role_id`) USING BTREE
) ENGINE = InnoDB CHARACTER SET = utf8mb4 COLLATE = utf8mb4_zh_0900_as_cs ROW_FORMAT = Dynamic;

-- ----------------------------
-- Records of t_role
-- ----------------------------
INSERT INTO `t_role` VALUES (1, 'EMPLOYEE');
INSERT INTO `t_role` VALUES (2, 'MANAGER');

SET FOREIGN_KEY_CHECKS = 1;
