-- =============================================
-- 公司資料匯入腳本
-- 按照資料表依賴關係順序執行
-- =============================================


-- =============================================
-- 部門資料
-- =============================================

-- 插入台積電多層級部門資料
INSERT INTO `t_department` (`department_name`, `department_code`) VALUES 
-- 營運組織
('營運組織', 'OP000'),
('晶圓廠營運處', 'OP100'),
('晶圓一廠', 'OP110'),
('晶圓二廠', 'OP120'),
('晶圓三廠', 'OP130'),
('製程整合處', 'OP200'),
('製程整合一科', 'OP210'),
('製程整合二科', 'OP220'),

-- 研發組織
('研發組織', 'RD000'),
('先進製程研發處', 'RD100'),
('先進製程研發一科', 'RD110'),
('先進製程研發二科', 'RD120'),
('元件研發處', 'RD200'),
('元件研發一科', 'RD210'),
('元件研發二科', 'RD220'),

-- 業務組織
('業務組織', 'SA000'),
('客戶服務處', 'SA100'),
('客戶服務一科', 'SA110'),
('客戶服務二科', 'SA120'),
('業務發展處', 'SA200'),
('業務發展一科', 'SA210'),
('業務發展二科', 'SA220'),

-- 行政組織
('行政組織', 'AD000'),
('人力資源處', 'AD100'),
('人資規劃科', 'AD110'),
('人才發展科', 'AD120'),
('財務處', 'AD200'),
('會計科', 'AD210'),
('財務規劃科', 'AD220'),
('法務處', 'AD300'),
('法務一科', 'AD310'),
('法務二科', 'AD320'),

-- 資訊技術組織
('資訊技術組織', 'IT000'),
('資訊系統處', 'IT100'),
('企業系統科', 'IT110'),
('製造系統科', 'IT120'),
('資訊安全科', 'IT130'),
('基礎設施處', 'IT200'),
('網路管理科', 'IT210'),
('伺服器管理科', 'IT220');

-- =============================================
-- 職位資料
-- =============================================

-- 插入職位資料
INSERT INTO `t_position` (`position_name`, `position_level`) VALUES 
-- 高階管理層
('執行長', 1),
('總經理', 2),
('副總經理', 3),

-- 組織主管
('組織長', 4),
('副組織長', 5),

-- 處級主管
('處長', 6),
('副處長', 7),
('資深經理', 8),

-- 科級主管
('科長', 9),
('副科長', 10),
('經理', 11),

-- 工程師職級
('首席工程師', 12),
('資深工程師', 13),
('工程師', 14),
('助理工程師', 15),
('實習工程師', 16),

-- 技術人員職級
('資深技術員', 17),
('技術員', 18),
('助理技術員', 19),

-- 行政職級
('資深專員', 12),
('專員', 13),
('助理專員', 14),
('行政人員', 15),

-- 研究職級
('首席研究員', 12),
('資深研究員', 13),
('研究員', 14),
('助理研究員', 15),

-- 特殊職位
('顧問', 8),
('專案經理', 11),
('專案協調員', 13);

-- =============================================
-- 角色資料
-- =============================================

-- 插入角色資料
INSERT INTO `t_role` (`name`) VALUES
('EMPLOYEE'),
('MANAGER');

-- =============================================
-- 請假類型資料
-- =============================================

-- 插入請假類型資料
INSERT INTO `t_leave_type` (`leave_type_id`, `leave_type_name`, `attachment_required`) VALUES
(1, '特休假', 0),
(2, '病假', 1),
(3, '事假', 0);

-- =============================================
-- 員工資料
-- =============================================
-- 插入員工資料
INSERT INTO `t_employee` (`employee_id`, `employee_code`, `employee_name`, `password`, `department_id`, `position_id`, `supervisor_id`, `hire_date`, `months_of_service`) VALUES
(1, 'TSMOP0000001', '洪怡萱', 'NZL8sKClBl', 1, 4, NULL, '2014-01-10', 137),
(2, 'TSMOP1000002', '潘佳慧', '0YcGrQJcLn', 2, 6, 1, '2015-07-03', 119),
(3, 'TSMOP1100003', '曹雅慧', 'U2ec5BD0Gn', 3, 9, 2, '2020-10-25', 54),
(4, 'TSMOP1200004', '張羽', 'KH7iu4ZTeb', 4, 9, 2, '2011-04-22', 170),
(5, 'TSMOP1300005', '李美琪', 'QQZrXDr1Ay', 5, 9, 2, '2019-11-28', 65),
(6, 'TSMOP2000006', '陳宜庭', 'WGj22wWjlq', 6, 6, 1, '2016-06-10', 107),
(7, 'TSMOP2100007', '劉承翰', '2onqXnyVAc', 7, 9, 6, '2013-11-18', 138),
(8, 'TSMOP2200008', '陳淑華', 'NqtLIT3dHB', 8, 9, 6, '2012-01-25', 160),
(9, 'TSMRD0000009', '李冠宇', 'lGQXdOvfD8', 9, 4, NULL, '2010-04-12', 182),
(10, 'TSMRD1000010', '王瑋婷', 'A0QUlpSNFg', 10, 6, 9, '2011-10-22', 164),
(11, 'TSMRD1100011', '張靜宜', 'AEKUz1Jty5', 11, 9, 10, '2017-10-19', 91),
(12, 'TSMRD1200012', '錢淑華', 'CFNu7ugBDG', 12, 9, 10, '2011-05-09', 169),
(13, 'TSMRD2000013', '徐怡安', 'rCQca87Rzt', 13, 6, 9, '2010-11-07', 175),
(14, 'TSMRD2100014', '何宗翰', '6dDCieyE3X', 14, 9, 13, '2016-02-21', 111),
(15, 'TSMRD2200015', '劉怡萱', 'bb57NvQLlw', 15, 9, 13, '2015-11-08', 114),
(16, 'TSMSA0000016', '馬美玲', 'ScjhzPKBxe', 16, 4, NULL, '2018-08-05', 81),
(17, 'TSMSA1000017', '楊琬婷', 'upYM0rqOh3', 17, 6, 16, '2017-07-19', 94),
(18, 'TSMSA1100018', '李瑋婷', 'fCs7SqVchv', 18, 9, 17, '2017-01-04', 100),
(19, 'TSMSA1200019', '喬慧君', 'gilnF8otoP', 19, 9, 17, '2013-10-18', 139),
(20, 'TSMSA2000020', '盧怡伶', 'pr88noAl1h', 20, 6, 16, '2017-12-24', 88),
(21, 'TSMSA2100021', '江雅惠', '4HO1PyGu23', 21, 9, 20, '2010-07-01', 180),
(22, 'TSMSA2200022', '蒲威廷', 'dxhxncyTN4', 22, 9, 20, '2011-12-03', 162),
(23, 'TSMAD0000023', '宋惠如', 'dyO1EjiRsF', 23, 4, NULL, '2015-06-14', 119),
(24, 'TSMAD1000024', '張欣怡', '9eWsE6zcpb', 24, 6, 23, '2017-02-09', 99),
(25, 'TSMAD1100025', '張佳慧', 'fhwwJW4XCZ', 25, 9, 24, '2010-09-01', 177),
(26, 'TSMAD1200026', '何家銘', 'PHtHvRVoiX', 26, 9, 24, '2011-05-14', 169),
(27, 'TSMAD2000027', '謝詩婷', 'c9tsKJbIqS', 27, 6, 23, '2017-11-24', 89),
(28, 'TSMAD2100028', '侯瑋婷', 'IfTcXLhr7m', 28, 9, 27, '2019-08-28', 68),
(29, 'TSMAD2200029', '余淑惠', 'BbTkUmuvmh', 29, 9, 27, '2014-10-26', 127),
(30, 'TSMAD3000030', '李庭瑋', 'niwFCkc6gM', 30, 6, 23, '2010-10-27', 176),
(31, 'TSMAD3100031', '王怡婷', 'moIUVY31rR', 31, 9, 30, '2010-08-09', 178),
(32, 'TSMAD3200032', '李冠廷', 'SKvt0TD0GI', 32, 9, 30, '2018-11-07', 78),
(33, 'TSMIT0000033', '何郁雯', 'BO3McwtZlm', 33, 4, NULL, '2012-04-03', 158),
(34, 'TSMIT1000034', '王中山', 'BysNZRw339', 34, 6, 33, '2016-01-02', 112),
(35, 'TSMIT1100035', '吳心怡', '9yjtw7WCeR', 35, 9, 34, '2020-09-24', 55),
(36, 'TSMIT1200036', '曹冠廷', 'FsHqa7UXkj', 36, 9, 34, '2017-08-13', 93),
(37, 'TSMIT1300037', '李中山', '58nmve2ibo', 37, 9, 34, '2015-12-23', 113),
(38, 'TSMIT2000038', '張雅文', 'cCi8dJ7iMp', 38, 6, 33, '2013-07-23', 142),
(39, 'TSMIT2100039', '李怡萱', 'VBWyhaglBZ', 39, 9, 38, '2019-03-20', 73),
(40, 'TSMIT2200040', '王佩君', 'mnnK5z7UQM', 40, 9, 38, '2012-04-17', 158),
(41, 'TSMOP0000041', '陶靜怡', 'Y5BW9gyhPW', 1, 12, 1, '2021-06-25', 46),
(42, 'TSMOP0000042', '趙婉婷', '8lwzFNJFsQ', 1, 17, 1, '2021-12-25', 40),
(43, 'TSMOP1000043', '尹志偉', 'TGFaLQ9eDa', 2, 18, 2, '2016-02-14', 111),
(44, 'TSMOP1000044', '張雅惠', 'uASOvSxOdX', 2, 19, 2, '2020-10-25', 54),
(45, 'TSMOP1000045', '李淑芬', 'b46tnLQNhn', 2, 14, 2, '2020-09-10', 55),
(46, 'TSMOP1000046', '王雅涵', 'i7xs1xu637', 2, 19, 2, '2016-10-03', 103),
(47, 'TSMOP1100047', '鄭依婷', 'ntwY988lMQ', 3, 16, 3, '2015-08-15', 117),
(48, 'TSMOP1100048', '齊家瑋', 'Di0cLtbqNT', 3, 15, 3, '2022-01-04', 39),
(49, 'TSMOP1100049', '陳淑玲', 'GlLhYIk9zz', 3, 13, 3, '2019-11-08', 66),
(50, 'TSMOP1100050', '陳佳樺', 'yjFkxwUGjq', 3, 14, 3, '2018-07-23', 81),
(51, 'TSMOP1100051', '韓志宏', 'mKeo6qo5zm', 3, 18, 3, '2021-06-04', 46),
(52, 'TSMOP1100052', '李哲瑋', 'V9Y8pPulZU', 3, 19, 3, '2022-07-12', 33),
(53, 'TSMOP1100053', '陳怡安', 'XvFqhOHiwb', 3, 12, 3, '2015-02-07', 123),
(54, 'TSMOP1100054', '遊承翰', 'Tth6OrAKYC', 3, 17, 3, '2018-11-09', 78),
(55, 'TSMOP1100055', '楊建宏', 'Vwb1Lz7eo5', 3, 14, 3, '2022-06-07', 34),
(56, 'TSMOP1100056', '闞淑玲', '8EjIBFpGw2', 3, 12, 3, '2019-03-07', 74),
(57, 'TSMOP1100057', '何雅玲', 'brwaLyZcsl', 3, 14, 3, '2020-07-16', 57),
(58, 'TSMOP1100058', '胡雅萍', 'BsgVJR0udH', 3, 16, 3, '2017-08-20', 93),
(59, 'TSMOP1100059', '劉家銘', 'ICQbJmz8IM', 3, 19, 3, '2016-05-05', 108),
(60, 'TSMOP1200060', '劉美玲', '1KnG3HbqPs', 4, 12, 4, '2022-07-11', 33),
(61, 'TSMOP1200061', '黃志偉', 'FuNtGdfAir', 4, 17, 4, '2015-09-02', 117),
(62, 'TSMOP1200062', '鄒婷婷', 'E874R3TPIF', 4, 17, 4, '2018-06-12', 83),
(63, 'TSMOP1200063', '白怡伶', 'ZUDsCpunsB', 4, 19, 4, '2018-11-22', 77),
(64, 'TSMOP1200064', '黃惠如', 'RxFDbpxMWQ', 4, 15, 4, '2016-05-02', 108),
(65, 'TSMOP1200065', '鄧雅萍', 'Laf9xViQs4', 4, 18, 4, '2017-06-17', 95),
(66, 'TSMOP1200066', '胡雅涵', 'SbvfJSxvY2', 4, 18, 4, '2020-11-07', 53),
(67, 'TSMOP1200067', '田淑娟', '1VbB2zBOPf', 4, 17, 4, '2016-10-09', 103),
(68, 'TSMOP1200068', '張筱涵', 'KyhniTx8s9', 4, 19, 4, '2020-03-21', 61),
(69, 'TSMOP1200069', '吳龍', '2MByTRPwt1', 4, 16, 4, '2021-04-02', 49),
(70, 'TSMOP1200070', '鄧龍', 'aSWPCzrtUD', 4, 19, 4, '2019-06-11', 71),
(71, 'TSMOP1200071', '李詩涵', 'fbVKCGIM7y', 4, 12, 4, '2021-01-21', 51),
(72, 'TSMOP1200072', '張佳玲', 's9XRVR6K9G', 4, 19, 4, '2017-04-01', 97),
(73, 'TSMOP1200073', '唐雅筑', '5U5Sp9MMM2', 4, 18, 4, '2018-04-18', 85),
(74, 'TSMOP1300074', '蘭佳蓉', '2CnwcOSRKQ', 5, 17, 5, '2016-03-15', 110),
(75, 'TSMOP1300075', '王承翰', 'X3uWTAkRVq', 5, 19, 5, '2021-08-16', 44),
(76, 'TSMOP1300076', '朱慧君', 'X1mIbdeZPd', 5, 19, 5, '2017-10-01', 91),
(77, 'TSMOP1300077', '王怡萱', 'lzc4WllP5J', 5, 18, 5, '2016-12-16', 101),
(78, 'TSMOP1300078', '邵俊傑', '0jTkPZMHkv', 5, 18, 5, '2022-01-27', 39),
(79, 'TSMOP1300079', '李雅芳', '2zIzTD6zqP', 5, 14, 5, '2016-06-04', 107),
(80, 'TSMOP1300080', '何佳樺', 'rBrNQNPzqb', 5, 18, 5, '2017-06-24', 95),
(81, 'TSMOP1300081', '張沖', 'vPoA0twIrt', 5, 19, 5, '2018-12-26', 76),
(82, 'TSMOP1300082', '王筱涵', 'ATUsHb2S9o', 5, 12, 5, '2022-09-20', 31),
(83, 'TSMOP1300083', '張柏翰', 'LleVKzKbcv', 5, 16, 5, '2018-03-04', 86),
(84, 'TSMOP1300084', '湯美玲', 'bXpjLgWGGO', 5, 12, 5, '2020-04-27', 60),
(85, 'TSMOP1300085', '黃佩珊', 'ploPhVPeGG', 5, 17, 5, '2021-06-23', 46),
(86, 'TSMOP1300086', '李鈺婷', 'u1KzPCE7r3', 5, 16, 5, '2015-03-11', 122),
(87, 'TSMOP1300087', '李淑娟', 'OsqGIYzCNg', 5, 13, 5, '2021-12-25', 40),
(88, 'TSMOP2000088', '朱佳玲', 'LvpfdBsUki', 6, 12, 6, '2015-08-19', 117),
(89, 'TSMOP2000089', '劉雅文', 'EenltZfklx', 6, 19, 6, '2018-02-04', 87),
(90, 'TSMOP2100090', '王美琪', 'O8cO5p1gPR', 7, 17, 7, '2017-12-04', 89),
(91, 'TSMOP2100091', '楊嘉玲', 'MANLqP4E4X', 7, 13, 7, '2020-12-21', 52),
(92, 'TSMOP2100092', '胡佩珊', '0phnUePWHU', 7, 19, 7, '2018-01-28', 87),
(93, 'TSMOP2100093', '張傑克', 'WCqe0nTJ12', 7, 16, 7, '2021-08-17', 44),
(94, 'TSMOP2100094', '李彥廷', 'a9gl3KblnH', 7, 12, 7, '2015-08-23', 117),
(95, 'TSMOP2100095', '李詩婷', 'JOeVPCTjyC', 7, 19, 7, '2017-06-09', 95),
(96, 'TSMOP2100096', '萬宇軒', '2FqcGYqtU4', 7, 17, 7, '2019-04-19', 72),
(97, 'TSMOP2100097', '趙佳玲', 'QgDLCS2JsN', 7, 17, 7, '2019-05-22', 71),
(98, 'TSMOP2100098', '屈淑貞', '6GTQ5FSDEl', 7, 18, 7, '2019-12-16', 64),
(99, 'TSMOP2200099', '李柏翰', 'HZM9ZvJF6Y', 8, 17, 8, '2017-08-23', 93),
(100, 'TSMOP2200100', '譚志豪', 'j2vvWzgCEN', 8, 15, 8, '2022-03-09', 37),
(101, 'TSMOP2200101', '駱彥廷', 'T9i8zzjkWk', 8, 14, 8, '2020-05-20', 59),
(102, 'TSMOP2200102', '江惠雯', 'OQI84JqO64', 8, 17, 8, '2018-10-11', 79),
(103, 'TSMOP2200103', '雷俊宏', 'VtnA7GfSj2', 8, 19, 8, '2017-08-18', 93),
(104, 'TSMOP2200104', '郭宜君', 'knOVWHst3a', 8, 18, 8, '2020-12-20', 52),
(105, 'TSMOP2200105', '郭佳穎', 'kQwEYlrrKo', 8, 19, 8, '2022-04-06', 36),
(106, 'TSMRD0000106', '蔡佳穎', '31fPblZLTp', 9, 24, 9, '2017-12-10', 89),
(107, 'TSMRD0000107', '何家瑋', 'jxpoGq6dPu', 9, 24, 9, '2021-09-03', 43),
(108, 'TSMRD0000108', '劉冠廷', 'PWtWkG4TLX', 9, 24, 9, '2019-06-01', 71),
(109, 'TSMRD1000109', '公俊賢', 'eYricpLufk', 10, 15, 10, '2018-10-13', 79),
(110, 'TSMRD1000110', '閻慧君', 'HNO9Cy38F7', 10, 25, 10, '2020-06-24', 58),
(111, 'TSMRD1000111', '王心怡', '4SjszdWmot', 10, 13, 10, '2015-01-24', 124),
(112, 'TSMRD1000112', '王慧君', 'n38zZcqZcU', 10, 15, 10, '2021-01-11', 51),
(113, 'TSMRD1000113', '龍家銘', 'KnSksaskN7', 10, 15, 10, '2018-09-26', 79),
(114, 'TSMRD1100114', '周沖', 'qhbmdKUlPL', 11, 12, 11, '2021-05-17', 47),
(115, 'TSMRD1100115', '劉怡伶', 'dBmPvGable', 11, 12, 11, '2016-01-12', 112),
(116, 'TSMRD1100116', '盧彥廷', '9jgrPjAM3R', 11, 14, 11, '2020-10-27', 54),
(117, 'TSMRD1100117', '趙美玲', 'nHk37jN0RJ', 11, 27, 11, '2022-07-28', 33),
(118, 'TSMRD1100118', '李婉婷', 'pCL7fqXJ2h', 11, 25, 11, '2019-02-09', 75),
(119, 'TSMRD1100119', '李志偉', 'feGDgDZz6i', 11, 16, 11, '2019-01-16', 75),
(120, 'TSMRD1100120', '全詩涵', 'hkBQ5mjQYQ', 11, 27, 11, '2022-02-21', 38),
(121, 'TSMRD1100121', '丁雅萍', '0YfPTNnjro', 11, 13, 11, '2021-03-25', 49),
(122, 'TSMRD1100122', '陳冠宇', 'ZpHlkbd57I', 11, 12, 11, '2022-08-17', 32),
(123, 'TSMRD1200123', '陳承翰', 'kTzBmguN3J', 12, 25, 12, '2015-08-05', 117),
(124, 'TSMRD1200124', '郝思穎', 'KWVyEOqTe1', 12, 16, 12, '2019-06-02', 71),
(125, 'TSMRD1200125', '周依婷', '2ZKHV4w9RB', 12, 25, 12, '2019-07-07', 70),
(126, 'TSMRD1200126', '郭美琪', 'oXU8Up4jsp', 12, 24, 12, '2016-02-25', 111),
(127, 'TSMRD1200127', '毛淑慧', 'uzA0Zgg4w6', 12, 12, 12, '2019-04-26', 72),
(128, 'TSMRD2000128', '歐陽淑貞', 'iYucjkHDhI', 13, 12, 13, '2017-12-04', 89),
(129, 'TSMRD2000129', '胡惠雯', '3IK8I2tmul', 13, 25, 13, '2020-06-24', 58),
(130, 'TSMRD2000130', '龍怡安', 'Psf0sbjwUY', 13, 14, 13, '2022-06-02', 34),
(131, 'TSMRD2000131', '何依婷', 'z8yKAUoVlf', 13, 15, 13, '2015-05-26', 120),
(132, 'TSMRD2000132', '戚宗翰', 'qntVqss4w5', 13, 27, 13, '2021-09-22', 43),
(133, 'TSMRD2100133', '李馨儀', 'ZKSlZBZXDu', 14, 12, 14, '2019-11-03', 66),
(134, 'TSMRD2100134', '唐冠宇', 'cmurYqN5yr', 14, 26, 14, '2016-02-20', 111),
(135, 'TSMRD2100135', '梁淑娟', 'XTVyL3acqo', 14, 13, 14, '2015-02-26', 123),
(136, 'TSMRD2100136', '沈佳玲', 'OOWMkibudQ', 14, 25, 14, '2015-09-25', 116),
(137, 'TSMRD2100137', '林家銘', 'TPXI8khySq', 14, 26, 14, '2020-05-04', 60),
(138, 'TSMRD2100138', '楊柏翰', 'js6UBRHyJV', 14, 15, 14, '2021-05-25', 47),
(139, 'TSMRD2100139', '王羽', 'NJLvZcn6HC', 14, 27, 14, '2016-01-19', 112),
(140, 'TSMRD2100140', '許依婷', 'dW6cjJfPfC', 14, 26, 14, '2015-03-24', 122),
(141, 'TSMRD2100141', '蕭欣怡', 'GPlazAyV8K', 14, 24, 14, '2017-06-12', 95),
(142, 'TSMRD2100142', '張心怡', 'LEZMA7cHOS', 14, 25, 14, '2018-07-24', 81),
(143, 'TSMRD2100143', '謝淑慧', 'CQXQKSBehY', 14, 25, 14, '2021-12-19', 40),
(144, 'TSMRD2100144', '楊婉婷', 'ai5O2iGqhr', 14, 14, 14, '2017-03-28', 97),
(145, 'TSMRD2100145', '侯詩婷', 'Kn7PlSLw4H', 14, 14, 14, '2022-11-13', 29),
(146, 'TSMRD2100146', '胡郁雯', '8TehmrSoM2', 14, 25, 14, '2018-12-28', 76),
(147, 'TSMRD2200147', '陳惠如', 'pirRk5kUwc', 15, 26, 15, '2021-04-05', 48),
(148, 'TSMRD2200148', '符飛', 'X0Zzjv2b8i', 15, 27, 15, '2015-01-15', 124),
(149, 'TSMRD2200149', '劉俊賢', 'r0vVtXOVYq', 15, 12, 15, '2020-12-22', 52),
(150, 'TSMRD2200150', '謝俊傑', '7TvKrYp4eq', 15, 24, 15, '2021-10-01', 43),
(151, 'TSMRD2200151', '呂建宏', 'NzfrsXBEd3', 15, 24, 15, '2017-06-17', 95),
(152, 'TSMRD2200152', '竇志偉', 'aTS7SQbfX9', 15, 26, 15, '2016-08-13', 105),
(153, 'TSMRD2200153', '吳承翰', 'eOwcCIyFEA', 15, 25, 15, '2021-08-24', 44),
(154, 'TSMRD2200154', '文家瑋', '1mRiap6nrg', 15, 27, 15, '2016-05-21', 108),
(155, 'TSMRD2200155', '王雅筑', 'rGnf3pkCgk', 15, 12, 15, '2015-05-11', 120),
(156, 'TSMRD2200156', '石家豪', '0NVMfqHvP8', 15, 24, 15, '2020-03-02', 62),
(157, 'TSMSA0000157', '李彥廷', 'CXmZdV3cFM', 16, 20, 16, '2019-01-28', 75),
(158, 'TSMSA0000158', '杜筱涵', 'rLJrhE2Iat', 16, 21, 16, '2020-08-21', 56),
(159, 'TSMSA0000159', '張雅琪', '4tSvN9WYX4', 16, 23, 16, '2017-09-17', 92),
(160, 'TSMSA1000160', '曾俊宏', 'O4hgOy9QjU', 17, 23, 17, '2020-08-12', 56),
(161, 'TSMSA1000161', '李雅雯', 'ZfqmSWMPl6', 17, 29, 17, '2021-04-20', 48),
(162, 'TSMSA1000162', '劉佩君', 'CIYhFx6f7f', 17, 20, 17, '2016-02-20', 111),
(163, 'TSMSA1000163', '蕭佳蓉', 'veritdGe4P', 17, 29, 17, '2018-06-13', 83),
(164, 'TSMSA1100164', '李宜庭', '2gSochWz4Q', 18, 21, 18, '2016-05-16', 108),
(165, 'TSMSA1100165', '李雅筑', 'VxJqe03oBW', 18, 23, 18, '2022-01-16', 39),
(166, 'TSMSA1100166', '李淑華', '0rp0JIJaen', 18, 22, 18, '2015-02-03', 124),
(167, 'TSMSA1100167', '楊羽', 'a4UI9PfS4X', 18, 29, 18, '2017-09-16', 92),
(168, 'TSMSA1100168', '李佳玲', 'u8pdzE176Z', 18, 22, 18, '2018-08-02', 81),
(169, 'TSMSA1100169', '管怡安', 'TsGFhOqiB2', 18, 30, 18, '2018-10-11', 79),
(170, 'TSMSA1100170', '覃淑玲', 'thh6tfAmCJ', 18, 28, 18, '2018-07-12', 82),
(171, 'TSMSA1100171', '莫羽', 'n8qX2Yj5C3', 18, 22, 18, '2015-08-25', 117),
(172, 'TSMSA1100172', '韋宗翰', 'S252f7Tsyc', 18, 29, 18, '2020-12-05', 53),
(173, 'TSMSA1100173', '曾佳樺', '8lXXg8F4FT', 18, 23, 18, '2019-08-09', 69),
(174, 'TSMSA1100174', '卞志宏', 'Em8ZTKo9wr', 18, 29, 18, '2015-06-03', 120),
(175, 'TSMSA1100175', '張美琪', '2U85LlZhXj', 18, 22, 18, '2017-08-23', 93),
(176, 'TSMSA1100176', '時淑貞', '3SWAD1lf4a', 18, 21, 18, '2022-03-15', 37),
(177, 'TSMSA1100177', '周雅玲', 'iSAkKNu1wB', 18, 30, 18, '2015-10-06', 115),
(178, 'TSMSA1100178', '張婷婷', 'xnPVPAYpg9', 18, 23, 18, '2015-07-27', 118),
(179, 'TSMSA1200179', '戈志宏', 'DbLvwFzimB', 19, 21, 19, '2019-04-19', 72),
(180, 'TSMSA1200180', '馮婷婷', 'pFZYHr86Xh', 19, 29, 19, '2018-04-03', 85),
(181, 'TSMSA1200181', '吳雅雯', 'YfUIWn3Pte', 19, 29, 19, '2017-01-12', 100),
(182, 'TSMSA1200182', '徐雅筑', '2llKmTBY6N', 19, 29, 19, '2015-03-06', 123),
(183, 'TSMSA1200183', '王雅慧', 'OcqdM659Ym', 19, 30, 19, '2019-08-26', 68),
(184, 'TSMSA2000184', '王琬婷', 'mjxsyiqiHy', 20, 20, 20, '2021-09-16', 43),
(185, 'TSMSA2000185', '鐘怡君', 'RvnqnE3vMP', 20, 30, 20, '2017-02-15', 99),
(186, 'TSMSA2000186', '馬淑慧', 'NREps8Wd35', 20, 22, 20, '2022-12-03', 28),
(187, 'TSMSA2000187', '史宗翰', '3xdgqVh8yr', 20, 22, 20, '2020-03-03', 62),
(188, 'TSMSA2000188', '方雅文', 'MHPgX358Xy', 20, 23, 20, '2020-01-20', 63),
(189, 'TSMSA2100189', '王冠廷', 'dzdZ1rqXbI', 21, 21, 21, '2022-05-27', 35),
(190, 'TSMSA2100190', '趙佳蓉', 'MX32pu1YUj', 21, 30, 21, '2021-01-09', 51),
(191, 'TSMSA2100191', '劉威廷', '4RFMmHe3YY', 21, 21, 21, '2015-04-25', 121),
(192, 'TSMSA2100192', '蒲佳玲', 'lFtZYF3Pyk', 21, 20, 21, '2016-11-06', 102),
(193, 'TSMSA2100193', '鄭宇軒', 'TXwndaZdaX', 21, 29, 21, '2022-07-13', 33),
(194, 'TSMSA2100194', '王志偉', 'u00Xf0rx4H', 21, 22, 21, '2015-05-27', 120),
(195, 'TSMSA2100195', '胡淑玲', '97Vo4VGcbs', 21, 23, 21, '2017-04-18', 97),
(196, 'TSMSA2100196', '馬靜怡', 'hOWrhc4NAH', 21, 30, 21, '2017-11-27', 89),
(197, 'TSMSA2100197', '管瑋婷', 'SEOs7RNioz', 21, 30, 21, '2021-09-17', 43),
(198, 'TSMSA2100198', '崔柏翰', 'R7lKhic4xv', 21, 20, 21, '2016-06-21', 107),
(199, 'TSMSA2100199', '宋佩珊', '9DRkIfSHgb', 21, 28, 21, '2022-03-10', 37),
(200, 'TSMSA2200200', '蕭惠婷', 'Mlu1ghLVPz', 22, 20, 22, '2018-12-23', 76),
(201, 'TSMSA2200201', '王思穎', 'C9p32dB7t4', 22, 21, 22, '2016-09-10', 104),
(202, 'TSMSA2200202', '萬志宏', 't8Ha6DIwAC', 22, 22, 22, '2022-06-21', 34),
(203, 'TSMSA2200203', '雷志偉', 'Bb11jQs8Ux', 22, 21, 22, '2016-08-13', 105),
(204, 'TSMSA2200204', '朱怡如', 'oRPdNEhRxG', 22, 22, 22, '2021-12-06', 40),
(205, 'TSMSA2200205', '趙家銘', '0BvV71vqm2', 22, 30, 22, '2021-10-24', 42),
(206, 'TSMSA2200206', '王靜宜', 'sUY3rAsmPP', 22, 20, 22, '2019-01-08', 76),
(207, 'TSMSA2200207', '胡惠雯', 'pQT7rhZjad', 22, 29, 22, '2017-09-15', 92),
(208, 'TSMSA2200208', '方建宏', '5ySB63Mz83', 22, 23, 22, '2021-03-04', 50),
(209, 'TSMSA2200209', '藍琬婷', 'BZcqHgKkmw', 22, 28, 22, '2020-10-16', 54),
(210, 'TSMAD0000210', '閻冠宇', 'b14oLnEjsX', 23, 20, 23, '2021-11-12', 41),
(211, 'TSMAD0000211', '馬家瑋', '5iLAVsOXmG', 23, 22, 23, '2022-07-10', 33),
(212, 'TSMAD0000212', '謝瑋婷', 'QDkvyfelRd', 23, 22, 23, '2022-10-06', 30),
(213, 'TSMAD1000213', '張怡如', 'WuwCPEi5vB', 24, 23, 24, '2019-12-20', 64),
(214, 'TSMAD1000214', '陳佳玲', 'woT8ySB6TT', 24, 20, 24, '2016-09-28', 103),
(215, 'TSMAD1000215', '田宜君', '9cBfRfyiZH', 24, 23, 24, '2022-08-06', 32),
(216, 'TSMAD1000216', '呂佳蓉', 'yiCbB9IY8w', 24, 20, 24, '2021-07-25', 45),
(217, 'TSMAD1100217', '麥佩君', 'L605Xd14WP', 25, 22, 25, '2019-07-15', 69),
(218, 'TSMAD1100218', '秦冠廷', 'vBEiV64iFG', 25, 22, 25, '2020-05-28', 59),
(219, 'TSMAD1100219', '馬羽', '8AwcemwwTI', 25, 22, 25, '2018-12-14', 77),
(220, 'TSMAD1100220', '黎龍', 'MxuPzwsZA5', 25, 21, 25, '2016-07-22', 106),
(221, 'TSMAD1100221', '張淑華', '74WKIC9rUZ', 25, 21, 25, '2018-03-23', 85),
(222, 'TSMAD1200222', '姚雅琪', 'JyRokHUixP', 26, 21, 26, '2018-12-28', 76),
(223, 'TSMAD1200223', '鄭庭瑋', 'cqPdumkMx4', 26, 20, 26, '2021-12-27', 40),
(224, 'TSMAD1200224', '梁雅芳', 'MCshGFCW8c', 26, 23, 26, '2017-12-27', 88),
(225, 'TSMAD1200225', '王哲瑋', 'KKZobbhVlF', 26, 23, 26, '2022-04-16', 36),
(226, 'TSMAD1200226', '安馨儀', 'TdN9BQDwas', 26, 20, 26, '2019-03-12', 74),
(227, 'TSMAD2000227', '屈佳穎', 'Lmhv8oNR8e', 27, 22, 27, '2015-06-02', 120),
(228, 'TSMAD2000228', '程志宏', '8LrCn3ljLg', 27, 23, 27, '2022-04-23', 36),
(229, 'TSMAD2000229', '胡佩珊', '00hewHYFkH', 27, 21, 27, '2022-07-20', 33),
(230, 'TSMAD2100230', '王美琪', 'BOMCIwP4ux', 28, 22, 28, '2021-06-19', 46),
(231, 'TSMAD2100231', '余淑華', 'xkmwvYOZyO', 28, 22, 28, '2017-03-17', 98),
(232, 'TSMAD2100232', '梁雅惠', 'UjHm7Un8A8', 28, 23, 28, '2017-05-16', 96),
(233, 'TSMAD2100233', '張淑芬', 'cQFfHSwnGP', 28, 23, 28, '2022-07-06', 33),
(234, 'TSMAD2100234', '張信宏', 'kJx6pNyrRT', 28, 20, 28, '2018-05-24', 83),
(235, 'TSMAD2100235', '樊雅惠', 'pxSFxUkJVg', 28, 23, 28, '2021-10-02', 42),
(236, 'TSMAD2100236', '任羽', 'ppwcIrXfk5', 28, 23, 28, '2018-05-01', 84),
(237, 'TSMAD2100237', '王佳蓉', 'jCr6LXO6YJ', 28, 22, 28, '2020-03-07', 62),
(238, 'TSMAD2100238', '金冠宇', 'gDuD9Q2oul', 28, 21, 28, '2016-06-11', 107),
(239, 'TSMAD2100239', '曹淑華', 'uWRvPPcWsv', 28, 23, 28, '2021-09-08', 43),
(240, 'TSMAD2100240', '李宇軒', 'dbmumoEVYx', 28, 20, 28, '2020-01-19', 63),
(241, 'TSMAD2200241', '張宜君', 'YDZQc8cI2p', 29, 22, 29, '2018-09-03', 80),
(242, 'TSMAD2200242', '張馨儀', 'njlxKDU3tK', 29, 20, 29, '2015-09-22', 116),
(243, 'TSMAD2200243', '謝心怡', '0eFNl6dUyc', 29, 21, 29, '2015-06-08', 119),
(244, 'TSMAD2200244', '趙依婷', 'NhA9O4cnjr', 29, 22, 29, '2017-12-28', 88),
(245, 'TSMAD2200245', '黃佳慧', 'eAf3hlRQFb', 29, 21, 29, '2020-06-19', 58),
(246, 'TSMAD2200246', '陳淑慧', 'N8iVotYMlw', 29, 22, 29, '2020-10-27', 54),
(247, 'TSMAD2200247', '何家瑜', '6b2pU3A87L', 29, 20, 29, '2015-02-04', 124),
(248, 'TSMAD2200248', '陳雅玲', 'WZmWqmoARo', 29, 22, 29, '2020-04-10', 60),
(249, 'TSMAD2200249', '王婉婷', 'MjCBNKWWem', 29, 23, 29, '2020-01-20', 63),
(250, 'TSMAD2200250', '陳美玲', '4BmSnzxbOO', 29, 20, 29, '2020-08-11', 56),
(251, 'TSMAD3000251', '張家瑜', '0HxdiKXWLv', 30, 23, 30, '2021-01-06', 51),
(252, 'TSMAD3000252', '李淑貞', 'iqeuaz905F', 30, 23, 30, '2018-05-12', 84),
(253, 'TSMAD3000253', '柯淑貞', '7BTriE2e0E', 30, 23, 30, '2018-10-21', 78),
(254, 'TSMAD3000254', '吳美玲', 'zTAyrlqoRZ', 30, 23, 30, '2017-09-12', 92),
(255, 'TSMAD3000255', '劉宜庭', 'CxfEdqAs8D', 30, 20, 30, '2015-08-27', 117),
(256, 'TSMAD3100256', '欒彥廷', 'MFVUsbxosP', 31, 22, 31, '2017-08-25', 92),
(257, 'TSMAD3100257', '黃郁婷', 'qbWbz5h9Zy', 31, 21, 31, '2021-08-24', 44),
(258, 'TSMAD3100258', '淩佳蓉', 'wJpPzwYaEz', 31, 21, 31, '2017-04-18', 97),
(259, 'TSMAD3100259', '陳筱涵', 'IS7lQJHqBv', 31, 22, 31, '2018-04-09', 85),
(260, 'TSMAD3100260', '余筱涵', 'W4pfBcZSy1', 31, 23, 31, '2016-02-21', 111),
(261, 'TSMAD3100261', '徐庭瑋', 'jDlXNyzyM0', 31, 20, 31, '2016-06-28', 107),
(262, 'TSMAD3100262', '劉美琪', 'r6YAJvW8YR', 31, 22, 31, '2015-04-20', 121),
(263, 'TSMAD3100263', '閻鈺婷', 'DdYWLqIBa7', 31, 22, 31, '2019-12-20', 64),
(264, 'TSMAD3100264', '葛瑋婷', 'WwYqsCIWg9', 31, 20, 31, '2017-02-02', 99),
(265, 'TSMAD3100265', '吳雅惠', 'FRbDisNC4M', 31, 21, 31, '2017-08-02', 93),
(266, 'TSMAD3100266', '蘭淑娟', 'gmMwa8OSkj', 31, 21, 31, '2016-10-07', 103),
(267, 'TSMAD3200267', '楊雅萍', 'zBlIucMIRz', 32, 20, 32, '2021-08-15', 44),
(268, 'TSMAD3200268', '陶怡婷', 'KfcdyBYDUO', 32, 23, 32, '2022-06-10', 34),
(269, 'TSMAD3200269', '林婷婷', 'Gaf3S1tbUO', 32, 23, 32, '2018-09-12', 80),
(270, 'TSMAD3200270', '蕭佳慧', 'x3NZuQbGCS', 32, 20, 32, '2022-07-08', 33),
(271, 'TSMAD3200271', '楊家銘', 'z8boTINNAN', 32, 22, 32, '2015-07-15', 118),
(272, 'TSMAD3200272', '周俊傑', 'G6Rz0eMapI', 32, 20, 32, '2019-06-16', 70),
(273, 'TSMAD3200273', '朱怡婷', 'ZH8QYof9Ao', 32, 22, 32, '2018-11-06', 78),
(274, 'TSMAD3200274', '陸思穎', '90gCqmOqO1', 32, 22, 32, '2016-06-06', 107),
(275, 'TSMIT0000275', '田美琪', 'npPNzgpZCR', 33, 12, 33, '2019-08-03', 69),
(276, 'TSMIT0000276', '江美玲', 'Mhu0HvHGxG', 33, 30, 33, '2021-11-02', 41),
(277, 'TSMIT0000277', '宋宜君', 'UhR2Jggqrw', 33, 12, 33, '2015-06-06', 119),
(278, 'TSMIT1000278', '王佳樺', 'dBeGIui6ZV', 34, 14, 34, '2022-09-14', 31),
(279, 'TSMIT1000279', '李佩君', 'KYuZ2s9KDw', 34, 14, 34, '2022-03-13', 37),
(280, 'TSMIT1000280', '黃沖', 'U3hofRc7rD', 34, 14, 34, '2016-01-24', 112),
(281, 'TSMIT1100281', '周沖', 'ypNSv6acwA', 35, 12, 35, '2022-09-15', 31),
(282, 'TSMIT1100282', '許雅琪', 'BvDO4riZaG', 35, 14, 35, '2022-09-26', 31),
(283, 'TSMIT1100283', '姚俊賢', 'eZrcBFPysF', 35, 12, 35, '2022-11-21', 29),
(284, 'TSMIT1100284', '戴怡如', 'JrO8eodtnY', 35, 13, 35, '2017-10-26', 90),
(285, 'TSMIT1100285', '王美玲', 's5TveMNM6f', 35, 14, 35, '2021-03-07', 49),
(286, 'TSMIT1100286', '王淑玲', 'i7nbUk5JHF', 35, 29, 35, '2016-11-28', 101),
(287, 'TSMIT1100287', '鐘家瑋', '5VL3cc9wli', 35, 28, 35, '2022-12-25', 28),
(288, 'TSMIT1100288', '鞠怡如', 'DYAeV5kDtC', 35, 28, 35, '2018-11-14', 78),
(289, 'TSMIT1100289', '戴郁婷', 'PbMxG7As0e', 35, 15, 35, '2018-01-23', 87),
(290, 'TSMIT1200290', '任淑華', 'eJaFSSH6AN', 36, 14, 36, '2016-03-26', 110),
(291, 'TSMIT1200291', '吳宇軒', 'BcSDkgrwm3', 36, 12, 36, '2018-10-08', 79),
(292, 'TSMIT1200292', '趙冠霖', '9W0q7Woddw', 36, 28, 36, '2018-01-06', 88),
(293, 'TSMIT1200293', '曾依婷', 'dcDRFaT0V6', 36, 29, 36, '2021-06-01', 47),
(294, 'TSMIT1200294', '李建宏', 'eXKtTotZhT', 36, 30, 36, '2016-11-07', 102),
(295, 'TSMIT1300295', '汪宜君', '79g4wEjL3F', 37, 29, 37, '2019-03-22', 73),
(296, 'TSMIT1300296', '關佳玲', 'ij5zIsJ7Oz', 37, 29, 37, '2020-08-20', 56),
(297, 'TSMIT1300297', '胡郁雯', 'pgcuedOOqo', 37, 12, 37, '2022-08-11', 32),
(298, 'TSMIT1300298', '楊怡安', 'PCOwJYBeTy', 37, 15, 37, '2022-08-06', 32),
(299, 'TSMIT1300299', '石淑芬', 'hFlTCxS8XH', 37, 15, 37, '2022-07-24', 33),
(300, 'TSMIT1300300', '李婉婷', 'jxDtMkHrq2', 37, 29, 37, '2015-10-22', 115),
(301, 'TSMIT1300301', '嶽欣怡', '4GrfqomHTx', 37, 16, 37, '2020-04-05', 61),
(302, 'TSMIT1300302', '徐建宏', 'oPHiTXSANR', 37, 13, 37, '2019-06-11', 71),
(303, 'TSMIT2000303', '熊雅萍', 'lkxmfsi21b', 38, 28, 38, '2022-09-05', 31),
(304, 'TSMIT2000304', '盧依婷', 'HU36f4nGrZ', 38, 28, 38, '2022-10-25', 30),
(305, 'TSMIT2000305', '王淑娟', 'dBWKUSGW0B', 38, 29, 38, '2018-01-02', 88),
(306, 'TSMIT2100306', '郝雅琪', 'rO8wEwAZ1a', 39, 28, 39, '2016-07-06', 106),
(307, 'TSMIT2100307', '張馨儀', '2RVic2i458', 39, 28, 39, '2018-02-21', 86),
(308, 'TSMIT2100308', '趙依婷', 'RThnZuloxk', 39, 30, 39, '2018-12-08', 77),
(309, 'TSMIT2100309', '周彥廷', 'K6Wqizj7mL', 39, 14, 39, '2019-09-19', 67),
(310, 'TSMIT2100310', '謝郁雯', 'dSdsXWvxAd', 39, 28, 39, '2018-06-25', 82),
(311, 'TSMIT2100311', '張沖', 'sTSSv7fbmM', 39, 28, 39, '2018-12-08', 77),
(312, 'TSMIT2100312', '龐雅芳', 'cAsg5Tm23x', 39, 15, 39, '2017-06-05', 95),
(313, 'TSMIT2200313', '丁婉婷', 'VPHdByLvyq', 40, 29, 40, '2015-03-27', 122),
(314, 'TSMIT2200314', '劉惠婷', '4h0jsJGe1X', 40, 13, 40, '2021-12-04', 40),
(315, 'TSMIT2200315', '蘇志偉', 'JYObniOz0i', 40, 14, 40, '2019-04-06', 73),
(316, 'TSMIT2200316', '張淑芬', 'yohONgNeKf', 40, 16, 40, '2016-06-21', 107),
(317, 'TSMIT2200317', '姜淑娟', 'SLwNg297w3', 40, 29, 40, '2016-01-19', 112),
(318, 'TSMIT2200318', '孫佳樺', 'CQ08Q3upIo', 40, 16, 40, '2019-01-22', 75),
(319, 'TSMIT2200319', '唐淑玲', 'dgIJHJjQ06', 40, 29, 40, '2021-02-28', 50),
(320, 'TSMIT2200320', '劉雅婷', 'LSFS9Pi3UN', 40, 12, 40, '2020-08-13', 56);
-- =============================================
-- 員工角色關聯
-- =============================================
-- 插入員工角色資料
INSERT INTO `t_employee_role` (`employee_id`, `role_id`) VALUES
(1, 1),
(1, 2),
(2, 1),
(2, 2),
(3, 1),
(3, 2),
(4, 1),
(4, 2),
(5, 1),
(5, 2),
(6, 1),
(6, 2),
(7, 1),
(7, 2),
(8, 1),
(8, 2),
(9, 1),
(9, 2),
(10, 1),
(10, 2),
(11, 1),
(11, 2),
(12, 1),
(12, 2),
(13, 1),
(13, 2),
(14, 1),
(14, 2),
(15, 1),
(15, 2),
(16, 1),
(16, 2),
(17, 1),
(17, 2),
(18, 1),
(18, 2),
(19, 1),
(19, 2),
(20, 1),
(20, 2),
(21, 1),
(21, 2),
(22, 1),
(22, 2),
(23, 1),
(23, 2),
(24, 1),
(24, 2),
(25, 1),
(25, 2),
(26, 1),
(26, 2),
(27, 1),
(27, 2),
(28, 1),
(28, 2),
(29, 1),
(29, 2),
(30, 1),
(30, 2),
(31, 1),
(31, 2),
(32, 1),
(32, 2),
(33, 1),
(33, 2),
(34, 1),
(34, 2),
(35, 1),
(35, 2),
(36, 1),
(36, 2),
(37, 1),
(37, 2),
(38, 1),
(38, 2),
(39, 1),
(39, 2),
(40, 1),
(40, 2),
(41, 1),
(42, 1),
(43, 1),
(44, 1),
(45, 1),
(46, 1),
(47, 1),
(48, 1),
(49, 1),
(50, 1),
(51, 1),
(52, 1),
(53, 1),
(54, 1),
(55, 1),
(56, 1),
(57, 1),
(58, 1),
(59, 1),
(60, 1),
(61, 1),
(62, 1),
(63, 1),
(64, 1),
(65, 1),
(66, 1),
(67, 1),
(68, 1),
(69, 1),
(70, 1),
(71, 1),
(72, 1),
(73, 1),
(74, 1),
(75, 1),
(76, 1),
(77, 1),
(78, 1),
(79, 1),
(80, 1),
(81, 1),
(82, 1),
(83, 1),
(84, 1),
(85, 1),
(86, 1),
(87, 1),
(88, 1),
(89, 1),
(90, 1),
(91, 1),
(92, 1),
(93, 1),
(94, 1),
(95, 1),
(96, 1),
(97, 1),
(98, 1),
(99, 1),
(100, 1),
(101, 1),
(102, 1),
(103, 1),
(104, 1),
(105, 1),
(106, 1),
(107, 1),
(108, 1),
(109, 1),
(110, 1),
(111, 1),
(112, 1),
(113, 1),
(114, 1),
(115, 1),
(116, 1),
(117, 1),
(118, 1),
(119, 1),
(120, 1),
(121, 1),
(122, 1),
(123, 1),
(124, 1),
(125, 1),
(126, 1),
(127, 1),
(128, 1),
(129, 1),
(130, 1),
(131, 1),
(132, 1),
(133, 1),
(134, 1),
(135, 1),
(136, 1),
(137, 1),
(138, 1),
(139, 1),
(140, 1),
(141, 1),
(142, 1),
(143, 1),
(144, 1),
(145, 1),
(146, 1),
(147, 1),
(148, 1),
(149, 1),
(150, 1),
(151, 1),
(152, 1),
(153, 1),
(154, 1),
(155, 1),
(156, 1),
(157, 1),
(158, 1),
(159, 1),
(160, 1),
(161, 1),
(162, 1),
(163, 1),
(164, 1),
(165, 1),
(166, 1),
(167, 1),
(168, 1),
(169, 1),
(170, 1),
(171, 1),
(172, 1),
(173, 1),
(174, 1),
(175, 1),
(176, 1),
(177, 1),
(178, 1),
(179, 1),
(180, 1),
(181, 1),
(182, 1),
(183, 1),
(184, 1),
(185, 1),
(186, 1),
(187, 1),
(188, 1),
(189, 1),
(190, 1),
(191, 1),
(192, 1),
(193, 1),
(194, 1),
(195, 1),
(196, 1),
(197, 1),
(198, 1),
(199, 1),
(200, 1),
(201, 1),
(202, 1),
(203, 1),
(204, 1),
(205, 1),
(206, 1),
(207, 1),
(208, 1),
(209, 1),
(210, 1),
(211, 1),
(212, 1),
(213, 1),
(214, 1),
(215, 1),
(216, 1),
(217, 1),
(218, 1),
(219, 1),
(220, 1),
(221, 1),
(222, 1),
(223, 1),
(224, 1),
(225, 1),
(226, 1),
(227, 1),
(228, 1),
(229, 1),
(230, 1),
(231, 1),
(232, 1),
(233, 1),
(234, 1),
(235, 1),
(236, 1),
(237, 1),
(238, 1),
(239, 1),
(240, 1),
(241, 1),
(242, 1),
(243, 1),
(244, 1),
(245, 1),
(246, 1),
(247, 1),
(248, 1),
(249, 1),
(250, 1),
(251, 1),
(252, 1),
(253, 1),
(254, 1),
(255, 1),
(256, 1),
(257, 1),
(258, 1),
(259, 1),
(260, 1),
(261, 1),
(262, 1),
(263, 1),
(264, 1),
(265, 1),
(266, 1),
(267, 1),
(268, 1),
(269, 1),
(270, 1),
(271, 1),
(272, 1),
(273, 1),
(274, 1),
(275, 1),
(276, 1),
(277, 1),
(278, 1),
(279, 1),
(280, 1),
(281, 1),
(282, 1),
(283, 1),
(284, 1),
(285, 1),
(286, 1),
(287, 1),
(288, 1),
(289, 1),
(290, 1),
(291, 1),
(292, 1),
(293, 1),
(294, 1),
(295, 1),
(296, 1),
(297, 1),
(298, 1),
(299, 1),
(300, 1),
(301, 1),
(302, 1),
(303, 1),
(304, 1),
(305, 1),
(306, 1),
(307, 1),
(308, 1),
(309, 1),
(310, 1),
(311, 1),
(312, 1),
(313, 1),
(314, 1),
(315, 1),
(316, 1),
(317, 1),
(318, 1),
(319, 1),
(320, 1);
-- =============================================
-- 請假規則
-- =============================================

-- 插入請假規則資料 (根據勞動基準法規定)
INSERT INTO `t_leave_rules` (`leave_type_id`, `months_of_service_min`, `months_of_service_max`, `hours_entitled`) VALUES
-- 特休假規則 (月資轉換為年)
(1, 0, 6, 0),                   -- 未滿半年：無特休
(1, 6, 12, 24),                 -- 半年以上未滿一年：3天 (24小時)
(1, 12, 24, 56),                -- 一年以上未滿兩年：7天 (56小時)
(1, 24, 36, 80),                -- 兩年以上未滿三年：10天 (80小時)
(1, 36, 60, 112),               -- 三年以上未滿五年：14天 (112小時)
(1, 60, 120, 120),              -- 五年以上未滿十年：15天 (120小時)
(1, 120, 240, 160),             -- 十年以上未滿二十年：20天 (160小時)
(1, 240, NULL, 192),            -- 二十年以上：24天 (192小時)

-- 病假規則
(2, 0, NULL, 240),              -- 所有員工：30天 (240小時)

-- 事假規則
(3, 0, NULL, 112);              -- 所有員工：14天 (112小時)

-- =============================================
-- 員工請假餘額
-- =============================================
-- 插入員工假期餘額資料
INSERT INTO `t_employee_leave_balance` (`employee_id`, `leave_type_id`, `year`, `total_hours`, `used_hours`, `remaining_hours`) VALUES
(1, 1, 2025, 160, 4, 156),
(1, 2, 2025, 240, 32, 208),
(1, 3, 2025, 112, 0, 112),
(2, 1, 2025, 120, 0, 120),
(2, 2, 2025, 240, 0, 240),
(2, 3, 2025, 112, 0, 112),
(3, 1, 2025, 112, 0, 112),
(3, 2, 2025, 240, 32, 208),
(3, 3, 2025, 112, 56, 56),
(4, 1, 2025, 160, 0, 160),
(4, 2, 2025, 240, 0, 240),
(4, 3, 2025, 112, 0, 112),
(5, 1, 2025, 120, 0, 120),
(5, 2, 2025, 240, 32, 208),
(5, 3, 2025, 112, 0, 112),
(6, 1, 2025, 120, 0, 120),
(6, 2, 2025, 240, 0, 240),
(6, 3, 2025, 112, 24, 88),
(7, 1, 2025, 160, 0, 160),
(7, 2, 2025, 240, 0, 240),
(7, 3, 2025, 112, 0, 112),
(8, 1, 2025, 160, 0, 160),
(8, 2, 2025, 240, 0, 240),
(8, 3, 2025, 112, 0, 112),
(9, 1, 2025, 160, 32, 128),
(9, 2, 2025, 240, 64, 176),
(9, 3, 2025, 112, 0, 112),
(10, 1, 2025, 160, 0, 160),
(10, 2, 2025, 240, 0, 240),
(10, 3, 2025, 112, 0, 112),
(11, 1, 2025, 120, 0, 120),
(11, 2, 2025, 240, 0, 240),
(11, 3, 2025, 112, 0, 112),
(12, 1, 2025, 160, 0, 160),
(12, 2, 2025, 240, 4, 236),
(12, 3, 2025, 112, 16, 96),
(13, 1, 2025, 160, 0, 160),
(13, 2, 2025, 240, 40, 200),
(13, 3, 2025, 112, 32, 80),
(14, 1, 2025, 120, 0, 120),
(14, 2, 2025, 240, 0, 240),
(14, 3, 2025, 112, 0, 112),
(15, 1, 2025, 120, 0, 120),
(15, 2, 2025, 240, 0, 240),
(15, 3, 2025, 112, 8, 104),
(16, 1, 2025, 120, 0, 120),
(16, 2, 2025, 240, 0, 240),
(16, 3, 2025, 112, 32, 80),
(17, 1, 2025, 120, 0, 120),
(17, 2, 2025, 240, 0, 240),
(17, 3, 2025, 112, 0, 112),
(18, 1, 2025, 120, 0, 120),
(18, 2, 2025, 240, 0, 240),
(18, 3, 2025, 112, 0, 112),
(19, 1, 2025, 160, 0, 160),
(19, 2, 2025, 240, 0, 240),
(19, 3, 2025, 112, 0, 112),
(20, 1, 2025, 120, 0, 120),
(20, 2, 2025, 240, 16, 224),
(20, 3, 2025, 112, 0, 112),
(21, 1, 2025, 160, 0, 160),
(21, 2, 2025, 240, 0, 240),
(21, 3, 2025, 112, 0, 112),
(22, 1, 2025, 160, 0, 160),
(22, 2, 2025, 240, 0, 240),
(22, 3, 2025, 112, 0, 112),
(23, 1, 2025, 120, 0, 120),
(23, 2, 2025, 240, 0, 240),
(23, 3, 2025, 112, 0, 112),
(24, 1, 2025, 120, 0, 120),
(24, 2, 2025, 240, 0, 240),
(24, 3, 2025, 112, 0, 112),
(25, 1, 2025, 160, 0, 160),
(25, 2, 2025, 240, 0, 240),
(25, 3, 2025, 112, 0, 112),
(26, 1, 2025, 160, 0, 160),
(26, 2, 2025, 240, 0, 240),
(26, 3, 2025, 112, 0, 112),
(27, 1, 2025, 120, 0, 120),
(27, 2, 2025, 240, 0, 240),
(27, 3, 2025, 112, 0, 112),
(28, 1, 2025, 120, 0, 120),
(28, 2, 2025, 240, 40, 200),
(28, 3, 2025, 112, 4, 108),
(29, 1, 2025, 160, 0, 160),
(29, 2, 2025, 240, 0, 240),
(29, 3, 2025, 112, 0, 112),
(30, 1, 2025, 160, 0, 160),
(30, 2, 2025, 240, 0, 240),
(30, 3, 2025, 112, 64, 48),
(31, 1, 2025, 160, 4, 156),
(31, 2, 2025, 240, 8, 232),
(31, 3, 2025, 112, 32, 80),
(32, 1, 2025, 120, 0, 120),
(32, 2, 2025, 240, 0, 240),
(32, 3, 2025, 112, 0, 112),
(33, 1, 2025, 160, 0, 160),
(33, 2, 2025, 240, 0, 240),
(33, 3, 2025, 112, 0, 112),
(34, 1, 2025, 120, 0, 120),
(34, 2, 2025, 240, 0, 240),
(34, 3, 2025, 112, 0, 112),
(35, 1, 2025, 112, 0, 112),
(35, 2, 2025, 240, 0, 240),
(35, 3, 2025, 112, 0, 112),
(36, 1, 2025, 120, 0, 120),
(36, 2, 2025, 240, 0, 240),
(36, 3, 2025, 112, 0, 112),
(37, 1, 2025, 120, 32, 88),
(37, 2, 2025, 240, 32, 208),
(37, 3, 2025, 112, 40, 72),
(38, 1, 2025, 160, 0, 160),
(38, 2, 2025, 240, 0, 240),
(38, 3, 2025, 112, 28, 84),
(39, 1, 2025, 120, 0, 120),
(39, 2, 2025, 240, 0, 240),
(39, 3, 2025, 112, 0, 112),
(40, 1, 2025, 160, 0, 160),
(40, 2, 2025, 240, 0, 240),
(40, 3, 2025, 112, 0, 112),
(41, 1, 2025, 112, 40, 72),
(41, 2, 2025, 240, 0, 240),
(41, 3, 2025, 112, 0, 112),
(42, 1, 2025, 112, 0, 112),
(42, 2, 2025, 240, 0, 240),
(42, 3, 2025, 112, 0, 112),
(43, 1, 2025, 120, 0, 120),
(43, 2, 2025, 240, 0, 240),
(43, 3, 2025, 112, 0, 112),
(44, 1, 2025, 112, 0, 112),
(44, 2, 2025, 240, 0, 240),
(44, 3, 2025, 112, 0, 112),
(45, 1, 2025, 112, 0, 112),
(45, 2, 2025, 240, 0, 240),
(45, 3, 2025, 112, 0, 112),
(46, 1, 2025, 120, 0, 120),
(46, 2, 2025, 240, 0, 240),
(46, 3, 2025, 112, 0, 112),
(47, 1, 2025, 120, 0, 120),
(47, 2, 2025, 240, 44, 196),
(47, 3, 2025, 112, 0, 112),
(48, 1, 2025, 112, 0, 112),
(48, 2, 2025, 240, 16, 224),
(48, 3, 2025, 112, 40, 72),
(49, 1, 2025, 120, 0, 120),
(49, 2, 2025, 240, 0, 240),
(49, 3, 2025, 112, 0, 112),
(50, 1, 2025, 120, 16, 104),
(50, 2, 2025, 240, 0, 240),
(50, 3, 2025, 112, 4, 108),
(51, 1, 2025, 112, 0, 112),
(51, 2, 2025, 240, 0, 240),
(51, 3, 2025, 112, 0, 112),
(52, 1, 2025, 80, 0, 80),
(52, 2, 2025, 240, 0, 240),
(52, 3, 2025, 112, 24, 88),
(53, 1, 2025, 160, 0, 160),
(53, 2, 2025, 240, 0, 240),
(53, 3, 2025, 112, 0, 112),
(54, 1, 2025, 120, 0, 120),
(54, 2, 2025, 240, 0, 240),
(54, 3, 2025, 112, 0, 112),
(55, 1, 2025, 80, 0, 80),
(55, 2, 2025, 240, 0, 240),
(55, 3, 2025, 112, 0, 112),
(56, 1, 2025, 120, 0, 120),
(56, 2, 2025, 240, 0, 240),
(56, 3, 2025, 112, 0, 112),
(57, 1, 2025, 112, 0, 112),
(57, 2, 2025, 240, 0, 240),
(57, 3, 2025, 112, 0, 112),
(58, 1, 2025, 120, 0, 120),
(58, 2, 2025, 240, 0, 240),
(58, 3, 2025, 112, 0, 112),
(59, 1, 2025, 120, 0, 120),
(59, 2, 2025, 240, 0, 240),
(59, 3, 2025, 112, 0, 112),
(60, 1, 2025, 80, 0, 80),
(60, 2, 2025, 240, 0, 240),
(60, 3, 2025, 112, 0, 112),
(61, 1, 2025, 120, 0, 120),
(61, 2, 2025, 240, 0, 240),
(61, 3, 2025, 112, 24, 88),
(62, 1, 2025, 120, 0, 120),
(62, 2, 2025, 240, 0, 240),
(62, 3, 2025, 112, 0, 112),
(63, 1, 2025, 120, 0, 120),
(63, 2, 2025, 240, 0, 240),
(63, 3, 2025, 112, 0, 112),
(64, 1, 2025, 120, 0, 120),
(64, 2, 2025, 240, 0, 240),
(64, 3, 2025, 112, 0, 112),
(65, 1, 2025, 120, 0, 120),
(65, 2, 2025, 240, 0, 240),
(65, 3, 2025, 112, 0, 112),
(66, 1, 2025, 112, 16, 96),
(66, 2, 2025, 240, 40, 200),
(66, 3, 2025, 112, 0, 112),
(67, 1, 2025, 120, 0, 120),
(67, 2, 2025, 240, 0, 240),
(67, 3, 2025, 112, 0, 112),
(68, 1, 2025, 120, 0, 120),
(68, 2, 2025, 240, 4, 236),
(68, 3, 2025, 112, 8, 104),
(69, 1, 2025, 112, 0, 112),
(69, 2, 2025, 240, 0, 240),
(69, 3, 2025, 112, 0, 112),
(70, 1, 2025, 120, 0, 120),
(70, 2, 2025, 240, 0, 240),
(70, 3, 2025, 112, 0, 112),
(71, 1, 2025, 112, 0, 112),
(71, 2, 2025, 240, 0, 240),
(71, 3, 2025, 112, 0, 112),
(72, 1, 2025, 120, 0, 120),
(72, 2, 2025, 240, 0, 240),
(72, 3, 2025, 112, 0, 112),
(73, 1, 2025, 120, 0, 120),
(73, 2, 2025, 240, 0, 240),
(73, 3, 2025, 112, 0, 112),
(74, 1, 2025, 120, 0, 120),
(74, 2, 2025, 240, 0, 240),
(74, 3, 2025, 112, 0, 112),
(75, 1, 2025, 112, 0, 112),
(75, 2, 2025, 240, 0, 240),
(75, 3, 2025, 112, 0, 112),
(76, 1, 2025, 120, 0, 120),
(76, 2, 2025, 240, 0, 240),
(76, 3, 2025, 112, 0, 112),
(77, 1, 2025, 120, 0, 120),
(77, 2, 2025, 240, 0, 240),
(77, 3, 2025, 112, 0, 112),
(78, 1, 2025, 112, 16, 96),
(78, 2, 2025, 240, 0, 240),
(78, 3, 2025, 112, 4, 108),
(79, 1, 2025, 120, 0, 120),
(79, 2, 2025, 240, 0, 240),
(79, 3, 2025, 112, 0, 112),
(80, 1, 2025, 120, 0, 120),
(80, 2, 2025, 240, 0, 240),
(80, 3, 2025, 112, 0, 112),
(81, 1, 2025, 120, 0, 120),
(81, 2, 2025, 240, 0, 240),
(81, 3, 2025, 112, 0, 112),
(82, 1, 2025, 80, 0, 80),
(82, 2, 2025, 240, 0, 240),
(82, 3, 2025, 112, 0, 112),
(83, 1, 2025, 120, 0, 120),
(83, 2, 2025, 240, 32, 208),
(83, 3, 2025, 112, 0, 112),
(84, 1, 2025, 120, 0, 120),
(84, 2, 2025, 240, 0, 240),
(84, 3, 2025, 112, 0, 112),
(85, 1, 2025, 112, 0, 112),
(85, 2, 2025, 240, 0, 240),
(85, 3, 2025, 112, 32, 80),
(86, 1, 2025, 160, 8, 152),
(86, 2, 2025, 240, 0, 240),
(86, 3, 2025, 112, 0, 112),
(87, 1, 2025, 112, 0, 112),
(87, 2, 2025, 240, 0, 240),
(87, 3, 2025, 112, 0, 112),
(88, 1, 2025, 120, 0, 120),
(88, 2, 2025, 240, 0, 240),
(88, 3, 2025, 112, 0, 112),
(89, 1, 2025, 120, 0, 120),
(89, 2, 2025, 240, 0, 240),
(89, 3, 2025, 112, 0, 112),
(90, 1, 2025, 120, 0, 120),
(90, 2, 2025, 240, 0, 240),
(90, 3, 2025, 112, 0, 112),
(91, 1, 2025, 112, 0, 112),
(91, 2, 2025, 240, 0, 240),
(91, 3, 2025, 112, 0, 112),
(92, 1, 2025, 120, 0, 120),
(92, 2, 2025, 240, 4, 236),
(92, 3, 2025, 112, 16, 96),
(93, 1, 2025, 112, 0, 112),
(93, 2, 2025, 240, 0, 240),
(93, 3, 2025, 112, 0, 112),
(94, 1, 2025, 120, 0, 120),
(94, 2, 2025, 240, 0, 240),
(94, 3, 2025, 112, 0, 112),
(95, 1, 2025, 120, 0, 120),
(95, 2, 2025, 240, 0, 240),
(95, 3, 2025, 112, 0, 112),
(96, 1, 2025, 120, 32, 88),
(96, 2, 2025, 240, 24, 216),
(96, 3, 2025, 112, 0, 112),
(97, 1, 2025, 120, 0, 120),
(97, 2, 2025, 240, 0, 240),
(97, 3, 2025, 112, 0, 112),
(98, 1, 2025, 120, 0, 120),
(98, 2, 2025, 240, 0, 240),
(98, 3, 2025, 112, 4, 108),
(99, 1, 2025, 120, 0, 120),
(99, 2, 2025, 240, 0, 240),
(99, 3, 2025, 112, 0, 112),
(100, 1, 2025, 112, 0, 112),
(100, 2, 2025, 240, 0, 240),
(100, 3, 2025, 112, 0, 112),
(101, 1, 2025, 112, 0, 112),
(101, 2, 2025, 240, 0, 240),
(101, 3, 2025, 112, 0, 112),
(102, 1, 2025, 120, 0, 120),
(102, 2, 2025, 240, 0, 240),
(102, 3, 2025, 112, 0, 112),
(103, 1, 2025, 120, 32, 88),
(103, 2, 2025, 240, 0, 240),
(103, 3, 2025, 112, 36, 76),
(104, 1, 2025, 112, 0, 112),
(104, 2, 2025, 240, 0, 240),
(104, 3, 2025, 112, 0, 112),
(105, 1, 2025, 112, 8, 104),
(105, 2, 2025, 240, 0, 240),
(105, 3, 2025, 112, 0, 112),
(106, 1, 2025, 120, 0, 120),
(106, 2, 2025, 240, 0, 240),
(106, 3, 2025, 112, 0, 112),
(107, 1, 2025, 112, 0, 112),
(107, 2, 2025, 240, 0, 240),
(107, 3, 2025, 112, 0, 112),
(108, 1, 2025, 120, 0, 120),
(108, 2, 2025, 240, 0, 240),
(108, 3, 2025, 112, 0, 112),
(109, 1, 2025, 120, 0, 120),
(109, 2, 2025, 240, 0, 240),
(109, 3, 2025, 112, 0, 112),
(110, 1, 2025, 112, 32, 80),
(110, 2, 2025, 240, 0, 240),
(110, 3, 2025, 112, 32, 80),
(111, 1, 2025, 160, 16, 144),
(111, 2, 2025, 240, 0, 240),
(111, 3, 2025, 112, 0, 112),
(112, 1, 2025, 112, 16, 96),
(112, 2, 2025, 240, 0, 240),
(112, 3, 2025, 112, 0, 112),
(113, 1, 2025, 120, 0, 120),
(113, 2, 2025, 240, 0, 240),
(113, 3, 2025, 112, 0, 112),
(114, 1, 2025, 112, 0, 112),
(114, 2, 2025, 240, 0, 240),
(114, 3, 2025, 112, 0, 112),
(115, 1, 2025, 120, 0, 120),
(115, 2, 2025, 240, 0, 240),
(115, 3, 2025, 112, 0, 112),
(116, 1, 2025, 112, 0, 112),
(116, 2, 2025, 240, 0, 240),
(116, 3, 2025, 112, 0, 112),
(117, 1, 2025, 80, 0, 80),
(117, 2, 2025, 240, 0, 240),
(117, 3, 2025, 112, 0, 112),
(118, 1, 2025, 120, 0, 120),
(118, 2, 2025, 240, 0, 240),
(118, 3, 2025, 112, 0, 112),
(119, 1, 2025, 120, 0, 120),
(119, 2, 2025, 240, 0, 240),
(119, 3, 2025, 112, 0, 112),
(120, 1, 2025, 112, 0, 112),
(120, 2, 2025, 240, 0, 240),
(120, 3, 2025, 112, 0, 112),
(121, 1, 2025, 112, 0, 112),
(121, 2, 2025, 240, 0, 240),
(121, 3, 2025, 112, 32, 80),
(122, 1, 2025, 80, 0, 80),
(122, 2, 2025, 240, 8, 232),
(122, 3, 2025, 112, 24, 88),
(123, 1, 2025, 120, 48, 72),
(123, 2, 2025, 240, 4, 236),
(123, 3, 2025, 112, 0, 112),
(124, 1, 2025, 120, 0, 120),
(124, 2, 2025, 240, 0, 240),
(124, 3, 2025, 112, 40, 72),
(125, 1, 2025, 120, 40, 80),
(125, 2, 2025, 240, 40, 200),
(125, 3, 2025, 112, 0, 112),
(126, 1, 2025, 120, 0, 120),
(126, 2, 2025, 240, 0, 240),
(126, 3, 2025, 112, 0, 112),
(127, 1, 2025, 120, 32, 88),
(127, 2, 2025, 240, 0, 240),
(127, 3, 2025, 112, 0, 112),
(128, 1, 2025, 120, 40, 80),
(128, 2, 2025, 240, 0, 240),
(128, 3, 2025, 112, 0, 112),
(129, 1, 2025, 112, 0, 112),
(129, 2, 2025, 240, 0, 240),
(129, 3, 2025, 112, 0, 112),
(130, 1, 2025, 80, 8, 72),
(130, 2, 2025, 240, 0, 240),
(130, 3, 2025, 112, 0, 112),
(131, 1, 2025, 160, 72, 88),
(131, 2, 2025, 240, 24, 216),
(131, 3, 2025, 112, 0, 112),
(132, 1, 2025, 112, 0, 112),
(132, 2, 2025, 240, 0, 240),
(132, 3, 2025, 112, 0, 112),
(133, 1, 2025, 120, 0, 120),
(133, 2, 2025, 240, 8, 232),
(133, 3, 2025, 112, 0, 112),
(134, 1, 2025, 120, 0, 120),
(134, 2, 2025, 240, 0, 240),
(134, 3, 2025, 112, 0, 112),
(135, 1, 2025, 160, 0, 160),
(135, 2, 2025, 240, 0, 240),
(135, 3, 2025, 112, 40, 72),
(136, 1, 2025, 120, 0, 120),
(136, 2, 2025, 240, 32, 208),
(136, 3, 2025, 112, 80, 32),
(137, 1, 2025, 120, 0, 120),
(137, 2, 2025, 240, 0, 240),
(137, 3, 2025, 112, 0, 112),
(138, 1, 2025, 112, 96, 16),
(138, 2, 2025, 240, 0, 240),
(138, 3, 2025, 112, 0, 112),
(139, 1, 2025, 120, 0, 120),
(139, 2, 2025, 240, 0, 240),
(139, 3, 2025, 112, 0, 112),
(140, 1, 2025, 160, 0, 160),
(140, 2, 2025, 240, 0, 240),
(140, 3, 2025, 112, 0, 112),
(141, 1, 2025, 120, 32, 88),
(141, 2, 2025, 240, 0, 240),
(141, 3, 2025, 112, 0, 112),
(142, 1, 2025, 120, 0, 120),
(142, 2, 2025, 240, 0, 240),
(142, 3, 2025, 112, 0, 112),
(143, 1, 2025, 112, 0, 112),
(143, 2, 2025, 240, 0, 240),
(143, 3, 2025, 112, 0, 112),
(144, 1, 2025, 120, 0, 120),
(144, 2, 2025, 240, 0, 240),
(144, 3, 2025, 112, 0, 112),
(145, 1, 2025, 80, 0, 80),
(145, 2, 2025, 240, 0, 240),
(145, 3, 2025, 112, 0, 112),
(146, 1, 2025, 120, 0, 120),
(146, 2, 2025, 240, 0, 240),
(146, 3, 2025, 112, 0, 112),
(147, 1, 2025, 112, 0, 112),
(147, 2, 2025, 240, 0, 240),
(147, 3, 2025, 112, 0, 112),
(148, 1, 2025, 160, 0, 160),
(148, 2, 2025, 240, 0, 240),
(148, 3, 2025, 112, 0, 112),
(149, 1, 2025, 112, 0, 112),
(149, 2, 2025, 240, 0, 240),
(149, 3, 2025, 112, 0, 112),
(150, 1, 2025, 112, 0, 112),
(150, 2, 2025, 240, 0, 240),
(150, 3, 2025, 112, 0, 112),
(151, 1, 2025, 120, 0, 120),
(151, 2, 2025, 240, 0, 240),
(151, 3, 2025, 112, 0, 112),
(152, 1, 2025, 120, 8, 112),
(152, 2, 2025, 240, 64, 176),
(152, 3, 2025, 112, 0, 112),
(153, 1, 2025, 112, 0, 112),
(153, 2, 2025, 240, 32, 208),
(153, 3, 2025, 112, 0, 112),
(154, 1, 2025, 120, 0, 120),
(154, 2, 2025, 240, 0, 240),
(154, 3, 2025, 112, 0, 112),
(155, 1, 2025, 160, 0, 160),
(155, 2, 2025, 240, 0, 240),
(155, 3, 2025, 112, 0, 112),
(156, 1, 2025, 120, 0, 120),
(156, 2, 2025, 240, 0, 240),
(156, 3, 2025, 112, 0, 112),
(157, 1, 2025, 120, 0, 120),
(157, 2, 2025, 240, 4, 236),
(157, 3, 2025, 112, 0, 112),
(158, 1, 2025, 112, 0, 112),
(158, 2, 2025, 240, 0, 240),
(158, 3, 2025, 112, 0, 112),
(159, 1, 2025, 120, 0, 120),
(159, 2, 2025, 240, 0, 240),
(159, 3, 2025, 112, 0, 112),
(160, 1, 2025, 112, 0, 112),
(160, 2, 2025, 240, 0, 240),
(160, 3, 2025, 112, 0, 112),
(161, 1, 2025, 112, 0, 112),
(161, 2, 2025, 240, 0, 240),
(161, 3, 2025, 112, 0, 112),
(162, 1, 2025, 120, 0, 120),
(162, 2, 2025, 240, 0, 240),
(162, 3, 2025, 112, 0, 112),
(163, 1, 2025, 120, 0, 120),
(163, 2, 2025, 240, 0, 240),
(163, 3, 2025, 112, 0, 112),
(164, 1, 2025, 120, 0, 120),
(164, 2, 2025, 240, 0, 240),
(164, 3, 2025, 112, 0, 112),
(165, 1, 2025, 112, 0, 112),
(165, 2, 2025, 240, 0, 240),
(165, 3, 2025, 112, 0, 112),
(166, 1, 2025, 160, 16, 144),
(166, 2, 2025, 240, 0, 240),
(166, 3, 2025, 112, 0, 112),
(167, 1, 2025, 120, 40, 80),
(167, 2, 2025, 240, 40, 200),
(167, 3, 2025, 112, 8, 104),
(168, 1, 2025, 120, 0, 120),
(168, 2, 2025, 240, 28, 212),
(168, 3, 2025, 112, 0, 112),
(169, 1, 2025, 120, 0, 120),
(169, 2, 2025, 240, 0, 240),
(169, 3, 2025, 112, 0, 112),
(170, 1, 2025, 120, 0, 120),
(170, 2, 2025, 240, 0, 240),
(170, 3, 2025, 112, 0, 112),
(171, 1, 2025, 120, 0, 120),
(171, 2, 2025, 240, 0, 240),
(171, 3, 2025, 112, 0, 112),
(172, 1, 2025, 112, 24, 88),
(172, 2, 2025, 240, 0, 240),
(172, 3, 2025, 112, 8, 104),
(173, 1, 2025, 120, 0, 120),
(173, 2, 2025, 240, 24, 216),
(173, 3, 2025, 112, 0, 112),
(174, 1, 2025, 160, 0, 160),
(174, 2, 2025, 240, 0, 240),
(174, 3, 2025, 112, 0, 112),
(175, 1, 2025, 120, 0, 120),
(175, 2, 2025, 240, 0, 240),
(175, 3, 2025, 112, 0, 112),
(176, 1, 2025, 112, 40, 72),
(176, 2, 2025, 240, 0, 240),
(176, 3, 2025, 112, 4, 108),
(177, 1, 2025, 120, 0, 120),
(177, 2, 2025, 240, 8, 232),
(177, 3, 2025, 112, 0, 112),
(178, 1, 2025, 120, 0, 120),
(178, 2, 2025, 240, 0, 240),
(178, 3, 2025, 112, 0, 112),
(179, 1, 2025, 120, 0, 120),
(179, 2, 2025, 240, 0, 240),
(179, 3, 2025, 112, 0, 112),
(180, 1, 2025, 120, 0, 120),
(180, 2, 2025, 240, 0, 240),
(180, 3, 2025, 112, 0, 112),
(181, 1, 2025, 120, 0, 120),
(181, 2, 2025, 240, 0, 240),
(181, 3, 2025, 112, 0, 112),
(182, 1, 2025, 160, 0, 160),
(182, 2, 2025, 240, 4, 236),
(182, 3, 2025, 112, 36, 76),
(183, 1, 2025, 120, 0, 120),
(183, 2, 2025, 240, 0, 240),
(183, 3, 2025, 112, 0, 112),
(184, 1, 2025, 112, 0, 112),
(184, 2, 2025, 240, 0, 240),
(184, 3, 2025, 112, 0, 112),
(185, 1, 2025, 120, 0, 120),
(185, 2, 2025, 240, 0, 240),
(185, 3, 2025, 112, 0, 112),
(186, 1, 2025, 80, 0, 80),
(186, 2, 2025, 240, 0, 240),
(186, 3, 2025, 112, 0, 112),
(187, 1, 2025, 120, 0, 120),
(187, 2, 2025, 240, 0, 240),
(187, 3, 2025, 112, 0, 112),
(188, 1, 2025, 120, 0, 120),
(188, 2, 2025, 240, 40, 200),
(188, 3, 2025, 112, 0, 112),
(189, 1, 2025, 80, 0, 80),
(189, 2, 2025, 240, 0, 240),
(189, 3, 2025, 112, 0, 112),
(190, 1, 2025, 112, 16, 96),
(190, 2, 2025, 240, 0, 240),
(190, 3, 2025, 112, 0, 112),
(191, 1, 2025, 160, 0, 160),
(191, 2, 2025, 240, 0, 240),
(191, 3, 2025, 112, 0, 112),
(192, 1, 2025, 120, 0, 120),
(192, 2, 2025, 240, 0, 240),
(192, 3, 2025, 112, 0, 112),
(193, 1, 2025, 80, 0, 80),
(193, 2, 2025, 240, 0, 240),
(193, 3, 2025, 112, 0, 112),
(194, 1, 2025, 160, 0, 160),
(194, 2, 2025, 240, 16, 224),
(194, 3, 2025, 112, 40, 72),
(195, 1, 2025, 120, 0, 120),
(195, 2, 2025, 240, 0, 240),
(195, 3, 2025, 112, 0, 112),
(196, 1, 2025, 120, 0, 120),
(196, 2, 2025, 240, 0, 240),
(196, 3, 2025, 112, 0, 112),
(197, 1, 2025, 112, 0, 112),
(197, 2, 2025, 240, 8, 232),
(197, 3, 2025, 112, 72, 40),
(198, 1, 2025, 120, 0, 120),
(198, 2, 2025, 240, 0, 240),
(198, 3, 2025, 112, 0, 112),
(199, 1, 2025, 112, 0, 112),
(199, 2, 2025, 240, 0, 240),
(199, 3, 2025, 112, 0, 112),
(200, 1, 2025, 120, 0, 120),
(200, 2, 2025, 240, 0, 240),
(200, 3, 2025, 112, 0, 112),
(201, 1, 2025, 120, 0, 120),
(201, 2, 2025, 240, 0, 240),
(201, 3, 2025, 112, 0, 112),
(202, 1, 2025, 80, 0, 80),
(202, 2, 2025, 240, 0, 240),
(202, 3, 2025, 112, 0, 112),
(203, 1, 2025, 120, 0, 120),
(203, 2, 2025, 240, 0, 240),
(203, 3, 2025, 112, 0, 112),
(204, 1, 2025, 112, 0, 112),
(204, 2, 2025, 240, 0, 240),
(204, 3, 2025, 112, 0, 112),
(205, 1, 2025, 112, 0, 112),
(205, 2, 2025, 240, 0, 240),
(205, 3, 2025, 112, 0, 112),
(206, 1, 2025, 120, 0, 120),
(206, 2, 2025, 240, 0, 240),
(206, 3, 2025, 112, 0, 112),
(207, 1, 2025, 120, 0, 120),
(207, 2, 2025, 240, 0, 240),
(207, 3, 2025, 112, 0, 112),
(208, 1, 2025, 112, 0, 112),
(208, 2, 2025, 240, 0, 240),
(208, 3, 2025, 112, 0, 112),
(209, 1, 2025, 112, 0, 112),
(209, 2, 2025, 240, 0, 240),
(209, 3, 2025, 112, 0, 112),
(210, 1, 2025, 112, 0, 112),
(210, 2, 2025, 240, 0, 240),
(210, 3, 2025, 112, 0, 112),
(211, 1, 2025, 80, 72, 8),
(211, 2, 2025, 240, 24, 216),
(211, 3, 2025, 112, 0, 112),
(212, 1, 2025, 80, 0, 80),
(212, 2, 2025, 240, 0, 240),
(212, 3, 2025, 112, 0, 112),
(213, 1, 2025, 120, 0, 120),
(213, 2, 2025, 240, 0, 240),
(213, 3, 2025, 112, 0, 112),
(214, 1, 2025, 120, 0, 120),
(214, 2, 2025, 240, 0, 240),
(214, 3, 2025, 112, 0, 112),
(215, 1, 2025, 80, 0, 80),
(215, 2, 2025, 240, 0, 240),
(215, 3, 2025, 112, 0, 112),
(216, 1, 2025, 112, 0, 112),
(216, 2, 2025, 240, 0, 240),
(216, 3, 2025, 112, 0, 112),
(217, 1, 2025, 120, 0, 120),
(217, 2, 2025, 240, 0, 240),
(217, 3, 2025, 112, 0, 112),
(218, 1, 2025, 112, 16, 96),
(218, 2, 2025, 240, 16, 224),
(218, 3, 2025, 112, 24, 88),
(219, 1, 2025, 120, 0, 120),
(219, 2, 2025, 240, 0, 240),
(219, 3, 2025, 112, 0, 112),
(220, 1, 2025, 120, 0, 120),
(220, 2, 2025, 240, 0, 240),
(220, 3, 2025, 112, 0, 112),
(221, 1, 2025, 120, 0, 120),
(221, 2, 2025, 240, 0, 240),
(221, 3, 2025, 112, 0, 112),
(222, 1, 2025, 120, 0, 120),
(222, 2, 2025, 240, 56, 184),
(222, 3, 2025, 112, 0, 112),
(223, 1, 2025, 112, 0, 112),
(223, 2, 2025, 240, 0, 240),
(223, 3, 2025, 112, 40, 72),
(224, 1, 2025, 120, 0, 120),
(224, 2, 2025, 240, 0, 240),
(224, 3, 2025, 112, 0, 112),
(225, 1, 2025, 112, 0, 112),
(225, 2, 2025, 240, 0, 240),
(225, 3, 2025, 112, 0, 112),
(226, 1, 2025, 120, 0, 120),
(226, 2, 2025, 240, 0, 240),
(226, 3, 2025, 112, 8, 104),
(227, 1, 2025, 160, 0, 160),
(227, 2, 2025, 240, 0, 240),
(227, 3, 2025, 112, 0, 112),
(228, 1, 2025, 112, 0, 112),
(228, 2, 2025, 240, 0, 240),
(228, 3, 2025, 112, 0, 112),
(229, 1, 2025, 80, 0, 80),
(229, 2, 2025, 240, 0, 240),
(229, 3, 2025, 112, 0, 112),
(230, 1, 2025, 112, 24, 88),
(230, 2, 2025, 240, 8, 232),
(230, 3, 2025, 112, 0, 112),
(231, 1, 2025, 120, 0, 120),
(231, 2, 2025, 240, 0, 240),
(231, 3, 2025, 112, 0, 112),
(232, 1, 2025, 120, 0, 120),
(232, 2, 2025, 240, 0, 240),
(232, 3, 2025, 112, 0, 112),
(233, 1, 2025, 80, 0, 80),
(233, 2, 2025, 240, 0, 240),
(233, 3, 2025, 112, 0, 112),
(234, 1, 2025, 120, 0, 120),
(234, 2, 2025, 240, 0, 240),
(234, 3, 2025, 112, 0, 112),
(235, 1, 2025, 112, 0, 112),
(235, 2, 2025, 240, 0, 240),
(235, 3, 2025, 112, 0, 112),
(236, 1, 2025, 120, 0, 120),
(236, 2, 2025, 240, 0, 240),
(236, 3, 2025, 112, 0, 112),
(237, 1, 2025, 120, 0, 120),
(237, 2, 2025, 240, 0, 240),
(237, 3, 2025, 112, 0, 112),
(238, 1, 2025, 120, 0, 120),
(238, 2, 2025, 240, 0, 240),
(238, 3, 2025, 112, 0, 112),
(239, 1, 2025, 112, 0, 112),
(239, 2, 2025, 240, 0, 240),
(239, 3, 2025, 112, 0, 112),
(240, 1, 2025, 120, 0, 120),
(240, 2, 2025, 240, 24, 216),
(240, 3, 2025, 112, 0, 112),
(241, 1, 2025, 120, 0, 120),
(241, 2, 2025, 240, 16, 224),
(241, 3, 2025, 112, 0, 112),
(242, 1, 2025, 120, 0, 120),
(242, 2, 2025, 240, 0, 240),
(242, 3, 2025, 112, 0, 112),
(243, 1, 2025, 120, 0, 120),
(243, 2, 2025, 240, 4, 236),
(243, 3, 2025, 112, 0, 112),
(244, 1, 2025, 120, 0, 120),
(244, 2, 2025, 240, 0, 240),
(244, 3, 2025, 112, 0, 112),
(245, 1, 2025, 112, 0, 112),
(245, 2, 2025, 240, 32, 208),
(245, 3, 2025, 112, 16, 96),
(246, 1, 2025, 112, 0, 112),
(246, 2, 2025, 240, 0, 240),
(246, 3, 2025, 112, 0, 112),
(247, 1, 2025, 160, 40, 120),
(247, 2, 2025, 240, 16, 224),
(247, 3, 2025, 112, 16, 96),
(248, 1, 2025, 120, 0, 120),
(248, 2, 2025, 240, 0, 240),
(248, 3, 2025, 112, 36, 76),
(249, 1, 2025, 120, 0, 120),
(249, 2, 2025, 240, 0, 240),
(249, 3, 2025, 112, 0, 112),
(250, 1, 2025, 112, 0, 112),
(250, 2, 2025, 240, 0, 240),
(250, 3, 2025, 112, 0, 112),
(251, 1, 2025, 112, 0, 112),
(251, 2, 2025, 240, 0, 240),
(251, 3, 2025, 112, 32, 80),
(252, 1, 2025, 120, 0, 120),
(252, 2, 2025, 240, 0, 240),
(252, 3, 2025, 112, 0, 112),
(253, 1, 2025, 120, 0, 120),
(253, 2, 2025, 240, 0, 240),
(253, 3, 2025, 112, 0, 112),
(254, 1, 2025, 120, 0, 120),
(254, 2, 2025, 240, 0, 240),
(254, 3, 2025, 112, 0, 112),
(255, 1, 2025, 120, 0, 120),
(255, 2, 2025, 240, 0, 240),
(255, 3, 2025, 112, 0, 112),
(256, 1, 2025, 120, 32, 88),
(256, 2, 2025, 240, 16, 224),
(256, 3, 2025, 112, 40, 72),
(257, 1, 2025, 112, 0, 112),
(257, 2, 2025, 240, 0, 240),
(257, 3, 2025, 112, 0, 112),
(258, 1, 2025, 120, 0, 120),
(258, 2, 2025, 240, 0, 240),
(258, 3, 2025, 112, 0, 112),
(259, 1, 2025, 120, 0, 120),
(259, 2, 2025, 240, 0, 240),
(259, 3, 2025, 112, 0, 112),
(260, 1, 2025, 120, 0, 120),
(260, 2, 2025, 240, 0, 240),
(260, 3, 2025, 112, 0, 112),
(261, 1, 2025, 120, 0, 120),
(261, 2, 2025, 240, 0, 240),
(261, 3, 2025, 112, 0, 112),
(262, 1, 2025, 160, 0, 160),
(262, 2, 2025, 240, 0, 240),
(262, 3, 2025, 112, 0, 112),
(263, 1, 2025, 120, 0, 120),
(263, 2, 2025, 240, 0, 240),
(263, 3, 2025, 112, 0, 112),
(264, 1, 2025, 120, 0, 120),
(264, 2, 2025, 240, 0, 240),
(264, 3, 2025, 112, 0, 112),
(265, 1, 2025, 120, 16, 104),
(265, 2, 2025, 240, 0, 240),
(265, 3, 2025, 112, 56, 56),
(266, 1, 2025, 120, 0, 120),
(266, 2, 2025, 240, 0, 240),
(266, 3, 2025, 112, 0, 112),
(267, 1, 2025, 112, 24, 88),
(267, 2, 2025, 240, 64, 176),
(267, 3, 2025, 112, 0, 112),
(268, 1, 2025, 80, 0, 80),
(268, 2, 2025, 240, 0, 240),
(268, 3, 2025, 112, 0, 112),
(269, 1, 2025, 120, 0, 120),
(269, 2, 2025, 240, 0, 240),
(269, 3, 2025, 112, 0, 112),
(270, 1, 2025, 80, 0, 80),
(270, 2, 2025, 240, 0, 240),
(270, 3, 2025, 112, 0, 112),
(271, 1, 2025, 120, 0, 120),
(271, 2, 2025, 240, 0, 240),
(271, 3, 2025, 112, 0, 112),
(272, 1, 2025, 120, 0, 120),
(272, 2, 2025, 240, 0, 240),
(272, 3, 2025, 112, 0, 112),
(273, 1, 2025, 120, 0, 120),
(273, 2, 2025, 240, 0, 240),
(273, 3, 2025, 112, 0, 112),
(274, 1, 2025, 120, 0, 120),
(274, 2, 2025, 240, 0, 240),
(274, 3, 2025, 112, 0, 112),
(275, 1, 2025, 120, 0, 120),
(275, 2, 2025, 240, 0, 240),
(275, 3, 2025, 112, 0, 112),
(276, 1, 2025, 112, 0, 112),
(276, 2, 2025, 240, 0, 240),
(276, 3, 2025, 112, 0, 112),
(277, 1, 2025, 120, 0, 120),
(277, 2, 2025, 240, 0, 240),
(277, 3, 2025, 112, 0, 112),
(278, 1, 2025, 80, 8, 72),
(278, 2, 2025, 240, 36, 204),
(278, 3, 2025, 112, 0, 112),
(279, 1, 2025, 112, 32, 80),
(279, 2, 2025, 240, 0, 240),
(279, 3, 2025, 112, 56, 56),
(280, 1, 2025, 120, 0, 120),
(280, 2, 2025, 240, 0, 240),
(280, 3, 2025, 112, 0, 112),
(281, 1, 2025, 80, 0, 80),
(281, 2, 2025, 240, 0, 240),
(281, 3, 2025, 112, 40, 72),
(282, 1, 2025, 80, 40, 40),
(282, 2, 2025, 240, 0, 240),
(282, 3, 2025, 112, 0, 112),
(283, 1, 2025, 80, 16, 64),
(283, 2, 2025, 240, 32, 208),
(283, 3, 2025, 112, 24, 88),
(284, 1, 2025, 120, 0, 120),
(284, 2, 2025, 240, 0, 240),
(284, 3, 2025, 112, 0, 112),
(285, 1, 2025, 112, 0, 112),
(285, 2, 2025, 240, 0, 240),
(285, 3, 2025, 112, 0, 112),
(286, 1, 2025, 120, 0, 120),
(286, 2, 2025, 240, 0, 240),
(286, 3, 2025, 112, 0, 112),
(287, 1, 2025, 80, 0, 80),
(287, 2, 2025, 240, 0, 240),
(287, 3, 2025, 112, 0, 112),
(288, 1, 2025, 120, 0, 120),
(288, 2, 2025, 240, 0, 240),
(288, 3, 2025, 112, 0, 112),
(289, 1, 2025, 120, 0, 120),
(289, 2, 2025, 240, 0, 240),
(289, 3, 2025, 112, 40, 72),
(290, 1, 2025, 120, 0, 120),
(290, 2, 2025, 240, 0, 240),
(290, 3, 2025, 112, 0, 112),
(291, 1, 2025, 120, 0, 120),
(291, 2, 2025, 240, 0, 240),
(291, 3, 2025, 112, 0, 112),
(292, 1, 2025, 120, 0, 120),
(292, 2, 2025, 240, 0, 240),
(292, 3, 2025, 112, 0, 112),
(293, 1, 2025, 112, 0, 112),
(293, 2, 2025, 240, 0, 240),
(293, 3, 2025, 112, 0, 112),
(294, 1, 2025, 120, 0, 120),
(294, 2, 2025, 240, 0, 240),
(294, 3, 2025, 112, 0, 112),
(295, 1, 2025, 120, 0, 120),
(295, 2, 2025, 240, 0, 240),
(295, 3, 2025, 112, 0, 112),
(296, 1, 2025, 112, 0, 112),
(296, 2, 2025, 240, 0, 240),
(296, 3, 2025, 112, 0, 112),
(297, 1, 2025, 80, 0, 80),
(297, 2, 2025, 240, 0, 240),
(297, 3, 2025, 112, 0, 112),
(298, 1, 2025, 80, 40, 40),
(298, 2, 2025, 240, 0, 240),
(298, 3, 2025, 112, 0, 112),
(299, 1, 2025, 80, 4, 76),
(299, 2, 2025, 240, 32, 208),
(299, 3, 2025, 112, 8, 104),
(300, 1, 2025, 120, 0, 120),
(300, 2, 2025, 240, 0, 240),
(300, 3, 2025, 112, 0, 112),
(301, 1, 2025, 120, 0, 120),
(301, 2, 2025, 240, 0, 240),
(301, 3, 2025, 112, 0, 112),
(302, 1, 2025, 120, 0, 120),
(302, 2, 2025, 240, 0, 240),
(302, 3, 2025, 112, 0, 112),
(303, 1, 2025, 80, 0, 80),
(303, 2, 2025, 240, 0, 240),
(303, 3, 2025, 112, 80, 32),
(304, 1, 2025, 80, 0, 80),
(304, 2, 2025, 240, 0, 240),
(304, 3, 2025, 112, 0, 112),
(305, 1, 2025, 120, 0, 120),
(305, 2, 2025, 240, 0, 240),
(305, 3, 2025, 112, 0, 112),
(306, 1, 2025, 120, 4, 116),
(306, 2, 2025, 240, 0, 240),
(306, 3, 2025, 112, 0, 112),
(307, 1, 2025, 120, 0, 120),
(307, 2, 2025, 240, 0, 240),
(307, 3, 2025, 112, 0, 112),
(308, 1, 2025, 120, 0, 120),
(308, 2, 2025, 240, 0, 240),
(308, 3, 2025, 112, 0, 112),
(309, 1, 2025, 120, 40, 80),
(309, 2, 2025, 240, 0, 240),
(309, 3, 2025, 112, 40, 72),
(310, 1, 2025, 120, 48, 72),
(310, 2, 2025, 240, 0, 240),
(310, 3, 2025, 112, 40, 72),
(311, 1, 2025, 120, 0, 120),
(311, 2, 2025, 240, 0, 240),
(311, 3, 2025, 112, 0, 112),
(312, 1, 2025, 120, 0, 120),
(312, 2, 2025, 240, 0, 240),
(312, 3, 2025, 112, 0, 112),
(313, 1, 2025, 160, 0, 160),
(313, 2, 2025, 240, 0, 240),
(313, 3, 2025, 112, 0, 112),
(314, 1, 2025, 112, 0, 112),
(314, 2, 2025, 240, 0, 240),
(314, 3, 2025, 112, 0, 112),
(315, 1, 2025, 120, 0, 120),
(315, 2, 2025, 240, 0, 240),
(315, 3, 2025, 112, 0, 112),
(316, 1, 2025, 120, 0, 120),
(316, 2, 2025, 240, 0, 240),
(316, 3, 2025, 112, 0, 112),
(317, 1, 2025, 120, 0, 120),
(317, 2, 2025, 240, 0, 240),
(317, 3, 2025, 112, 0, 112),
(318, 1, 2025, 120, 0, 120),
(318, 2, 2025, 240, 0, 240),
(318, 3, 2025, 112, 0, 112),
(319, 1, 2025, 112, 0, 112),
(319, 2, 2025, 240, 0, 240),
(319, 3, 2025, 112, 0, 112),
(320, 1, 2025, 112, 16, 96),
(320, 2, 2025, 240, 0, 240),
(320, 3, 2025, 112, 0, 112);
-- =============================================
-- 請假申請
-- =============================================
-- 插入請假單資料
INSERT INTO `t_leave_application` (`employee_id`, `leave_type_id`, `start_datetime`, `end_datetime`, `leave_hours`, `reason`, `proxy_employee_id`, `status`, `application_datetime`, `approver_employee_id`, `approval_reason`, `approval_datetime`, `file_path`, `file_name`) VALUES
(141, 1, '2025-03-28 08:00:00', '2025-03-29 16:00:00', 32, '休假規劃', 140, '已核准', '2025-03-24 08:00:00', 14, '符合請假規定，准予請假。', '2025-03-24 21:00:00', NULL, NULL),
(278, 2, '2024-10-25 08:00:00', '2024-10-25 12:00:00', 4, '身體不適', 279, '已核准', '2024-10-15 08:00:00', 34, '已確認請假時間無重要工作，准予請假。', '2024-10-16 18:00:00', NULL, NULL),
(278, 2, '2024-10-18 08:00:00', '2024-10-19 16:00:00', 32, '身體不舒服需要休息', 280, '已核准', '2024-10-09 08:00:00', 34, '符合請假規定，准予請假。', '2024-10-10 10:00:00', NULL, NULL),
(278, 1, '2024-12-06 09:00:00', '2024-12-06 17:00:00', 8, '旅遊計畫', 279, '已核准', '2024-12-02 09:00:00', 34, '符合請假規定，准予請假。', '2024-12-03 20:00:00', NULL, NULL),
(167, 1, '2024-11-08 08:00:00', '2024-11-10 00:00:00', 40, '休假規劃', 173, '已核准', '2024-11-05 08:00:00', 18, '已安排人力支援，同意請假。', '2024-11-05 15:00:00', NULL, NULL),
(167, 2, '2025-03-27 15:00:00', '2025-03-29 07:00:00', 40, '身體不舒服需要休息', 166, '已核准', '2025-03-24 15:00:00', 18, '已安排人力支援，同意請假。', '2025-03-25 14:00:00', NULL, NULL),
(167, 3, '2025-04-10 09:00:00', '2025-04-10 17:00:00', 8, '參加親友婚禮', 169, '已核准', '2025-03-27 09:00:00', 18, '已確認請假時間無重要工作，准予請假。', '2025-03-28 02:00:00', '/uploads/leave/167_3_3.pdf', '請假證明_3_3.pdf'),
(166, 1, '2025-02-17 08:00:00', '2025-02-18 00:00:00', 16, '個人休息', 174, '已核准', '2025-02-05 08:00:00', 18, '符合請假規定，准予請假。', '2025-02-06 08:00:00', '/uploads/leave/166_1_55.pdf', '請假證明_1_55.pdf'),
(166, 3, '2025-03-03 10:00:00', '2025-03-04 10:00:00', 24, '家庭事務', 167, '待審核', '2025-03-01 10:00:00', 18, '', NULL, NULL, NULL),
(188, 2, '2025-01-22 15:00:00', '2025-01-24 07:00:00', 40, '就醫看診', 185, '已核准', '2025-01-12 15:00:00', 20, '符合請假規定，准予請假。', '2025-01-14 13:00:00', NULL, NULL),
(172, 1, '2025-03-10 13:00:00', '2025-03-11 13:00:00', 24, '個人休息', 175, '已核准', '2025-02-27 13:00:00', 18, '已確認請假時間無重要工作，准予請假。', '2025-02-28 18:00:00', NULL, NULL),
(172, 3, '2025-04-01 09:00:00', '2025-04-01 17:00:00', 8, '家庭事務', 165, '已核准', '2025-03-31 09:00:00', 18, '已安排人力支援，同意請假。', '2025-04-01 15:00:00', '/uploads/leave/172_3_12.pdf', '請假證明_3_12.pdf'),
(92, 3, '2025-03-12 14:00:00', '2025-03-13 06:00:00', 16, '臨時有事需處理', 90, '已核准', '2025-03-10 14:00:00', 7, '已安排人力支援，同意請假。', '2025-03-11 10:00:00', NULL, NULL),
(92, 2, '2024-11-15 13:00:00', '2024-11-15 17:00:00', 4, '身體不適', 7, '已核准', '2024-11-04 13:00:00', 7, '符合請假規定，准予請假。', '2024-11-06 02:00:00', NULL, NULL),
(83, 2, '2025-02-14 08:00:00', '2025-02-15 16:00:00', 32, '牙科治療', 87, '已核准', '2025-02-04 08:00:00', 5, '已確認請假時間無重要工作，准予請假。', '2025-02-05 06:00:00', NULL, NULL),
(283, 3, '2025-01-17 13:00:00', '2025-01-18 13:00:00', 24, '臨時有事需處理', 282, '已核准', '2025-01-11 13:00:00', 35, '已確認請假時間無重要工作，准予請假。', '2025-01-12 19:00:00', NULL, NULL),
(283, 1, '2025-04-10 10:00:00', '2025-04-11 02:00:00', 16, '個人休息', 281, '已核准', '2025-04-09 10:00:00', 35, '已安排人力支援，同意請假。', '2025-04-10 21:00:00', NULL, NULL),
(283, 2, '2025-04-07 08:00:00', '2025-04-08 16:00:00', 32, '身體不舒服需要休息', 282, '已核准', '2025-03-30 08:00:00', 35, '已安排人力支援，同意請假。', '2025-04-01 08:00:00', NULL, NULL),
(211, 1, '2025-04-08 14:00:00', '2025-04-10 06:00:00', 40, '休假規劃', 210, '已核准', '2025-04-03 14:00:00', 23, '已確認請假時間無重要工作，准予請假。', '2025-04-04 23:00:00', NULL, NULL),
(211, 1, '2024-11-19 08:00:00', '2024-11-20 16:00:00', 32, '家庭活動', 212, '已核准', '2024-11-15 08:00:00', 23, '已確認請假時間無重要工作，准予請假。', '2024-11-17 04:00:00', NULL, NULL),
(211, 2, '2025-01-30 08:00:00', '2025-01-31 08:00:00', 24, '身體不適', 212, '已核准', '2025-01-23 08:00:00', 23, '已安排人力支援，同意請假。', '2025-01-25 06:00:00', NULL, NULL),
(265, 1, '2025-02-06 15:00:00', '2025-02-07 07:00:00', 16, '旅遊計畫', 259, '已核准', '2025-01-28 15:00:00', 31, '已確認請假時間無重要工作，准予請假。', '2025-01-29 11:00:00', '/uploads/leave/265_1_66.pdf', '請假證明_1_66.pdf'),
(265, 3, '2024-12-27 10:00:00', '2024-12-29 02:00:00', 40, '參加親友婚禮', 257, '已核准', '2024-12-14 10:00:00', 31, '已安排人力支援，同意請假。', '2024-12-16 01:00:00', NULL, NULL),
(265, 3, '2024-10-17 10:00:00', '2024-10-18 02:00:00', 16, '個人事務處理', 258, '已核准', '2024-10-10 10:00:00', 31, '符合請假規定，准予請假。', '2024-10-11 14:00:00', NULL, NULL),
(41, 1, '2025-01-10 09:00:00', '2025-01-12 01:00:00', 40, '旅遊計畫', 42, '已核准', '2025-01-04 09:00:00', 1, '已安排人力支援，同意請假。', '2025-01-04 14:00:00', NULL, NULL),
(289, 3, '2025-01-08 08:00:00', '2025-01-09 16:00:00', 32, '家庭事務', 286, '已核准', '2024-12-29 08:00:00', 35, '符合請假規定，准予請假。', '2024-12-31 02:00:00', NULL, NULL),
(289, 3, '2024-12-30 08:00:00', '2024-12-30 16:00:00', 8, '個人事務處理', 281, '已核准', '2024-12-20 08:00:00', 35, '已確認請假時間無重要工作，准予請假。', '2024-12-20 19:00:00', NULL, NULL),
(127, 1, '2025-01-10 08:00:00', '2025-01-11 16:00:00', 32, '旅遊計畫', 12, '已核准', '2025-01-06 08:00:00', 12, '已確認請假時間無重要工作，准予請假。', '2025-01-07 15:00:00', NULL, NULL),
(85, 3, '2024-12-27 09:00:00', '2024-12-27 17:00:00', 8, '臨時有事需處理', 76, '已核准', '2024-12-22 09:00:00', 5, '已安排人力支援，同意請假。', '2024-12-23 20:00:00', NULL, NULL),
(85, 3, '2025-01-06 15:00:00', '2025-01-07 15:00:00', 24, '臨時有事需處理', 82, '已核准', '2025-01-04 15:00:00', 5, '符合請假規定，准予請假。', '2025-01-06 01:00:00', NULL, NULL),
(85, 2, '2025-02-14 09:00:00', '2025-02-15 09:00:00', 24, '身體不舒服需要休息', 86, '已拒絕', '2025-02-05 09:00:00', 5, '人力不足，請改期請假。', '2025-02-05 15:00:00', '/uploads/leave/85_2_56.pdf', '請假證明_2_56.pdf'),
(124, 3, '2025-02-07 08:00:00', '2025-02-09 00:00:00', 40, '家庭事務', 123, '已核准', '2025-01-27 08:00:00', 12, '已確認請假時間無重要工作，准予請假。', '2025-01-28 06:00:00', '/uploads/leave/124_3_63.pdf', '請假證明_3_63.pdf'),
(124, 1, '2024-11-13 09:00:00', '2024-11-13 13:00:00', 4, '家庭活動', 126, '已拒絕', '2024-11-09 09:00:00', 12, '假期餘額不足，無法核准。', '2024-11-11 04:00:00', NULL, NULL),
(173, 2, '2025-03-07 14:00:00', '2025-03-08 14:00:00', 24, '牙科治療', 174, '已核准', '2025-02-22 14:00:00', 18, '已安排人力支援，同意請假。', '2025-02-22 18:00:00', '/uploads/leave/173_2_36.pdf', '請假證明_2_36.pdf'),
(13, 2, '2025-03-18 14:00:00', '2025-03-20 06:00:00', 40, '感冒發燒', 129, '已核准', '2025-03-11 14:00:00', 9, '已確認請假時間無重要工作，准予請假。', '2025-03-13 11:00:00', NULL, NULL),
(13, 3, '2025-03-07 08:00:00', '2025-03-08 08:00:00', 24, '臨時有事需處理', 129, '已核准', '2025-02-25 08:00:00', 9, '已確認請假時間無重要工作，准予請假。', '2025-02-26 00:00:00', NULL, NULL),
(13, 3, '2024-11-22 09:00:00', '2024-11-22 17:00:00', 8, '處理私人事務', 131, '已核准', '2024-11-17 09:00:00', 9, '已安排人力支援，同意請假。', '2024-11-17 18:00:00', NULL, NULL),
(122, 2, '2025-03-07 09:00:00', '2025-03-07 17:00:00', 8, '牙科治療', 11, '已核准', '2025-02-25 09:00:00', 11, '符合請假規定，准予請假。', '2025-02-25 18:00:00', NULL, NULL),
(122, 3, '2024-11-19 10:00:00', '2024-11-20 10:00:00', 24, '處理私人事務', 117, '已核准', '2024-11-07 10:00:00', 11, '已確認請假時間無重要工作，准予請假。', '2024-11-09 03:00:00', NULL, NULL),
(1, 1, '2024-10-21 10:00:00', '2024-10-21 14:00:00', 4, '休假', 41, '已核准', '2024-10-16 10:00:00', 31, '已安排人力支援，同意請假。', '2024-10-17 06:00:00', NULL, NULL),
(1, 2, '2024-12-18 09:00:00', '2024-12-19 17:00:00', 32, '牙科治療', 42, '已核准', '2024-12-11 09:00:00', 31, '符合請假規定，准予請假。', '2024-12-12 06:00:00', NULL, NULL),
(241, 2, '2025-02-07 09:00:00', '2025-02-07 17:00:00', 8, '就醫看診', 247, '已核准', '2025-01-25 09:00:00', 29, '已安排人力支援，同意請假。', '2025-01-26 20:00:00', NULL, NULL),
(241, 2, '2025-01-31 09:00:00', '2025-01-31 17:00:00', 8, '身體不適', 248, '已核准', '2025-01-21 09:00:00', 29, '符合請假規定，准予請假。', '2025-01-22 07:00:00', NULL, NULL),
(218, 3, '2025-02-27 14:00:00', '2025-02-28 14:00:00', 24, '臨時有事需處理', 220, '已核准', '2025-02-14 14:00:00', 25, '已確認請假時間無重要工作，准予請假。', '2025-02-16 06:00:00', NULL, NULL),
(218, 2, '2025-01-31 10:00:00', '2025-02-01 02:00:00', 16, '身體不適', 217, '已核准', '2025-01-28 10:00:00', 25, '已安排人力支援，同意請假。', '2025-01-29 16:00:00', NULL, NULL),
(218, 1, '2024-10-23 14:00:00', '2024-10-24 06:00:00', 16, '家庭活動', 25, '已核准', '2024-10-13 14:00:00', 25, '符合請假規定，准予請假。', '2024-10-14 23:00:00', '/uploads/leave/218_1_172.pdf', '請假證明_1_172.pdf'),
(153, 2, '2025-03-21 08:00:00', '2025-03-22 16:00:00', 32, '就醫看診', 147, '已核准', '2025-03-08 08:00:00', 15, '符合請假規定，准予請假。', '2025-03-10 00:00:00', '/uploads/leave/153_2_21.pdf', '請假證明_2_21.pdf'),
(251, 3, '2024-12-26 08:00:00', '2024-12-27 16:00:00', 32, '臨時有事需處理', 255, '已核准', '2024-12-25 08:00:00', 30, '已安排人力支援，同意請假。', '2024-12-25 20:00:00', NULL, NULL),
(28, 3, '2025-03-21 09:00:00', '2025-03-21 13:00:00', 4, '臨時有事需處理', 240, '已核准', '2025-03-10 09:00:00', 27, '符合請假規定，准予請假。', '2025-03-11 21:00:00', NULL, NULL),
(28, 2, '2024-11-22 10:00:00', '2024-11-24 02:00:00', 40, '身體不舒服需要休息', 236, '已核准', '2024-11-21 10:00:00', 27, '符合請假規定，准予請假。', '2024-11-22 21:00:00', '/uploads/leave/28_2_142.pdf', '請假證明_2_142.pdf'),
(28, 1, '2024-12-20 09:00:00', '2024-12-20 17:00:00', 8, '休假', 234, '已拒絕', '2024-12-15 09:00:00', 27, '提交資料不完整，請重新申請。', '2024-12-16 20:00:00', NULL, NULL),
(125, 2, '2025-03-27 09:00:00', '2025-03-27 17:00:00', 8, '身體不舒服需要休息', 126, '已核准', '2025-03-14 09:00:00', 12, '符合請假規定，准予請假。', '2025-03-16 09:00:00', NULL, NULL),
(125, 2, '2024-12-09 08:00:00', '2024-12-10 16:00:00', 32, '牙科治療', 126, '已核准', '2024-11-28 08:00:00', 12, '已安排人力支援，同意請假。', '2024-11-29 13:00:00', NULL, NULL),
(125, 1, '2025-01-07 15:00:00', '2025-01-09 07:00:00', 40, '休假規劃', 127, '已核准', '2025-01-04 15:00:00', 12, '已安排人力支援，同意請假。', '2025-01-05 18:00:00', NULL, NULL),
(31, 1, '2025-01-17 13:00:00', '2025-01-17 17:00:00', 4, '家庭活動', 261, '已核准', '2025-01-16 13:00:00', 30, '已確認請假時間無重要工作，准予請假。', '2025-01-18 01:00:00', NULL, NULL),
(31, 2, '2025-01-07 09:00:00', '2025-01-07 17:00:00', 8, '感冒發燒', 259, '已核准', '2024-12-31 09:00:00', 30, '已確認請假時間無重要工作，准予請假。', '2025-01-01 12:00:00', NULL, NULL),
(31, 3, '2025-01-30 08:00:00', '2025-01-31 16:00:00', 32, '處理私人事務', 261, '已核准', '2025-01-23 08:00:00', 30, '已確認請假時間無重要工作，准予請假。', '2025-01-24 15:00:00', NULL, NULL),
(226, 2, '2025-01-02 09:00:00', '2025-01-03 17:00:00', 32, '就醫看診', 224, '待審核', '2024-12-28 09:00:00', 26, '', NULL, NULL, NULL),
(226, 3, '2025-01-03 09:00:00', '2025-01-03 17:00:00', 8, '臨時有事需處理', 26, '已核准', '2024-12-27 09:00:00', 26, '符合請假規定，准予請假。', '2024-12-28 15:00:00', '/uploads/leave/226_3_100.pdf', '請假證明_3_100.pdf'),
(168, 2, '2024-10-16 08:00:00', '2024-10-16 16:00:00', 8, '感冒發燒', 166, '已核准', '2024-10-07 08:00:00', 18, '符合請假規定，准予請假。', '2024-10-08 19:00:00', NULL, NULL),
(168, 2, '2025-01-07 13:00:00', '2025-01-08 05:00:00', 16, '牙科治療', 164, '已核准', '2025-01-02 13:00:00', 18, '已確認請假時間無重要工作，准予請假。', '2025-01-02 23:00:00', '/uploads/leave/168_2_96.pdf', '請假證明_2_96.pdf'),
(168, 2, '2024-10-28 13:00:00', '2024-10-28 17:00:00', 4, '就醫看診', 175, '已核准', '2024-10-27 13:00:00', 18, '符合請假規定，准予請假。', '2024-10-28 20:00:00', NULL, NULL),
(38, 3, '2024-11-25 13:00:00', '2024-11-25 17:00:00', 4, '臨時有事需處理', 303, '已核准', '2024-11-20 13:00:00', 33, '已安排人力支援，同意請假。', '2024-11-22 09:00:00', NULL, NULL),
(38, 3, '2024-11-29 15:00:00', '2024-11-30 15:00:00', 24, '參加親友婚禮', 305, '已核准', '2024-11-21 15:00:00', 33, '符合請假規定，准予請假。', '2024-11-23 12:00:00', NULL, NULL),
(194, 2, '2024-12-12 09:00:00', '2024-12-13 01:00:00', 16, '感冒發燒', 197, '已核准', '2024-12-07 09:00:00', 21, '已確認請假時間無重要工作，准予請假。', '2024-12-07 19:00:00', '/uploads/leave/194_2_122.pdf', '請假證明_2_122.pdf'),
(194, 3, '2024-12-10 15:00:00', '2024-12-12 07:00:00', 40, '處理私人事務', 189, '已核准', '2024-12-04 15:00:00', 21, '符合請假規定，准予請假。', '2024-12-06 15:00:00', NULL, NULL),
(6, 3, '2025-01-30 08:00:00', '2025-01-30 16:00:00', 8, '參加親友婚禮', 88, '已核准', '2025-01-27 08:00:00', 1, '已安排人力支援，同意請假。', '2025-01-28 22:00:00', NULL, NULL),
(6, 3, '2025-02-11 15:00:00', '2025-02-12 07:00:00', 16, '參加親友婚禮', 89, '已核准', '2025-02-05 15:00:00', 1, '已確認請假時間無重要工作，准予請假。', '2025-02-06 05:00:00', NULL, NULL),
(5, 2, '2024-11-29 14:00:00', '2024-11-30 14:00:00', 24, '就醫看診', 74, '已核准', '2024-11-28 14:00:00', 2, '已安排人力支援，同意請假。', '2024-11-30 13:00:00', NULL, NULL),
(5, 3, '2025-02-21 14:00:00', '2025-02-22 14:00:00', 24, '處理私人事務', 80, '待審核', '2025-02-12 14:00:00', 2, '', NULL, NULL, NULL),
(5, 2, '2025-01-14 09:00:00', '2025-01-14 17:00:00', 8, '牙科治療', 82, '已核准', '2025-01-13 09:00:00', 2, '已確認請假時間無重要工作，准予請假。', '2025-01-15 08:00:00', NULL, NULL),
(48, 1, '2025-02-18 15:00:00', '2025-02-19 15:00:00', 24, '家庭活動', 49, '已拒絕', '2025-02-16 15:00:00', 3, '人力不足，請改期請假。', '2025-02-17 00:00:00', NULL, NULL),
(48, 3, '2024-12-13 10:00:00', '2024-12-15 02:00:00', 40, '個人事務處理', 51, '已核准', '2024-12-05 10:00:00', 3, '符合請假規定，准予請假。', '2024-12-06 15:00:00', NULL, NULL),
(48, 2, '2025-03-13 13:00:00', '2025-03-14 05:00:00', 16, '牙科治療', 49, '已核准', '2025-03-06 13:00:00', 3, '已安排人力支援，同意請假。', '2025-03-07 03:00:00', NULL, NULL),
(306, 1, '2025-03-21 13:00:00', '2025-03-21 17:00:00', 4, '休假規劃', 309, '已核准', '2025-03-20 13:00:00', 39, '已安排人力支援，同意請假。', '2025-03-21 00:00:00', NULL, NULL),
(128, 1, '2024-11-01 08:00:00', '2024-11-02 16:00:00', 32, '旅遊計畫', 129, '已核准', '2024-10-29 08:00:00', 13, '符合請假規定，准予請假。', '2024-10-30 15:00:00', NULL, NULL),
(128, 1, '2025-01-06 09:00:00', '2025-01-06 17:00:00', 8, '家庭活動', 129, '已核准', '2024-12-30 09:00:00', 13, '已確認請假時間無重要工作，准予請假。', '2024-12-31 22:00:00', NULL, NULL),
(176, 1, '2024-12-20 13:00:00', '2024-12-22 05:00:00', 40, '休假規劃', 177, '已核准', '2024-12-07 13:00:00', 18, '已安排人力支援，同意請假。', '2024-12-09 11:00:00', NULL, NULL),
(176, 3, '2025-03-28 13:00:00', '2025-03-28 17:00:00', 4, '參加親友婚禮', 174, '已核准', '2025-03-18 13:00:00', 18, '已安排人力支援，同意請假。', '2025-03-20 06:00:00', NULL, NULL),
(78, 3, '2024-11-22 13:00:00', '2024-11-22 17:00:00', 4, '個人事務處理', 83, '已核准', '2024-11-15 13:00:00', 5, '符合請假規定，准予請假。', '2024-11-16 05:00:00', NULL, NULL),
(78, 1, '2025-04-08 10:00:00', '2025-04-09 02:00:00', 16, '休假規劃', 76, '已核准', '2025-04-04 10:00:00', 5, '符合請假規定，准予請假。', '2025-04-06 06:00:00', '/uploads/leave/78_1_5.pdf', '請假證明_1_5.pdf'),
(273, 2, '2024-12-12 13:00:00', '2024-12-13 05:00:00', 16, '身體不舒服需要休息', 32, '待審核', '2024-12-09 13:00:00', 32, '', NULL, NULL, NULL),
(50, 3, '2025-04-11 13:00:00', '2025-04-12 05:00:00', 16, '參加親友婚禮', 55, '已拒絕', '2025-03-29 13:00:00', 3, '人力不足，請改期請假。', '2025-03-31 13:00:00', '/uploads/leave/50_3_2.pdf', '請假證明_3_2.pdf'),
(50, 3, '2025-01-15 09:00:00', '2025-01-15 13:00:00', 4, '處理私人事務', 56, '已核准', '2025-01-14 09:00:00', 3, '已確認請假時間無重要工作，准予請假。', '2025-01-14 23:00:00', NULL, NULL),
(50, 1, '2024-12-23 15:00:00', '2024-12-24 07:00:00', 16, '家庭活動', 49, '已核准', '2024-12-16 15:00:00', 3, '符合請假規定，准予請假。', '2024-12-18 14:00:00', NULL, NULL),
(299, 1, '2025-04-02 10:00:00', '2025-04-02 14:00:00', 4, '家庭活動', 300, '已核准', '2025-03-26 10:00:00', 37, '已確認請假時間無重要工作，准予請假。', '2025-03-27 01:00:00', NULL, NULL),
(299, 3, '2025-01-08 09:00:00', '2025-01-08 17:00:00', 8, '參加親友婚禮', 301, '已核准', '2024-12-29 09:00:00', 37, '符合請假規定，准予請假。', '2024-12-30 19:00:00', '/uploads/leave/299_3_95.pdf', '請假證明_3_95.pdf'),
(299, 2, '2025-02-18 08:00:00', '2025-02-19 16:00:00', 32, '身體不舒服需要休息', 298, '已核准', '2025-02-11 08:00:00', 37, '已安排人力支援，同意請假。', '2025-02-12 14:00:00', NULL, NULL),
(22, 1, '2024-11-22 14:00:00', '2024-11-23 06:00:00', 16, '家庭活動', 208, '已拒絕', '2024-11-08 14:00:00', 20, '與重要工作時間衝突，請協調後重新申請。', '2024-11-09 23:00:00', NULL, NULL),
(68, 2, '2025-02-21 13:00:00', '2025-02-21 17:00:00', 4, '就醫看診', 72, '已核准', '2025-02-19 13:00:00', 4, '已安排人力支援，同意請假。', '2025-02-20 17:00:00', NULL, NULL),
(68, 2, '2024-10-18 13:00:00', '2024-10-19 05:00:00', 16, '就醫看診', 67, '待審核', '2024-10-17 13:00:00', 4, '', NULL, NULL, NULL),
(68, 3, '2024-11-21 09:00:00', '2024-11-21 17:00:00', 8, '個人事務處理', 73, '已核准', '2024-11-15 09:00:00', 4, '已安排人力支援，同意請假。', '2024-11-17 07:00:00', NULL, NULL),
(110, 1, '2024-11-15 08:00:00', '2024-11-16 16:00:00', 32, '個人休息', 10, '已核准', '2024-11-06 08:00:00', 10, '已安排人力支援，同意請假。', '2024-11-07 00:00:00', NULL, NULL),
(110, 3, '2024-12-02 08:00:00', '2024-12-03 16:00:00', 32, '個人事務處理', 109, '已核准', '2024-11-22 08:00:00', 10, '已確認請假時間無重要工作，准予請假。', '2024-11-23 19:00:00', '/uploads/leave/110_3_132.pdf', '請假證明_3_132.pdf'),
(98, 3, '2025-03-07 13:00:00', '2025-03-07 17:00:00', 4, '家庭事務', 90, '已核准', '2025-03-06 13:00:00', 7, '符合請假規定，准予請假。', '2025-03-07 16:00:00', NULL, NULL),
(20, 2, '2025-02-20 08:00:00', '2025-02-21 00:00:00', 16, '牙科治療', 185, '已核准', '2025-02-10 08:00:00', 16, '符合請假規定，准予請假。', '2025-02-11 18:00:00', NULL, NULL),
(281, 3, '2024-10-28 13:00:00', '2024-10-30 05:00:00', 40, '個人事務處理', 289, '已核准', '2024-10-23 13:00:00', 35, '已確認請假時間無重要工作，准予請假。', '2024-10-24 05:00:00', NULL, NULL),
(243, 2, '2025-03-28 08:00:00', '2025-03-28 12:00:00', 4, '牙科治療', 248, '已核准', '2025-03-23 08:00:00', 29, '符合請假規定，准予請假。', '2025-03-23 16:00:00', NULL, NULL),
(16, 3, '2025-02-11 08:00:00', '2025-02-12 16:00:00', 32, '個人事務處理', 157, '已核准', '2025-02-07 08:00:00', 37, '已確認請假時間無重要工作，准予請假。', '2025-02-08 03:00:00', NULL, NULL),
(256, 2, '2025-02-05 13:00:00', '2025-02-06 05:00:00', 16, '身體不適', 257, '已核准', '2025-01-25 13:00:00', 31, '已確認請假時間無重要工作，准予請假。', '2025-01-27 10:00:00', NULL, NULL),
(256, 3, '2025-03-06 13:00:00', '2025-03-08 05:00:00', 40, '個人事務處理', 260, '已核准', '2025-02-21 13:00:00', 31, '已確認請假時間無重要工作，准予請假。', '2025-02-22 00:00:00', NULL, NULL),
(256, 1, '2025-01-31 08:00:00', '2025-02-01 16:00:00', 32, '休假規劃', 264, '已核准', '2025-01-24 08:00:00', 31, '已確認請假時間無重要工作，准予請假。', '2025-01-25 13:00:00', '/uploads/leave/256_1_70.pdf', '請假證明_1_70.pdf'),
(298, 1, '2024-12-03 09:00:00', '2024-12-04 01:00:00', 16, '家庭活動', 297, '已核准', '2024-11-22 09:00:00', 37, '已安排人力支援，同意請假。', '2024-11-23 14:00:00', NULL, NULL),
(298, 1, '2024-11-22 10:00:00', '2024-11-23 10:00:00', 24, '個人休息', 297, '已核准', '2024-11-08 10:00:00', 37, '符合請假規定，准予請假。', '2024-11-09 00:00:00', NULL, NULL),
(298, 1, '2025-03-28 15:00:00', '2025-03-29 07:00:00', 16, '休假', 37, '待審核', '2025-03-25 15:00:00', 37, '', NULL, NULL, NULL),
(135, 3, '2024-12-05 15:00:00', '2024-12-07 07:00:00', 40, '參加親友婚禮', 138, '已核准', '2024-12-02 15:00:00', 14, '符合請假規定，准予請假。', '2024-12-03 19:00:00', NULL, NULL),
(133, 2, '2024-11-05 09:00:00', '2024-11-05 17:00:00', 8, '就醫看診', 145, '已核准', '2024-10-27 09:00:00', 14, '符合請假規定，准予請假。', '2024-10-28 20:00:00', NULL, NULL),
(61, 3, '2025-03-17 13:00:00', '2025-03-18 13:00:00', 24, '臨時有事需處理', 66, '已核准', '2025-03-13 13:00:00', 4, '符合請假規定，准予請假。', '2025-03-15 05:00:00', NULL, NULL),
(303, 3, '2024-12-27 13:00:00', '2024-12-29 05:00:00', 40, '家庭事務', 38, '已核准', '2024-12-21 13:00:00', 38, '已安排人力支援，同意請假。', '2024-12-21 23:00:00', NULL, NULL),
(303, 2, '2025-01-23 08:00:00', '2025-01-24 08:00:00', 24, '身體不適', 304, '已拒絕', '2025-01-09 08:00:00', 38, '提交資料不完整，請重新申請。', '2025-01-09 17:00:00', NULL, NULL),
(303, 3, '2024-11-01 14:00:00', '2024-11-03 06:00:00', 40, '處理私人事務', 305, '已核准', '2024-10-20 14:00:00', 38, '符合請假規定，准予請假。', '2024-10-21 02:00:00', NULL, NULL),
(282, 1, '2025-01-16 08:00:00', '2025-01-18 00:00:00', 40, '旅遊計畫', 281, '已核准', '2025-01-06 08:00:00', 35, '已安排人力支援，同意請假。', '2025-01-06 22:00:00', NULL, NULL),
(37, 1, '2024-11-11 08:00:00', '2024-11-12 16:00:00', 32, '家庭活動', 301, '已核准', '2024-11-05 08:00:00', 34, '已確認請假時間無重要工作，准予請假。', '2024-11-07 02:00:00', NULL, NULL),
(37, 3, '2024-11-28 14:00:00', '2024-11-30 06:00:00', 40, '處理私人事務', 300, '已核准', '2024-11-21 14:00:00', 34, '符合請假規定，准予請假。', '2024-11-23 09:00:00', NULL, NULL),
(37, 2, '2025-02-24 08:00:00', '2025-02-25 16:00:00', 32, '牙科治療', 301, '已核准', '2025-02-15 08:00:00', 34, '符合請假規定，准予請假。', '2025-02-17 00:00:00', '/uploads/leave/37_2_48.pdf', '請假證明_2_48.pdf'),
(182, 3, '2025-03-21 13:00:00', '2025-03-21 17:00:00', 4, '處理私人事務', 19, '已核准', '2025-03-12 13:00:00', 19, '已確認請假時間無重要工作，准予請假。', '2025-03-13 10:00:00', NULL, NULL),
(182, 2, '2025-01-24 13:00:00', '2025-01-24 17:00:00', 4, '身體不適', 19, '已核准', '2025-01-19 13:00:00', 19, '已安排人力支援，同意請假。', '2025-01-20 16:00:00', NULL, NULL),
(182, 3, '2024-11-01 08:00:00', '2024-11-02 16:00:00', 32, '處理私人事務', 19, '已核准', '2024-10-27 08:00:00', 19, '符合請假規定，准予請假。', '2024-10-28 15:00:00', NULL, NULL),
(86, 1, '2025-01-10 09:00:00', '2025-01-11 17:00:00', 32, '休假規劃', 75, '待審核', '2024-12-28 09:00:00', 5, '', NULL, NULL, NULL),
(86, 1, '2024-12-06 09:00:00', '2024-12-06 17:00:00', 8, '家庭活動', 80, '已核准', '2024-11-25 09:00:00', 5, '已確認請假時間無重要工作，准予請假。', '2024-11-26 23:00:00', NULL, NULL),
(138, 1, '2025-03-24 08:00:00', '2025-03-25 16:00:00', 32, '休假規劃', 134, '已核准', '2025-03-23 08:00:00', 14, '已確認請假時間無重要工作，准予請假。', '2025-03-25 00:00:00', NULL, NULL),
(138, 1, '2024-12-16 08:00:00', '2024-12-18 00:00:00', 40, '休假規劃', 139, '已核准', '2024-12-08 08:00:00', 14, '已安排人力支援，同意請假。', '2024-12-08 22:00:00', '/uploads/leave/138_1_118.pdf', '請假證明_1_118.pdf'),
(138, 1, '2025-03-24 10:00:00', '2025-03-25 10:00:00', 24, '旅遊計畫', 144, '已核准', '2025-03-14 10:00:00', 14, '符合請假規定，准予請假。', '2025-03-15 00:00:00', '/uploads/leave/138_1_20.pdf', '請假證明_1_20.pdf'),
(248, 3, '2025-02-18 10:00:00', '2025-02-18 14:00:00', 4, '處理私人事務', 241, '已核准', '2025-02-14 10:00:00', 29, '符合請假規定，准予請假。', '2025-02-14 14:00:00', '/uploads/leave/248_3_54.pdf', '請假證明_3_54.pdf'),
(248, 3, '2024-10-18 08:00:00', '2024-10-19 16:00:00', 32, '臨時有事需處理', 243, '已核准', '2024-10-11 08:00:00', 29, '符合請假規定，准予請假。', '2024-10-12 03:00:00', NULL, NULL),
(248, 2, '2024-12-11 13:00:00', '2024-12-11 17:00:00', 4, '身體不適', 244, '待審核', '2024-12-04 13:00:00', 29, '', NULL, NULL, NULL),
(47, 2, '2025-02-12 09:00:00', '2025-02-13 09:00:00', 24, '牙科治療', 56, '已核准', '2025-01-31 09:00:00', 3, '已確認請假時間無重要工作，准予請假。', '2025-02-01 16:00:00', '/uploads/leave/47_2_60.pdf', '請假證明_2_60.pdf'),
(47, 2, '2025-01-14 13:00:00', '2025-01-14 17:00:00', 4, '身體不適', 3, '已核准', '2025-01-04 13:00:00', 3, '符合請假規定，准予請假。', '2025-01-05 04:00:00', NULL, NULL),
(47, 2, '2025-01-03 10:00:00', '2025-01-04 02:00:00', 16, '就醫看診', 51, '已核准', '2024-12-21 10:00:00', 3, '符合請假規定，准予請假。', '2024-12-21 18:00:00', NULL, NULL),
(267, 1, '2024-11-26 09:00:00', '2024-11-27 09:00:00', 24, '休假', 271, '已核准', '2024-11-19 09:00:00', 32, '已確認請假時間無重要工作，准予請假。', '2024-11-19 18:00:00', NULL, NULL),
(267, 2, '2025-03-07 08:00:00', '2025-03-08 08:00:00', 24, '感冒發燒', 272, '已核准', '2025-02-21 08:00:00', 32, '已確認請假時間無重要工作，准予請假。', '2025-02-22 00:00:00', NULL, NULL),
(267, 2, '2024-11-29 08:00:00', '2024-12-01 00:00:00', 40, '感冒發燒', 274, '已核准', '2024-11-19 08:00:00', 32, '已確認請假時間無重要工作，准予請假。', '2024-11-21 06:00:00', NULL, NULL),
(230, 2, '2025-01-07 09:00:00', '2025-01-07 17:00:00', 8, '牙科治療', 231, '已核准', '2024-12-30 09:00:00', 28, '已安排人力支援，同意請假。', '2024-12-30 14:00:00', NULL, NULL),
(230, 1, '2025-03-13 14:00:00', '2025-03-14 14:00:00', 24, '家庭活動', 28, '已核准', '2025-03-02 14:00:00', 28, '已安排人力支援，同意請假。', '2025-03-02 21:00:00', NULL, NULL),
(320, 3, '2025-01-07 09:00:00', '2025-01-07 17:00:00', 8, '參加親友婚禮', 316, '已拒絕', '2025-01-01 09:00:00', 40, '提交資料不完整，請重新申請。', '2025-01-01 14:00:00', NULL, NULL),
(320, 1, '2025-03-10 10:00:00', '2025-03-11 02:00:00', 16, '家庭活動', 317, '已核准', '2025-03-03 10:00:00', 40, '已確認請假時間無重要工作，准予請假。', '2025-03-04 16:00:00', NULL, NULL),
(223, 1, '2024-11-29 09:00:00', '2024-11-30 09:00:00', 24, '休假規劃', 26, '待審核', '2024-11-15 09:00:00', 26, '', NULL, NULL, NULL),
(223, 3, '2024-11-04 15:00:00', '2024-11-06 07:00:00', 40, '參加親友婚禮', 26, '已核准', '2024-10-25 15:00:00', 26, '符合請假規定，准予請假。', '2024-10-26 17:00:00', NULL, NULL),
(66, 1, '2025-02-14 13:00:00', '2025-02-15 05:00:00', 16, '休假', 60, '已核准', '2025-02-10 13:00:00', 4, '符合請假規定，准予請假。', '2025-02-12 07:00:00', NULL, NULL),
(66, 2, '2024-11-29 15:00:00', '2024-12-01 07:00:00', 40, '身體不適', 63, '已核准', '2024-11-26 15:00:00', 4, '已安排人力支援，同意請假。', '2024-11-26 21:00:00', '/uploads/leave/66_2_134.pdf', '請假證明_2_134.pdf'),
(111, 1, '2024-12-27 08:00:00', '2024-12-28 00:00:00', 16, '休假規劃', 110, '已核准', '2024-12-13 08:00:00', 10, '符合請假規定，准予請假。', '2024-12-13 15:00:00', NULL, NULL),
(9, 2, '2025-02-05 08:00:00', '2025-02-07 00:00:00', 40, '身體不適', 106, '已核准', '2025-01-30 08:00:00', 10, '已安排人力支援，同意請假。', '2025-01-30 21:00:00', NULL, NULL),
(9, 2, '2025-02-18 14:00:00', '2025-02-19 14:00:00', 24, '感冒發燒', 106, '已核准', '2025-02-09 14:00:00', 10, '已確認請假時間無重要工作，准予請假。', '2025-02-10 16:00:00', NULL, NULL),
(9, 1, '2024-12-04 09:00:00', '2024-12-05 17:00:00', 32, '個人休息', 106, '已核准', '2024-12-02 09:00:00', 10, '已確認請假時間無重要工作，准予請假。', '2024-12-03 00:00:00', NULL, NULL),
(246, 1, '2024-10-28 13:00:00', '2024-10-28 17:00:00', 4, '旅遊計畫', 243, '已拒絕', '2024-10-19 13:00:00', 29, '假期餘額不足，無法核准。', '2024-10-20 16:00:00', NULL, NULL),
(30, 3, '2024-12-23 09:00:00', '2024-12-24 09:00:00', 24, '個人事務處理', 254, '已核准', '2024-12-22 09:00:00', 23, '已安排人力支援，同意請假。', '2024-12-23 16:00:00', NULL, NULL),
(30, 3, '2025-02-21 09:00:00', '2025-02-23 01:00:00', 40, '家庭事務', 252, '已核准', '2025-02-17 09:00:00', 23, '符合請假規定，准予請假。', '2025-02-17 22:00:00', NULL, NULL),
(130, 1, '2024-11-08 09:00:00', '2024-11-08 17:00:00', 8, '休假', 13, '已核准', '2024-10-25 09:00:00', 13, '符合請假規定，准予請假。', '2024-10-25 13:00:00', NULL, NULL),
(105, 1, '2025-03-31 09:00:00', '2025-03-31 17:00:00', 8, '旅遊計畫', 102, '已核准', '2025-03-18 09:00:00', 8, '已確認請假時間無重要工作，准予請假。', '2025-03-19 00:00:00', '/uploads/leave/105_1_13.pdf', '請假證明_1_13.pdf'),
(136, 3, '2025-02-11 14:00:00', '2025-02-13 06:00:00', 40, '臨時有事需處理', 140, '已核准', '2025-01-29 14:00:00', 14, '已確認請假時間無重要工作，准予請假。', '2025-01-31 08:00:00', NULL, NULL),
(136, 3, '2025-01-27 13:00:00', '2025-01-29 05:00:00', 40, '家庭事務', 144, '已核准', '2025-01-15 13:00:00', 14, '符合請假規定，准予請假。', '2025-01-16 14:00:00', '/uploads/leave/136_3_76.pdf', '請假證明_3_76.pdf'),
(136, 2, '2025-01-03 08:00:00', '2025-01-04 16:00:00', 32, '身體不適', 142, '已核准', '2024-12-20 08:00:00', 14, '符合請假規定，准予請假。', '2024-12-21 02:00:00', NULL, NULL),
(190, 1, '2025-04-09 10:00:00', '2025-04-10 02:00:00', 16, '休假', 193, '已核准', '2025-03-28 10:00:00', 21, '已安排人力支援，同意請假。', '2025-03-29 11:00:00', NULL, NULL),
(309, 1, '2024-11-29 14:00:00', '2024-12-01 06:00:00', 40, '休假規劃', 306, '已核准', '2024-11-21 14:00:00', 39, '已安排人力支援，同意請假。', '2024-11-22 00:00:00', NULL, NULL),
(309, 2, '2024-11-26 08:00:00', '2024-11-28 00:00:00', 40, '身體不舒服需要休息', 307, '已拒絕', '2024-11-20 08:00:00', 39, '人力不足，請改期請假。', '2024-11-22 00:00:00', '/uploads/leave/309_2_138.pdf', '請假證明_2_138.pdf'),
(309, 3, '2025-01-31 10:00:00', '2025-02-02 02:00:00', 40, '家庭事務', 312, '已核准', '2025-01-22 10:00:00', 39, '已安排人力支援，同意請假。', '2025-01-23 04:00:00', NULL, NULL),
(52, 3, '2024-11-04 13:00:00', '2024-11-05 13:00:00', 24, '個人事務處理', 50, '已核准', '2024-10-27 13:00:00', 3, '符合請假規定，准予請假。', '2024-10-29 04:00:00', NULL, NULL),
(197, 3, '2025-03-28 08:00:00', '2025-03-30 00:00:00', 40, '臨時有事需處理', 21, '已核准', '2025-03-23 08:00:00', 21, '已確認請假時間無重要工作，准予請假。', '2025-03-23 18:00:00', NULL, NULL),
(197, 2, '2025-01-31 09:00:00', '2025-01-31 17:00:00', 8, '就醫看診', 189, '已核准', '2025-01-21 09:00:00', 21, '符合請假規定，准予請假。', '2025-01-21 14:00:00', NULL, NULL),
(197, 3, '2025-04-03 08:00:00', '2025-04-04 16:00:00', 32, '參加親友婚禮', 196, '已核准', '2025-03-21 08:00:00', 21, '已確認請假時間無重要工作，准予請假。', '2025-03-23 01:00:00', NULL, NULL),
(112, 1, '2025-02-03 14:00:00', '2025-02-04 06:00:00', 16, '個人休息', 113, '已核准', '2025-01-23 14:00:00', 10, '已確認請假時間無重要工作，准予請假。', '2025-01-25 03:00:00', '/uploads/leave/112_1_69.pdf', '請假證明_1_69.pdf'),
(96, 1, '2025-03-10 08:00:00', '2025-03-11 16:00:00', 32, '旅遊計畫', 94, '已核准', '2025-03-02 08:00:00', 7, '符合請假規定，准予請假。', '2025-03-04 05:00:00', NULL, NULL),
(96, 2, '2024-11-01 14:00:00', '2024-11-02 14:00:00', 24, '就醫看診', 94, '已核准', '2024-10-19 14:00:00', 7, '符合請假規定，准予請假。', '2024-10-20 21:00:00', NULL, NULL),
(123, 1, '2025-03-21 13:00:00', '2025-03-22 05:00:00', 16, '個人休息', 127, '已核准', '2025-03-16 13:00:00', 12, '已安排人力支援，同意請假。', '2025-03-18 02:00:00', NULL, NULL),
(123, 2, '2024-12-13 10:00:00', '2024-12-13 14:00:00', 4, '感冒發燒', 124, '已核准', '2024-12-02 10:00:00', 12, '已安排人力支援，同意請假。', '2024-12-04 08:00:00', NULL, NULL),
(123, 1, '2024-11-18 08:00:00', '2024-11-19 16:00:00', 32, '休假規劃', 126, '已核准', '2024-11-12 08:00:00', 12, '符合請假規定，准予請假。', '2024-11-12 17:00:00', NULL, NULL),
(103, 1, '2024-11-18 08:00:00', '2024-11-19 16:00:00', 32, '休假', 102, '已核准', '2024-11-10 08:00:00', 8, '符合請假規定，准予請假。', '2024-11-11 03:00:00', NULL, NULL),
(103, 3, '2024-12-30 10:00:00', '2024-12-30 14:00:00', 4, '臨時有事需處理', 101, '已核准', '2024-12-16 10:00:00', 8, '已確認請假時間無重要工作，准予請假。', '2024-12-17 17:00:00', NULL, NULL),
(103, 3, '2025-03-28 08:00:00', '2025-03-29 16:00:00', 32, '家庭事務', 104, '已核准', '2025-03-21 08:00:00', 8, '已安排人力支援，同意請假。', '2025-03-22 11:00:00', NULL, NULL),
(15, 3, '2025-04-09 09:00:00', '2025-04-09 17:00:00', 8, '家庭事務', 147, '已核准', '2025-04-06 09:00:00', 13, '已安排人力支援，同意請假。', '2025-04-06 23:00:00', NULL, NULL),
(157, 2, '2025-01-10 13:00:00', '2025-01-10 17:00:00', 4, '身體不舒服需要休息', 159, '已核准', '2025-01-03 13:00:00', 16, '已安排人力支援，同意請假。', '2025-01-05 02:00:00', NULL, NULL),
(3, 3, '2024-11-08 08:00:00', '2024-11-09 16:00:00', 32, '處理私人事務', 49, '已核准', '2024-10-28 08:00:00', 2, '符合請假規定，准予請假。', '2024-10-28 13:00:00', NULL, NULL),
(3, 2, '2024-11-28 08:00:00', '2024-11-29 16:00:00', 32, '身體不舒服需要休息', 56, '已核准', '2024-11-16 08:00:00', 2, '符合請假規定，准予請假。', '2024-11-17 18:00:00', '/uploads/leave/3_2_136.pdf', '請假證明_2_136.pdf'),
(3, 3, '2025-02-03 09:00:00', '2025-02-04 09:00:00', 24, '處理私人事務', 47, '已核准', '2025-01-30 09:00:00', 2, '已確認請假時間無重要工作，准予請假。', '2025-01-30 15:00:00', NULL, NULL),
(240, 2, '2025-03-13 14:00:00', '2025-03-14 14:00:00', 24, '感冒發燒', 235, '已核准', '2025-03-03 14:00:00', 28, '已安排人力支援，同意請假。', '2025-03-05 07:00:00', '/uploads/leave/240_2_31.pdf', '請假證明_2_31.pdf'),
(12, 3, '2024-12-05 09:00:00', '2024-12-06 01:00:00', 16, '臨時有事需處理', 123, '已核准', '2024-11-22 09:00:00', 10, '已安排人力支援，同意請假。', '2024-11-23 13:00:00', '/uploads/leave/12_3_129.pdf', '請假證明_3_129.pdf'),
(12, 2, '2025-02-05 08:00:00', '2025-02-05 12:00:00', 4, '身體不適', 124, '已核准', '2025-01-22 08:00:00', 10, '已確認請假時間無重要工作，准予請假。', '2025-01-22 22:00:00', NULL, NULL),
(279, 1, '2024-11-28 08:00:00', '2024-11-29 16:00:00', 32, '個人休息', 280, '已核准', '2024-11-27 08:00:00', 34, '已安排人力支援，同意請假。', '2024-11-28 23:00:00', NULL, NULL),
(279, 3, '2025-01-31 10:00:00', '2025-02-01 10:00:00', 24, '個人事務處理', 280, '已核准', '2025-01-25 10:00:00', 34, '符合請假規定，准予請假。', '2025-01-26 15:00:00', NULL, NULL),
(279, 3, '2025-03-04 08:00:00', '2025-03-05 16:00:00', 32, '臨時有事需處理', 278, '已核准', '2025-02-21 08:00:00', 34, '符合請假規定，准予請假。', '2025-02-21 23:00:00', NULL, NULL),
(131, 2, '2024-12-27 08:00:00', '2024-12-28 08:00:00', 24, '牙科治療', 13, '已核准', '2024-12-21 08:00:00', 13, '已確認請假時間無重要工作，准予請假。', '2024-12-22 08:00:00', NULL, NULL),
(131, 1, '2024-12-09 08:00:00', '2024-12-11 00:00:00', 40, '旅遊計畫', 129, '已核准', '2024-11-26 08:00:00', 13, '已安排人力支援，同意請假。', '2024-11-26 15:00:00', '/uploads/leave/131_1_125.pdf', '請假證明_1_125.pdf'),
(131, 1, '2024-10-16 08:00:00', '2024-10-17 16:00:00', 32, '家庭活動', 128, '已核准', '2024-10-04 08:00:00', 13, '已確認請假時間無重要工作，准予請假。', '2024-10-05 11:00:00', NULL, NULL),
(222, 2, '2024-12-20 09:00:00', '2024-12-20 17:00:00', 8, '身體不適', 225, '已核准', '2024-12-07 09:00:00', 26, '已確認請假時間無重要工作，准予請假。', '2024-12-09 02:00:00', NULL, NULL),
(222, 2, '2025-03-14 13:00:00', '2025-03-16 05:00:00', 40, '感冒發燒', 225, '已核准', '2025-03-08 13:00:00', 26, '已安排人力支援，同意請假。', '2025-03-09 01:00:00', '/uploads/leave/222_2_30.pdf', '請假證明_2_30.pdf'),
(222, 2, '2025-03-21 09:00:00', '2025-03-21 17:00:00', 8, '身體不舒服需要休息', 226, '已核准', '2025-03-17 09:00:00', 26, '已確認請假時間無重要工作，准予請假。', '2025-03-17 20:00:00', '/uploads/leave/222_2_22.pdf', '請假證明_2_22.pdf'),
(245, 2, '2025-03-14 08:00:00', '2025-03-15 16:00:00', 32, '就醫看診', 250, '已核准', '2025-03-13 08:00:00', 29, '已確認請假時間無重要工作，准予請假。', '2025-03-14 14:00:00', NULL, NULL),
(245, 3, '2024-12-20 09:00:00', '2024-12-20 17:00:00', 8, '參加親友婚禮', 242, '已核准', '2024-12-11 09:00:00', 29, '已安排人力支援，同意請假。', '2024-12-11 22:00:00', NULL, NULL),
(245, 3, '2025-02-28 08:00:00', '2025-02-28 16:00:00', 8, '參加親友婚禮', 244, '已核准', '2025-02-22 08:00:00', 29, '已確認請假時間無重要工作，准予請假。', '2025-02-24 00:00:00', NULL, NULL),
(121, 3, '2025-02-21 08:00:00', '2025-02-22 16:00:00', 32, '參加親友婚禮', 118, '已核准', '2025-02-08 08:00:00', 11, '已安排人力支援，同意請假。', '2025-02-09 08:00:00', '/uploads/leave/121_3_49.pdf', '請假證明_3_49.pdf'),
(177, 2, '2025-04-11 09:00:00', '2025-04-11 17:00:00', 8, '感冒發燒', 178, '已核准', '2025-04-06 09:00:00', 18, '符合請假規定，准予請假。', '2025-04-06 17:00:00', '/uploads/leave/177_2_2.pdf', '請假證明_2_2.pdf'),
(152, 2, '2025-03-14 08:00:00', '2025-03-16 00:00:00', 40, '感冒發燒', 148, '已核准', '2025-03-11 08:00:00', 15, '符合請假規定，准予請假。', '2025-03-11 12:00:00', NULL, NULL),
(152, 2, '2025-03-31 09:00:00', '2025-04-01 09:00:00', 24, '牙科治療', 154, '已核准', '2025-03-19 09:00:00', 15, '符合請假規定，准予請假。', '2025-03-20 11:00:00', NULL, NULL),
(152, 1, '2025-04-04 08:00:00', '2025-04-04 16:00:00', 8, '家庭活動', 151, '已核准', '2025-03-28 08:00:00', 15, '已安排人力支援，同意請假。', '2025-03-29 06:00:00', NULL, NULL),
(310, 1, '2025-03-21 09:00:00', '2025-03-23 01:00:00', 40, '休假規劃', 307, '已核准', '2025-03-14 09:00:00', 39, '已確認請假時間無重要工作，准予請假。', '2025-03-14 21:00:00', NULL, NULL),
(310, 1, '2024-12-05 09:00:00', '2024-12-05 17:00:00', 8, '旅遊計畫', 307, '已核准', '2024-12-01 09:00:00', 39, '已確認請假時間無重要工作，准予請假。', '2024-12-01 17:00:00', NULL, NULL),
(310, 3, '2025-01-13 09:00:00', '2025-01-15 01:00:00', 40, '處理私人事務', 308, '已核准', '2025-01-01 09:00:00', 39, '符合請假規定，准予請假。', '2025-01-01 19:00:00', NULL, NULL),
(247, 1, '2025-01-08 08:00:00', '2025-01-10 00:00:00', 40, '旅遊計畫', 244, '已核准', '2024-12-31 08:00:00', 29, '已確認請假時間無重要工作，准予請假。', '2025-01-01 10:00:00', '/uploads/leave/247_1_95.pdf', '請假證明_1_95.pdf'),
(247, 3, '2025-04-04 13:00:00', '2025-04-05 05:00:00', 16, '個人事務處理', 241, '已核准', '2025-03-21 13:00:00', 29, '已確認請假時間無重要工作，准予請假。', '2025-03-22 10:00:00', NULL, NULL),
(247, 2, '2024-10-25 08:00:00', '2024-10-26 00:00:00', 16, '感冒發燒', 29, '已核准', '2024-10-19 08:00:00', 29, '符合請假規定，准予請假。', '2024-10-20 13:00:00', NULL, NULL);